"proxy_wallet","rarest_archetype","event_slug","edge","yield","gravity","entry_bracket","volume"
"0x000d257d2dc7616feaef4ae0f14600fdf50a758e","EQUILIBRIUM","will-the-iranian-regime-fall-by-march-31","P90","P90","P99","[0.60 - 0.80]","63229537.941050"
"0x00425c692a667981118f679ef68fdc775257321e","GRAVITON","which-company-has-the-best-ai-model-end-of-february","P70","BASE","P99","[0.60 - 0.80]","22455001.857654"
"0x006cc834cc092684f1b56626e23bedb3835c16ea","GRAVITON","will-crude-oil-cl-hit-by-end-of-march","P50","P70","P99","[0.80 - 0.97]","84160555.120290"
"0x0070b32fbd894ad5447c6629d2c64b9b02410414","EQUILIBRIUM","what-price-will-bitcoin-hit-in-march-2026","P90","P90","P99","[0.60 - 0.80]","99554303.753586"
"0x008bf350637ce1ea308b3622a0d44116f9f3b476","GRAVITON","presidential-election-winner-2024","P90","BASE","P90","[0.40 - 0.60]","3686335059.295466"
"0x0097af953cf4441427142b5da7ac20ab69044a1d","EQUILIBRIUM","f1-drivers-champion","P70","P70","P90","[0.60 - 0.80]","159090251.150985"
"0x00e2d8f88b39d9b430c136c679369f41101cd56a","GRAVITON","nba-eastern-conference-champion","P70","BASE","P90","[0.80 - 0.97]","287395629.769278"
"0x00ffb912f1bf01c0123869ddb92d4b6a6ad3f7ad","VECTOR","nba-eastern-conference-champion","P90","P90","P90","[0.40 - 0.60]","287395629.769278"
"0x01014aa3d957f1cdc6744aebe0cb1618835627c8","OPERATOR","fed-decision-in-december","P70","P70","BASE","[0.80 - 0.97]","393905949.377453"
"0x0108b937a5dc5981d6d90ba70a49109e949d0d26","VECTOR","us-x-venezuela-military-engagement-by","P90","P90","P90","[0.40 - 0.60]","87408771.528641"
"0x011f2d377e56119fb09196dffb0948ae55711122","EQUILIBRIUM","nba-champion-2024-2025","P90","P90","P99","[0.80 - 0.97]","1712132663.961605"
"0x012267b4a71f2df482223870e94c293d7c66d4ef","GRAVITON","presidential-election-winner-2024","BASE","BASE","P99","[0.60 - 0.80]","3686335059.295466"
"0x014498fe4a8bf8316c00c9ff6b373c7512cf9db9","GRAVITON","presidential-election-winner-2024","BASE","P50","P99","[0.60 - 0.80]","3686335059.295466"
"0x01542a212c9696da5b409cae879143b8966115a8","EQUILIBRIUM","what-price-will-bitcoin-hit-in-2025","P70","P70","P99","[0.80 - 0.97]","188753254.123653"
"0x0172e87fa93125e9ebd3d657ed6ce62cc85884a4","EQUILIBRIUM","lighter-market-cap-fdv-one-day-after-launch","P70","P70","P99","[0.60 - 0.80]","106735062.224516"
"0x0224bb9eb0a5c9fd261ac9123a72cbdd5748292a","EQUILIBRIUM","which-company-has-the-best-ai-model-end-of-february","P70","P70","P99","[0.60 - 0.80]","22455001.857654"
"0x02589477c65d85d614f998a2284e6f6c87f8e791","EQUILIBRIUM","presidential-election-winner-2024","P70","P70","P99","[0.40 - 0.60]","3686335059.295466"
"0x026985b67ade7ba199698b9d7d0451a22214cb2d","GRAVITON","superbowl-champion-2025","P50","P70","P99","[0.40 - 0.60]","1152274393.340837"
"0x02d2b4fb6e7b8176fe70a103304ae4cdeb8cff27","GRAVITON","presidential-election-winner-2024","P50","P50","P99","[0.40 - 0.60]","3686335059.295466"
"0x02e7f29f3e612a95a9ccca7131ce7dd5d56b59e5","EXTRACTOR","iran-x-israelus-conflict-ends-by","BASE","BASE","P99","[0.97 - 1.00]","100611326.572539"
"0x030a01fff8762c0747b6dbc589b28ee6cea8acfc","EQUILIBRIUM","fed-interest-rates-november-2024","P90","P90","P90","[0.60 - 0.80]","189537155.167586"
"0x033a07b3de5947eab4306676ad74eb546da30d50","GRAVITON","presidential-election-winner-2024","P50","P70","P99","[0.40 - 0.60]","3686335059.295466"
"0x033dc6e3e3e0a3ae55402576990392ae910aaf05","EQUILIBRIUM","fed-decision-in-july","P90","P90","P90","[0.80 - 0.97]","136613627.403447"
"0x033f0346c007323030eb420305ffede19a95618e","GRAVITON","the-masters-winner-2026","BASE","BASE","P99","[0.80 - 0.97]","126018047.396663"
"0x03626d34381b0337387b0e8464c898f772009661","EXTRACTOR","nfl-mvp-1","P50","P50","P99","[0.97 - 1.00]","182452890.884702"
"0x036e3e41ee423583e62e2266a749de4fbdc39276","VECTOR","f1-drivers-champion","P90","P90","P90","[0.40 - 0.60]","159090251.150985"
"0x03af061de956e95386184d19685f640477fd619f","GRAVITON","presidential-election-winner-2024","P50","P70","P99","[0.40 - 0.60]","3686335059.295466"
"0x03e8a544e97eeff5753bc1e90d46e5ef22af1697","GRAVITON","winter-games-2026-ice-hockey-gold-medal-winner","BASE","BASE","P99","[0.60 - 0.80]","19541942.551562"
"0x040f9c05080c9224e2c9127f2fc3dc5f194a807e","SUBSTRATE","next-president-of-south-korea","BASE","BASE","P50","[0.97 - 1.00]","290745774.792026"
"0x04283f2fef49d70d8c55ab240450d17a65bf85b1","EQUILIBRIUM","what-price-will-bitcoin-hit-in-march-2026","P90","P90","P99","[0.60 - 0.80]","99554303.753586"
"0x0435c4f3f81821697377c3e51445a5af8d217ffc","EQUILIBRIUM","presidential-election-winner-2024","P70","P70","P99","[0.40 - 0.60]","3686335059.295466"
"0x0441a78d2fbc0b55b1d0141a7aa6054d724ab3aa","PASSENGER","fed-decision-in-july","BASE","BASE","P90","[0.97 - 1.00]","136613627.403447"
"0x04a39d068f4301195c25dcb4c1fe5a4f08a65213","EQUILIBRIUM","2026-ncaa-tournament-winner","P70","P70","P90","[0.60 - 0.80]","27378307.673206"
"0x04b954ec5d65e0a855d31b5e695083f3c4ad79e0","VECTOR","what-price-will-bitcoin-hit-in-february-2026","P90","P90","P90","[0.40 - 0.60]","121274308.347870"
"0x04bd900b9ef8a809e39b10a6207950a3f65a39a0","PASSENGER","us-x-venezuela-military-engagement-by","BASE","P50","P90","[0.97 - 1.00]","87408771.528641"
"0x04d7c77a54dd1e75383e6cc0ca81814be8b6b035","ANOMALY","eurovision-winner-2025","P90","P90","P90","[0.20 - 0.40]","105911052.705064"
"0x04fcc9402174209e8859070407059693011eb9b1","EXTRACTOR","what-price-will-bitcoin-hit-in-january-2026","P50","P50","P99","[0.97 - 1.00]","107746434.084592"
"0x051b16ffac0f10a8df96b93cc03facce011ea5e5","GRAVITON","presidential-election-winner-2024","BASE","P50","P99","[0.60 - 0.80]","3686335059.295466"
"0x051d5b6187d0626193923866017abb2d31f07679","EQUILIBRIUM","ireland-presidential-election","P70","P70","P70","[0.80 - 0.97]","152026239.339043"
"0x0540f430df85c770e0a4fb79d8499d71ebc298eb","EQUILIBRIUM","fed-decision-in-december","P70","P70","P70","[0.60 - 0.80]","393905949.377453"
"0x054ec2f0ccfdae941886a3ed306635068c716639","EQUILIBRIUM","which-crypto-company-will-zachxbt-expose-for-insider-trading","P70","P70","P99","[0.60 - 0.80]","39650755.318580"
"0x0562c423912e325f83fa79df55085979e1f5594f","EQUILIBRIUM","electoral-college-margin-of-victory-in-the-2024-presidential-election","P70","P70","P90","[0.20 - 0.40]","116208770.606470"
"0x05ab749a8554fb7c852238c271d384bae6798145","GRAVITON","fed-interest-rates-november-2024","P50","BASE","P90","[0.80 - 0.97]","189537155.167586"
"0x05b6fb6a698bcc1ebbc93abc64c472fa100f4b4f","EQUILIBRIUM","fed-decision-in-december","P70","P70","P99","[0.80 - 0.97]","393905949.377453"
"0x05e26c775ecfe91b897d47f134c1bf5900ca6e12","EQUILIBRIUM","will-the-iranian-regime-fall-by-march-31","P90","P90","P99","[0.60 - 0.80]","63229537.941050"
"0x05ff6e0a5596c0e65f91d7a48d66fbe278e66e4f","SUBSTRATE","nba-eastern-conference-champion","P50","BASE","P50","[0.97 - 1.00]","287395629.769278"
"0x063aeee10fbfd55b6def10da28e87a601e7deb4b","ANOMALY","nfl-mvp-1","P70","P70","P70","[0.40 - 0.60]","182452890.884702"
"0x063bb5fcc55188f49704a5ffbefca037dc800711","VECTOR","pennsylvania-margin-of-victory","P90","P90","P70","[0.40 - 0.60]","192916820.428426"
"0x066d64fa7b2e352b9000a51c6b56f53128cce6e6","PASSENGER","fed-decision-in-september","BASE","BASE","P70","[0.97 - 1.00]","220591460.745363"
"0x067f7f6e3d5363f1cf962499d1be2ca6de8be041","INSIDER","super-bowl-champion-2026-731","P99","P99","P90","[0.00 - 0.20]","704096822.722044"
"0x06c0d07d5b59b25316bf1e6007aca6ad8f20bc23","GRAVITON","new-york-city-mayoral-election","P50","P50","P99","[0.80 - 0.97]","429614415.023426"
"0x06dcaa14f57d8a0573f5dc5940565e6de667af59","ANOMALY","eurovision-winner-2025","P90","P90","P90","[0.20 - 0.40]","105911052.705064"
"0x06e8cb40376ff9f06d926e71a0740821f1914675","EQUILIBRIUM","fed-decision-in-september","P70","P70","P90","[0.60 - 0.80]","220591460.745363"
"0x06ecb7e739f5455922ce57e83284f132c7f0f845","EXTRACTOR","premier-league-winner-24-25","BASE","BASE","P99","[0.97 - 1.00]","808665619.121059"
"0x07046535ff9a910d7343a2c319a3e62234621858","SIGNAL","fed-decision-in-september","P99","P99","P99","[0.20 - 0.40]","220591460.745363"
"0x073a8e7d5668f5d8986749cc68d6f852fae28fd7","EQUILIBRIUM","presidential-election-winner-2024","P70","P90","P99","[0.40 - 0.60]","3686335059.295466"
"0x0767aa79d578aead1c849fd9f0fdc6cdb50336b0","EQUILIBRIUM","2026-ncaa-tournament-winner","P70","P70","P90","[0.60 - 0.80]","27378307.673206"
"0x07ca072cb89bc5ffddef8f5f9cfd6d81630ba694","EQUILIBRIUM","what-price-will-bitcoin-hit-in-january-2026","P90","P90","P99","[0.80 - 0.97]","107746434.084592"
"0x07e78f5f58f8fa839f298cfe3fefd258883aa343","INSIDER","super-bowl-champion-2026-731","P99","P99","P90","[0.00 - 0.20]","704096822.722044"
"0x0833b22c24995343357f32378cffcf0081977191","EQUILIBRIUM","premier-league-winner-24-25","P90","P90","P70","[0.80 - 0.97]","808665619.121059"
"0x083c9431a63488e5b2ac93449b1c18e9fd023f02","GRAVITON","fed-decision-in-december","P70","BASE","P90","[0.80 - 0.97]","393905949.377453"
"0x083d1ffdbdff648a4d8823c7f3b895e291941162","EQUILIBRIUM","presidential-election-winner-2024","P70","P90","P90","[0.40 - 0.60]","3686335059.295466"
"0x08458f7e9d2858027de579e4c3ca305475496b6f","EQUILIBRIUM","what-price-will-bitcoin-hit-in-march-2026","P90","P90","P90","[0.80 - 0.97]","99554303.753586"
"0x088ffbbc6f2c0b3839d2832e75f37e1bcecbc9e7","GRAVITON","fed-decision-in-september","P50","P50","P99","[0.80 - 0.97]","220591460.745363"
"0x08c897e4780c299061fe683120e5bb18cf931da2","VECTOR","fed-decision-in-december","P90","P90","P90","[0.40 - 0.60]","393905949.377453"
"0x08ce2678c929934de9edea698a998aea9dbc295e","GRAVITON","fed-decision-in-october","P50","P90","P99","[0.80 - 0.97]","252485550.016563"
"0x090a0d3fc9d68d3e16db70e3460e3e4b510801b4","VECTOR","nba-champion-2024-2025","P90","P90","P99","[0.40 - 0.60]","1712132663.961605"
"0x094e3e7c5486ca7f5efd45de09857b873c70f10b","INSIDER","portugal-presidential-election","P99","P99","BASE","[0.00 - 0.20]","136469386.189704"
"0x098eddabb2d388f31e79aaf525e49588f22a6fa2","SIGNAL","lighter-market-cap-fdv-one-day-after-launch","P99","P99","P70","[0.20 - 0.40]","106735062.224516"
"0x09abc5845c024a4f9a3abff29d95057e6b20e832","VECTOR","presidential-election-winner-2024","P99","P90","P99","[0.40 - 0.60]","3686335059.295466"
"0x0a6d26d31b28fd5a84c301f8b27296612f3b1d0a","EQUILIBRIUM","what-price-will-bitcoin-hit-in-january-2026","P90","P90","P99","[0.60 - 0.80]","107746434.084592"
"0x0a952634a357e2fdaaf2a251eebb0f0177476a76","GRAVITON","poland-presidential-election","P50","P50","P99","[0.80 - 0.97]","128972884.206035"
"0x0aada11f3c5a78aa568f1053ceaf6f08d702db06","SIGNAL","eurovision-winner-2025","P90","P90","P70","[0.20 - 0.40]","105911052.705064"
"0x0aae5c4ec45339a64a1dd2fe4ba98c2a19eb251c","EQUILIBRIUM","fed-decision-in-january","P70","P70","P99","[0.80 - 0.97]","659499548.531115"
"0x0ababd7750cce137dae84471b7ade3b19c87eea1","GRAVITON","presidential-election-winner-2024","BASE","BASE","P99","[0.60 - 0.80]","3686335059.295466"
"0x0ad7f1a66e6b6df6f5ea21852e0ff5d3ad878ad2","GRAVITON","khamenei-out-as-supreme-leader-of-iran-by-february-28","P50","P50","P90","[0.60 - 0.80]","131114970.827221"
"0x0af037c59ede5b3b2a6625f23923057d8296d425","EXTRACTOR","what-price-will-bitcoin-hit-in-march-2026","P70","P90","P99","[0.97 - 1.00]","99554303.753586"
"0x0b219cf3d297991b58361dbebdbaa91e56b8deb6","EQUILIBRIUM","will-the-iranian-regime-fall-by-march-31","P90","P70","P90","[0.60 - 0.80]","63229537.941050"
"0x0b9cae2b0dfe7a71c413e0604eaac1c352f87e44","SIGNAL","super-bowl-champion-2026-731","P90","P90","P99","[0.20 - 0.40]","704096822.722044"
"0x0bb7c8e8758e98e5a735c841114256fd71062ec3","EQUILIBRIUM","romania-presidential-election-winner","P70","P70","P99","[0.20 - 0.40]","234266874.453681"
"0x0c0e270cf879583d6a0142fc817e05b768d0434e","EQUILIBRIUM","fed-decision-in-july","P99","P99","P99","[0.60 - 0.80]","136613627.403447"
"0x0c101db716b0d39f7b7431e7f5edbc3cc9adf96a","EQUILIBRIUM","which-crypto-company-will-zachxbt-expose-for-insider-trading","P70","P70","P99","[0.60 - 0.80]","39650755.318580"
"0x0c6bfa23fdb29ad5339c8fa39e411547aaa409b6","GRAVITON","presidential-election-winner-2024","P50","P70","P99","[0.40 - 0.60]","3686335059.295466"
"0x0c8bc7db08d5fa2ceedb919c6a2d6ab60b7823de","SIGNAL","khamenei-out-as-supreme-leader-of-iran-by-march-31","P90","P90","P90","[0.00 - 0.20]","63238697.721704"
"0x0cb10c40b0776e9ee8cef970af85724654dda76c","EXTRACTOR","will-zelenskyy-wear-a-suit-before-july","BASE","BASE","P70","[0.97 - 1.00]","242231180.272023"
"0x0ddfd4f85fe7a11d67b9d692e719d2891270ab10","EQUILIBRIUM","2026-ncaa-tournament-winner","P90","P70","P90","[0.20 - 0.40]","27378307.673206"
"0x0e5bd76779e74304d08e759072abf126d87da593","EXTRACTOR","fed-decision-in-january","BASE","P90","P99","[0.97 - 1.00]","659499548.531115"
"0x0e8d61f16a2373931ffbfc2993f046e33286dfcc","EQUILIBRIUM","highest-grossing-movie-in-2024","P90","P90","P99","[0.80 - 0.97]","117998294.611533"
"0x0e9b9cb7ee710b57fbcbefdcb518a3a986a16e75","EQUILIBRIUM","pennsylvania-margin-of-victory","P70","P70","P99","[0.80 - 0.97]","192916820.428426"
"0x0f1b8f81fdcb47b6c3292b8dbf6c2c16b3c4d367","EXTRACTOR","will-zelenskyy-wear-a-suit-before-july","BASE","BASE","P90","[0.97 - 1.00]","242231180.272023"
"0x0f37cb80dee49d55b5f6d9e595d52591d6371410","EXTRACTOR","super-bowl-champion-2026-731","BASE","BASE","P99","[0.97 - 1.00]","704096822.722044"
"0x0f863d92dd2b960e3eb6a23a35fd92a91981404e","VECTOR","next-prime-minster-of-canada","P90","P90","P70","[0.40 - 0.60]","120985208.028161"
"0x0f9bf99cb7f86d70704edab6c7a234bc09bf7829","EQUILIBRIUM","fed-decision-in-july","P90","P70","P90","[0.80 - 0.97]","136613627.403447"
"0x0fe40e887acbd0022f89d996acce26ab428501b7","EQUILIBRIUM","what-price-will-bitcoin-hit-in-february-2026","P90","P90","P99","[0.60 - 0.80]","121274308.347870"
"0x0ffcad4963e25dc150774363f4061ebe840c8236","EQUILIBRIUM","fed-interest-rates-january-2025","P90","P90","P90","[0.80 - 0.97]","190915049.199301"
"0x1057e7d3ddafc60a4aeb10a2bc5b543792449ea5","EQUILIBRIUM","new-york-city-mayoral-election","P70","P70","P99","[0.80 - 0.97]","429614415.023426"
"0x10e1ae1bb2a3a495ab471c36068ad54b900ec51f","EQUILIBRIUM","presidential-election-winner-2024","P70","P90","P99","[0.40 - 0.60]","3686335059.295466"
"0x10e420926d84ddbb9042a573323d6a745d98b019","GRAVITON","iran-x-israelus-conflict-ends-by","P50","P70","P90","[0.60 - 0.80]","100611326.572539"
"0x10fbc3d2421e002f269089d15be6a56ce6ffc66c","INSIDER","nba-champion-2024-2025","P99","P99","P90","[0.00 - 0.20]","1712132663.961605"
"0x122cdd9db64fd8dc3ebab813218e3effe21f821f","EXTRACTOR","will-the-iranian-regime-fall-by-march-31","BASE","P50","P99","[0.97 - 1.00]","63229537.941050"
"0x124f7b74916d41460dc3dfefa0e5ef4b14783661","EQUILIBRIUM","us-x-venezuela-military-engagement-by","P70","P90","P99","[0.60 - 0.80]","87408771.528641"
"0x125441fb96f0a849166417b371c3bcdea1fea764","SUBSTRATE","fed-interest-rates-january-2025","BASE","BASE","P50","[0.97 - 1.00]","190915049.199301"
"0x1281d24ee91406bdc71fc94a2a89b464fe378d51","EQUILIBRIUM","fed-decision-in-september","P70","P70","P99","[0.80 - 0.97]","220591460.745363"
"0x128a251f2300694ae6ea9d77e076ea8ea4e097c2","EQUILIBRIUM","presidential-election-winner-2024","P70","P90","P99","[0.40 - 0.60]","3686335059.295466"
"0x12d6cccfc7470a3f4bafc53599a4779cbf2cf2a8","INSIDER","next-president-of-south-korea","P99","P99","P90","[0.00 - 0.20]","290745774.792026"
"0x133ba4d001ae339bfb08631eead95c5dabe92f22","EQUILIBRIUM","premier-league-winner-24-25","P90","P90","P90","[0.80 - 0.97]","808665619.121059"
"0x13414a77a4be48988851c73dfd824d0168e70853","ANOMALY","2026-ncaa-tournament-winner","P50","P50","P50","[0.60 - 0.80]","27378307.673206"
"0x134a63b764ac7b008356e8db1857db94e6b09e42","GRAVITON","poland-presidential-election","P50","P50","P99","[0.80 - 0.97]","128972884.206035"
"0x1355fbfd5f3c3d8da9d8227964fc185f63686591","SIGNAL","elon-musk-of-tweets-february-3-february-10","P90","P90","P90","[0.00 - 0.20]","30207146.519795"
"0x14333d20e95f39472970d2feff6c9c4c16fd56a0","GRAVITON","khamenei-out-as-supreme-leader-of-iran-by-march-31","P50","P50","P90","[0.60 - 0.80]","63238697.721704"
"0x1461cc6e1a05e20710c416307db62c28f1d122d8","EQUILIBRIUM","what-price-will-solana-hit-in-february-2026","P90","P90","P99","[0.80 - 0.97]","14604192.801218"
"0x1489046ca0f9980fc2d9a950d103d3bec02c1307","GRAVITON","germany-parliamentary-election","P50","P50","P90","[0.80 - 0.97]","134617984.549357"
"0x14964aefa2cd7caff7878b3820a690a03c5aa429","GRAVITON","super-bowl-champion-2026-731","P50","P50","P99","[0.80 - 0.97]","704096822.722044"
"0x14a1147ae7d206b835c1ee8f901e4e2eec111149","EXTRACTOR","what-price-will-bitcoin-hit-in-2025","P50","P70","P99","[0.97 - 1.00]","188753254.123653"
"0x14ae1d1679fc048eaafadea39646755d528a0459","GRAVITON","f1-drivers-champion","P50","P70","P99","[0.60 - 0.80]","159090251.150985"
"0x14c32680ffc318892e0d019181e4161aa34cdf68","EXTRACTOR","what-price-will-bitcoin-hit-in-2025","P50","P70","P99","[0.97 - 1.00]","188753254.123653"
"0x14e3abe2054dfa9a726077841b74dcb4c11cce1f","EQUILIBRIUM","nba-champion-2024-2025","P90","P90","P99","[0.60 - 0.80]","1712132663.961605"
"0x1521b47bf0c41f6b7fd3ad41cdec566812c8f23e","GRAVITON","fed-decision-in-december","P50","BASE","P99","[0.80 - 0.97]","393905949.377453"
"0x153a9196135ee9ac4c202d1d25c558862bc19d6d","EQUILIBRIUM","what-price-will-bitcoin-hit-in-february-2026","P70","P70","P90","[0.80 - 0.97]","121274308.347870"
"0x154cf6bf7cf892f97b1870260b46f44c4329ce5e","GRAVITON","new-york-city-mayoral-election","BASE","P50","P90","[0.80 - 0.97]","429614415.023426"
"0x15692550650de5817af4202681a4e38dcf34bf0c","GRAVITON","presidential-election-winner-2024","P70","BASE","P99","[0.40 - 0.60]","3686335059.295466"
"0x1584cb3b5a84944bd0db072c43d67189397071b6","INSIDER","romania-bucharest-mayoral-election","P99","P99","P70","[0.00 - 0.20]","134249665.397437"
"0x15960581ec91592c8090c59f4f6d4de12c8c3c02","OPERATOR","what-price-will-bitcoin-hit-in-february-2026","P70","P70","BASE","[0.80 - 0.97]","121274308.347870"
"0x15a681d447124c90dbd85be526af18ca1611bf5d","EQUILIBRIUM","the-masters-winner-2026","P70","P70","P90","[0.40 - 0.60]","126018047.396663"
"0x15ae79d7cd60b2a7f06ae46eb4c7a0eb16096ffd","EXTRACTOR","will-zelenskyy-wear-a-suit-before-july","BASE","BASE","P90","[0.97 - 1.00]","242231180.272023"
"0x15e06a47d9c665bda1703ff965ea76f8e56e8d86","VECTOR","nba-champion-2024-2025","P90","P90","P99","[0.40 - 0.60]","1712132663.961605"
"0x1605938580047af71a6fd243957af068fe40956f","ANOMALY","romania-presidential-election-winner","P90","P90","P90","[0.20 - 0.40]","234266874.453681"
"0x160db9bb5bf012f21251a74737093bcdc36f5295","EQUILIBRIUM","nba-champion-2024-2025","P90","P90","P99","[0.80 - 0.97]","1712132663.961605"
"0x162f6fff88a52864f2ecc9833e58089d5254798d","EQUILIBRIUM","what-price-will-bitcoin-hit-in-february-2026","P90","P90","P90","[0.60 - 0.80]","121274308.347870"
"0x1638095947833f43a732e0da2ca9c3548887339b","SIGNAL","nba-champion-2024-2025","P99","P90","P99","[0.00 - 0.20]","1712132663.961605"
"0x16bd7cc71f6da1e77d1d8255677abc75b9bae288","ANOMALY","highest-grossing-movie-in-2025","P90","P90","P90","[0.20 - 0.40]","124618231.928837"
"0x16cbe223607a6513ae76d1e3751c78e4eabc2704","EQUILIBRIUM","champions-league-winner-2025","P70","P70","P99","[0.60 - 0.80]","1001676674.300988"
"0x16f91db2592924cfed6e03b7e5cb5bb1e32299e3","GRAVITON","presidential-election-popular-vote-winner-2024","P50","P50","P99","[0.20 - 0.40]","628163458.451128"
"0x1776361dcbc5ee4c568bf81c2cd7cc55d6c801dd","GRAVITON","presidential-election-winner-2024","P50","P70","P99","[0.40 - 0.60]","3686335059.295466"
"0x17ce7c9a7f768bfa98946caf7d64c9e051f5beec","EQUILIBRIUM","new-york-city-mayoral-election","P90","P90","P99","[0.60 - 0.80]","429614415.023426"
"0x17db3fcd93ba12d38382a0cade24b200185c5f6d","GRAVITON","new-york-city-mayoral-election","P50","P50","P99","[0.80 - 0.97]","429614415.023426"
"0x17e0e9f06b4fdbee923598577af4d7fe69cc80ae","EQUILIBRIUM","f1-drivers-champion","P70","P70","P70","[0.60 - 0.80]","159090251.150985"
"0x17e5540bc696fd3e8b7da9101a93e4835c783d19","SIGNAL","fed-decision-in-january","P99","P99","P90","[0.20 - 0.40]","659499548.531115"
"0x17ed7dbfdcfe228016ac50571182f974d59ac087","EQUILIBRIUM","fed-decision-in-july","P90","P99","P90","[0.60 - 0.80]","136613627.403447"
"0x18670d5a83b7b38d509398067c095d4c321992ca","VECTOR","superbowl-champion-2025","P90","P90","P70","[0.40 - 0.60]","1152274393.340837"
"0x188cf0eeba6585ceb612457a89383b17739cc62b","VECTOR","presidential-election-winner-2024","P90","P90","P90","[0.40 - 0.60]","3686335059.295466"
"0x18b9ff13d2564889685f268871b317e27b1e7d2f","GRAVITON","presidential-election-winner-2024","BASE","BASE","P99","[0.80 - 0.97]","3686335059.295466"
"0x1986a3e555dd2a334c33c34b0168170cff54ef06","EQUILIBRIUM","fed-decision-in-january","P70","P70","P99","[0.80 - 0.97]","659499548.531115"
"0x19b3823092892c026517fd0ff58df4889abe0b9b","EQUILIBRIUM","highest-grossing-movie-in-2025","P90","P90","P70","[0.60 - 0.80]","124618231.928837"
"0x1a29b75d4bfb5d62b343e4abdd10b60c0ce19b2e","EQUILIBRIUM","will-crude-oil-cl-hit-by-end-of-march","P90","P70","P99","[0.40 - 0.60]","84160555.120290"
"0x1a475c96573121a913ae61cbc57005c6c0e4846f","OPERATOR","khamenei-out-as-supreme-leader-of-iran-by-february-28","P70","P50","P70","[0.20 - 0.40]","131114970.827221"
"0x1abeb44ac776ffa55e320cbf5e9f578500fe8a07","GRAVITON","presidential-election-winner-2024","BASE","BASE","P90","[0.80 - 0.97]","3686335059.295466"
"0x1aeebd7b0eb92037a630004f8eabc0759c36c139","EQUILIBRIUM","champions-league-winner-2025","P70","P70","P99","[0.40 - 0.60]","1001676674.300988"
"0x1b1eb91359604ecd73bb0d77d7c5b113d9d2b7a5","PASSENGER","what-price-will-bitcoin-hit-in-february-2026","BASE","BASE","P90","[0.97 - 1.00]","121274308.347870"
"0x1b9035fd24c043e1be58a11f400db82397d1c4f8","INSIDER","which-company-has-the-best-ai-model-end-of-february","P99","P99","BASE","[0.00 - 0.20]","22455001.857654"
"0x1bc0d88ca86b9049cf05d642e634836d5ddf4429","ANOMALY","winter-games-2026-ice-hockey-gold-medal-winner","P90","P90","P90","[0.20 - 0.40]","19541942.551562"
"0x1bfdf7224c358405a486b5fd8489f13c2adcb5f3","EXTRACTOR","presidential-election-winner-2024","BASE","BASE","P99","[0.97 - 1.00]","3686335059.295466"
"0x1c006ea3d8ef20cca774dc9c8c9a95f54080b587","PASSENGER","what-price-will-bitcoin-hit-in-2025","BASE","BASE","P70","[0.97 - 1.00]","188753254.123653"
"0x1c144e30f405a25f991cbd8baa15d40599090869","EQUILIBRIUM","new-york-city-mayoral-election","P70","P90","P90","[0.80 - 0.97]","429614415.023426"
"0x1c1e841584db14084e10e7dca2ad0ab7b60dbfe7","GRAVITON","fed-decision-in-september","P70","P50","P90","[0.80 - 0.97]","220591460.745363"
"0x1c3cdc2caa24eeb9434100f82ac32c22a26b1b01","EQUILIBRIUM","new-york-city-mayoral-election","P70","P70","P99","[0.80 - 0.97]","429614415.023426"
"0x1c62cd70c36d94d6280b835a3ac414dd5a7a5d44","EQUILIBRIUM","next-president-of-south-korea","P90","P90","P99","[0.60 - 0.80]","290745774.792026"
"0x1c72797cd4b9b83f42e287144e334c4de347dfb6","EQUILIBRIUM","what-price-will-bitcoin-hit-in-january-2026","P90","P90","P99","[0.60 - 0.80]","107746434.084592"
"0x1ca815edff36b725e6c63b20163d553de28ddc6d","PASSENGER","what-price-will-bitcoin-hit-in-2025","BASE","BASE","P70","[0.97 - 1.00]","188753254.123653"
"0x1cba7e44bcfd5acc4513f554ab9e86453d086a4c","ANOMALY","tiktok-banned-in-the-us-before-may-2025","P70","P70","P70","[0.40 - 0.60]","119653357.735965"
"0x1cc16713196d456f86fa9c7387dd326a7f73b8df","EQUILIBRIUM","champions-league-winner-2025","P70","P70","P90","[0.60 - 0.80]","1001676674.300988"
"0x1cd24cc49782240413903b4b7e7694779f917f85","VECTOR","what-price-will-bitcoin-hit-in-january-2026","P90","P90","P99","[0.40 - 0.60]","107746434.084592"
"0x1cdd071bb612de6d66d0c882b676c663697de595","SIGNAL","us-next-strikes-iran-on-843","P90","P90","P50","[0.20 - 0.40]","56607533.530307"
"0x1cfc6f041b5b8dad3c14b867be8482a69d45b8e0","SIGNAL","the-masters-winner-2026","P90","P90","P90","[0.00 - 0.20]","126018047.396663"
"0x1d448f4357ec0a680ec4af0b192e3b98cc93b144","PASSENGER","what-price-will-bitcoin-hit-in-february-2026","BASE","BASE","P70","[0.97 - 1.00]","121274308.347870"
"0x1d854ccc47d157edd117732ba0be216b8876228e","EQUILIBRIUM","what-price-will-bitcoin-hit-in-2025","P70","P90","P90","[0.80 - 0.97]","188753254.123653"
"0x1d8c256b15d3cd1f5db221e70c77f552eb8d757a","EQUILIBRIUM","nba-champion-2024-2025","P90","P90","P90","[0.60 - 0.80]","1712132663.961605"
"0x1d9af60c679cd0b577c3c4ccb4b1a4be4174426d","SIGNAL","which-crypto-company-will-zachxbt-expose-for-insider-trading","P90","P90","P99","[0.00 - 0.20]","39650755.318580"
"0x1dbd30000dd7dd051e8fc803fac38e8246d9af92","INSIDER","nba-eastern-conference-champion","P90","P99","P90","[0.00 - 0.20]","287395629.769278"
"0x1dd197fa8bb4d6887ffecf89b75171aea7d7a156","GRAVITON","iran-x-israelus-conflict-ends-by","P50","BASE","P90","[0.80 - 0.97]","100611326.572539"
"0x1e098a7a17517b8e936517d071f830b13f282a23","SUBSTRATE","fed-decision-in-october","P50","P50","P50","[0.80 - 0.97]","252485550.016563"
"0x1e1aed3928a9617e7c7ae674c4fa7aebbd9d7690","EQUILIBRIUM","elon-musk-of-tweets-february-24-march-3","P70","P90","P90","[0.80 - 0.97]","46476194.322481"
"0x1e1f17412069c0736adfaadf8ee7f46e5612c855","INSIDER","electoral-college-margin-of-victory-in-the-2024-presidential-election","P99","P99","P90","[0.00 - 0.20]","116208770.606470"
"0x1e5642bb6e37c5f395c75c0cb332086c9f350833","SUBSTRATE","what-price-will-bitcoin-hit-in-february-2026","P70","P70","P50","[0.97 - 1.00]","121274308.347870"
"0x1e82e3eb816aaf755ac9b44bc9d98f01b08aaf92","GRAVITON","2026-ncaa-tournament-winner","P50","BASE","P90","[0.80 - 0.97]","27378307.673206"
"0x1f0a343513aa6060488fabe96960e6d1e177f7aa","GRAVITON","romania-presidential-election-winner","BASE","BASE","P99","[0.80 - 0.97]","234266874.453681"
"0x1f2dd6d473f3e824cd2f8a89d9c69fb96f6ad0cf","GRAVITON","presidential-election-winner-2024","P70","P50","P99","[0.40 - 0.60]","3686335059.295466"
"0x1f85e6e3e41e5f1fe03f6cf22a52ae4e352ea51b","ANOMALY","superbowl-champion-2025","P90","P90","P90","[0.20 - 0.40]","1152274393.340837"
"0x1fcf2aead9f142b49ee37996412eddcb27ae48e1","EXTRACTOR","champions-league-winner-2025","BASE","BASE","P99","[0.97 - 1.00]","1001676674.300988"
"0x1fd50e9298ab99e6e427a2a3363bff480657cf04","EQUILIBRIUM","what-price-will-bitcoin-hit-in-2025","P70","P90","P99","[0.80 - 0.97]","188753254.123653"
"0x200544427dfc822652cb55ca5ca9f99476a9e414","EQUILIBRIUM","germany-parliamentary-election","P99","P99","P99","[0.60 - 0.80]","134617984.549357"
"0x2005d16a84ceefa912d4e380cd32e7ff827875ea","EQUILIBRIUM","super-bowl-champion-2026-731","P70","P70","P99","[0.60 - 0.80]","704096822.722044"
"0x20322d5ab3ce70a98ef4c484c62a94147217d577","EQUILIBRIUM","speaker-of-the-house-for-the-119th-congress","P90","P99","P90","[0.60 - 0.80]","188408380.572023"
"0x20d6436849f930584892730c7f96ebb2ac763856","GRAVITON","super-bowl-champion-2026-731","P50","P50","P90","[0.80 - 0.97]","704096822.722044"
"0x20f916251d422f5cb9a9dd041c4ce2097b96dad9","EQUILIBRIUM","new-york-city-mayoral-election","P90","P90","P70","[0.80 - 0.97]","429614415.023426"
"0x21378fd64736103b01685aee2b1e5acfdc4f0677","INSIDER","nba-eastern-conference-champion","P90","P99","P70","[0.00 - 0.20]","287395629.769278"
"0x2139ff880571f8223a56544ca433756b8d014b34","EXTRACTOR","fed-interest-rates-january-2025","P50","P50","P99","[0.97 - 1.00]","190915049.199301"
"0x216509be5332c6037105b4f871966eb97240f598","EQUILIBRIUM","nba-eastern-conference-champion","P70","P70","P90","[0.60 - 0.80]","287395629.769278"
"0x21d0c129deb8a7f7e1569045200d20e23862ce91","GRAVITON","will-crude-oil-cl-hit-by-end-of-march","P70","BASE","P90","[0.80 - 0.97]","84160555.120290"
"0x21e900bb48d7747c3d52fb206a45fa8aea34d1a0","SUBSTRATE","champions-league-winner-2025","P50","P50","BASE","[0.97 - 1.00]","1001676674.300988"
"0x220ce36c47fa467152b3bd8d431af74f232243c8","GRAVITON","new-york-city-mayoral-election","BASE","BASE","P90","[0.80 - 0.97]","429614415.023426"
"0x22146a7a238685dbe4feb87661c21469b2675968","ANOMALY","super-bowl-champion-2026-731","P90","P90","P90","[0.20 - 0.40]","704096822.722044"
"0x22271273b28d0d198a8e5ff9e7f9f75d0c24b572","EQUILIBRIUM","next-president-of-south-korea","P70","P70","P90","[0.80 - 0.97]","290745774.792026"
"0x22292decebf2e9146b27fe59404d162447ea6bf8","EQUILIBRIUM","highest-grossing-movie-in-2025","P70","P70","P70","[0.80 - 0.97]","124618231.928837"
"0x226bf1220731af372b1e7d572959414f31b4cad6","ANOMALY","winter-games-2026-ice-hockey-gold-medal-winner","P90","P90","P90","[0.20 - 0.40]","19541942.551562"
"0x22dbd51e1a4e10fff072fa24300238c64033190f","EQUILIBRIUM","fed-decision-in-january","P70","P70","P90","[0.80 - 0.97]","659499548.531115"
"0x22e4248bdb066f65c9f11cd66cdd3719a28eef1c","EQUILIBRIUM","will-the-iranian-regime-fall-by-march-31","P90","P90","P90","[0.60 - 0.80]","63229537.941050"
"0x2326812917a7bfecb485bb768007c910ea31ab0e","SIGNAL","next-president-of-south-korea","P99","P99","P99","[0.20 - 0.40]","290745774.792026"
"0x23786fdad0073692157c6d7dc81f281843a35fcb","EQUILIBRIUM","presidential-election-popular-vote-winner-2024","P70","P70","P99","[0.20 - 0.40]","628163458.451128"
"0x2388943872989848e8dd382889c111532603a93e","GRAVITON","next-prime-minster-of-canada","BASE","BASE","P99","[0.60 - 0.80]","120985208.028161"
"0x23cb796cf58bfa12352f0164f479deedbd50658e","BURNER","fed-decision-in-october","P90","BASE","P90","[0.80 - 0.97]","252485550.016563"
"0x23f21995b500bd070687698640a46115f804a919","GRAVITON","new-york-city-mayoral-election","BASE","BASE","P99","[0.80 - 0.97]","429614415.023426"
"0x241f846866c2de4fb67cdb0ca6b963d85e56ef50","INSIDER","elon-musk-of-tweets-february-3-february-10","P99","P99","BASE","[0.00 - 0.20]","30207146.519795"
"0x243c4768657cb73f87c864fca8a03269ecb42240","GRAVITON","romania-bucharest-mayoral-election","P90","P50","P90","[0.40 - 0.60]","134249665.397437"
"0x24630afca6bb49071660ded7aa0efa7f209ee21b","GRAVITON","presidential-election-winner-2024","P50","P70","P99","[0.40 - 0.60]","3686335059.295466"
"0x24b1e0c01d30b6e02a4de1ee82011a69893248ee","EQUILIBRIUM","fed-decision-in-september","P90","P70","P99","[0.40 - 0.60]","220591460.745363"
"0x24c8cf69a0e0a17eee21f69d29752bfa32e823e1","EQUILIBRIUM","fed-decision-in-january","P90","P90","P99","[0.60 - 0.80]","659499548.531115"
"0x24f8474bafcdd8ccb5689235b81911c09fdbe07a","SUBSTRATE","what-price-will-ethereum-hit-in-february-2026","P70","P70","P50","[0.97 - 1.00]","35823420.667874"
"0x25257a6a89dba93dd0c536b6279365632a4eb919","GRAVITON","us-x-venezuela-military-engagement-by","P90","BASE","P90","[0.40 - 0.60]","87408771.528641"
"0x253da8157571bae06d6cf750eeb1b26830a43307","EQUILIBRIUM","fed-decision-in-july","P99","P99","P99","[0.60 - 0.80]","136613627.403447"
"0x254972df46fd754a6750cb477dae38bcb4d0d0e6","GRAVITON","presidential-election-winner-2024","BASE","BASE","P99","[0.60 - 0.80]","3686335059.295466"
"0x257d131237eabd4d7bc947fa41677f8be3952a87","GRAVITON","presidential-election-winner-2024","BASE","BASE","P99","[0.60 - 0.80]","3686335059.295466"
"0x25867077c891354137bbaf7fde12eec6949cc893","VECTOR","stanley-cup-winner","P90","P90","P99","[0.40 - 0.60]","249254121.669859"
"0x25dcf4635fe93082e0849fbbf81c95680cf5e33b","VECTOR","what-price-will-bitcoin-hit-in-february-2026","P90","P90","P90","[0.40 - 0.60]","121274308.347870"
"0x264cbb7263b0c336c58fb5a5de1773896e6bbaca","GRAVITON","new-york-city-mayoral-election","P50","P50","P90","[0.80 - 0.97]","429614415.023426"
"0x264cffcf483cf3531fd535cc47380cb51acc8250","EXTRACTOR","super-bowl-champion-2026-731","BASE","BASE","P99","[0.97 - 1.00]","704096822.722044"
"0x265fb5e346a3b8d50f7c36b117682b50a5f5a448","BURNER","elon-musk-of-tweets-february-3-february-10","P90","BASE","P90","[0.60 - 0.80]","30207146.519795"
"0x2663daca3cecf3767ca1c3b126002a8578a8ed1f","OPERATOR","will-zelenskyy-wear-a-suit-before-july","P90","BASE","P70","[0.60 - 0.80]","242231180.272023"
"0x2687cb380661a0041bf4c4cf3945a034b79e1363","PASSENGER","what-price-will-bitcoin-hit-in-february-2026","P70","P70","P90","[0.97 - 1.00]","121274308.347870"
"0x274c45994bfa0912cf8bee503190952e6af7da86","EQUILIBRIUM","khamenei-out-as-supreme-leader-of-iran-by-february-28","P70","P70","P90","[0.20 - 0.40]","131114970.827221"
"0x275575bb11522eb29f82fe0a601d7c4dc94b5016","INSIDER","popular-vote-margin-of-victory-in-presidential-election","P90","P99","P90","[0.00 - 0.20]","124038744.446078"
"0x27653cd5aab78f00563f50a03c12504a9b877ee4","EQUILIBRIUM","champions-league-winner-2025","P70","P70","P90","[0.80 - 0.97]","1001676674.300988"
"0x2785e7022dc20757108204b13c08cea8613b70ae","EXTRACTOR","f1-drivers-champion","BASE","BASE","P99","[0.97 - 1.00]","159090251.150985"
"0x279d4e19d5be7bc6d25f3c6777b6802b47afbc0e","EXTRACTOR","highest-grossing-movie-in-2024","BASE","BASE","P99","[0.97 - 1.00]","117998294.611533"
"0x2853240a0f4e9e11a949a5cfa6e0fe953a293482","OPERATOR","us-x-venezuela-military-engagement-by","P70","P50","P70","[0.60 - 0.80]","87408771.528641"
"0x2863ce4d826552cc8b3d0a14e25b781eef2c0e3e","EQUILIBRIUM","superbowl-champion-2025","P70","P70","P90","[0.40 - 0.60]","1152274393.340837"
"0x28d8426a4b21bbc05b028abaae5d542a21463d89","EQUILIBRIUM","highest-grossing-movie-in-2024","P70","P90","P90","[0.80 - 0.97]","117998294.611533"
"0x2974bd0059e48f215c391882976e0f1b4c8c9c23","EQUILIBRIUM","khamenei-out-as-supreme-leader-of-iran-by-february-28","P70","P70","P90","[0.20 - 0.40]","131114970.827221"
"0x29bcaf8c6eadb451e33cf0950a7494679f2a5127","BOT","fed-decision-in-october","BASE","BASE","BASE","[0.97 - 1.00]","252485550.016563"
"0x29d337076f24d135b7b2b08796edfff4e32cb2ed","EQUILIBRIUM","will-crude-oil-cl-hit-by-end-of-march","P70","P70","P90","[0.80 - 0.97]","84160555.120290"
"0x29d683970afb6f722ea1f9d4417c7ee7057cd57f","EQUILIBRIUM","fed-decision-in-january","P70","P70","P99","[0.80 - 0.97]","659499548.531115"
"0x2a019dc0089ea8c6edbbafc8a7cc9ba77b4b6397","EQUILIBRIUM","fed-decision-in-january","P90","P70","P99","[0.80 - 0.97]","659499548.531115"
"0x2a1dfd1a8ba5271839847264559bc19d07cfd02f","OPERATOR","electoral-college-margin-of-victory-in-the-2024-presidential-election","P70","P70","P50","[0.80 - 0.97]","116208770.606470"
"0x2a21da2e20fa5b69381d7d44bd73f879c1aefb6c","GRAVITON","presidential-election-winner-2024","BASE","P50","P99","[0.60 - 0.80]","3686335059.295466"
"0x2a21fec355312b609b9ac97ce4eda3e93ec3d307","GRAVITON","new-york-city-mayoral-election","P50","P50","P99","[0.80 - 0.97]","429614415.023426"
"0x2a2c53bd278c04da9962fcf96490e17f3dfb9bc1","VECTOR","will-crude-oil-cl-hit-by-end-of-march","P90","P90","P90","[0.40 - 0.60]","84160555.120290"
"0x2aac99d0ee5b8d95fbd48e16ce37d90bbd7f1b36","EQUILIBRIUM","fed-decision-in-july","P90","P90","P99","[0.80 - 0.97]","136613627.403447"
"0x2ada299aaaf27c806424ec6dcb0c169d1a9c2f28","EQUILIBRIUM","us-x-venezuela-military-engagement-by","P70","P70","P70","[0.60 - 0.80]","87408771.528641"
"0x2b495e9d1c25794d6b38101ba44884e2ab90d0df","EQUILIBRIUM","pennsylvania-margin-of-victory","P70","P70","P90","[0.80 - 0.97]","192916820.428426"
"0x2bd2574062fb6d8556ddb1050955f43dd9d4c21b","EQUILIBRIUM","electoral-college-margin-of-victory-in-the-2024-presidential-election","P70","P70","P90","[0.20 - 0.40]","116208770.606470"
"0x2bdc0e8bf3b63b57ade2b6a408ebcba4b0a56a42","GRAVITON","presidential-election-winner-2024","P70","BASE","P90","[0.40 - 0.60]","3686335059.295466"
"0x2bf309dd001df4f9b1f90c26432d6ff457a38c3d","EXTRACTOR","next-prime-minster-of-canada","BASE","P70","P90","[0.97 - 1.00]","120985208.028161"
"0x2bf64b86b64c315d879571b07a3b76629e467cd0","GRAVITON","presidential-election-popular-vote-winner-2024","P50","P50","P99","[0.20 - 0.40]","628163458.451128"
"0x2c335066fe58fe9237c3d3dc7b275c2a034a0563","GRAVITON","f1-drivers-champion","BASE","BASE","P99","[0.80 - 0.97]","159090251.150985"
"0x2c3928af89565c352afe8e2a1b25deed77a056dc","EQUILIBRIUM","lighter-market-cap-fdv-one-day-after-launch","P70","P70","P90","[0.60 - 0.80]","106735062.224516"
"0x2c3eab37a5bfeeba3c8017049613d7a405163d75","GRAVITON","presidential-election-winner-2024","BASE","P50","P99","[0.60 - 0.80]","3686335059.295466"
"0x2c41d0ca2b4b2344912eead711f28cd4dcff133e","EQUILIBRIUM","next-prime-minster-of-canada","P70","P70","P90","[0.60 - 0.80]","120985208.028161"
"0x2cc0cd338a2ce6a17f6c398f4a2c671e3885f722","GRAVITON","college-football-champion-2025","P50","P70","P99","[0.60 - 0.80]","114932366.863053"
"0x2cc5404d4e0623395f507ab1c0fd4b250bbe91d7","OPERATOR","next-president-of-south-korea","P90","P90","BASE","[0.60 - 0.80]","290745774.792026"
"0x2cde80346eed526242e266476cfcc65073635b98","EQUILIBRIUM","will-zelenskyy-wear-a-suit-before-july","P70","P70","P70","[0.80 - 0.97]","242231180.272023"
"0x2d27e4d20f3b8a2ee3bc861d9b83752f338676d8","SIGNAL","eurovision-winner-2025","P99","P90","P90","[0.00 - 0.20]","105911052.705064"
"0x2d4bf8f846bf68f43b9157bf30810d334ac6ca7a","ANOMALY","us-next-strikes-iran-on-843","P90","P90","P90","[0.20 - 0.40]","56607533.530307"
"0x2d8b401d2f0e6937afebf18e19e11ca568a5260a","EQUILIBRIUM","will-crude-oil-cl-hit-by-end-of-march","P70","P70","P90","[0.80 - 0.97]","84160555.120290"
"0x2d99e29c4f066ba32098c65e4c7454b277d94ca3","GRAVITON","khamenei-out-as-supreme-leader-of-iran-by-february-28","BASE","P50","P90","[0.80 - 0.97]","131114970.827221"
"0x2da9cdcfc041d3732e0b1d42a2c7b35ac565be13","PASSENGER","what-price-will-bitcoin-hit-in-february-2026","BASE","BASE","P70","[0.97 - 1.00]","121274308.347870"
"0x2e0b70d482e6b389e81dea528be57d825dd48070","SIGNAL","fed-decision-in-september","P99","P99","P90","[0.20 - 0.40]","220591460.745363"
"0x2e3ea056400d81c42e2ce26ef25fda4ec5caabea","INSIDER","super-bowl-champion-2026-731","P99","P99","P90","[0.00 - 0.20]","704096822.722044"
"0x2e4d05beafd81a6e85bc0c6a94820d61ef34f703","EQUILIBRIUM","what-price-will-bitcoin-hit-in-march-2026","P90","P90","P99","[0.80 - 0.97]","99554303.753586"
"0x2e4ead1dd053538976d1b9f61d5abad4793be29d","GRAVITON","us-x-venezuela-military-engagement-by","BASE","BASE","P90","[0.80 - 0.97]","87408771.528641"
"0x2eb5714ff6f20f5f9f7662c556dbef5e1c9bf4d4","EQUILIBRIUM","what-price-will-ethereum-hit-in-february-2026","P90","P90","P99","[0.80 - 0.97]","35823420.667874"
"0x2ef0e278354a971b4cacb02089e43526dea762fd","EQUILIBRIUM","2026-ncaa-tournament-winner","P70","P70","P90","[0.60 - 0.80]","27378307.673206"
"0x2f633efb75256a2f2445110c8978684ab8936643","SUBSTRATE","fed-interest-rates-january-2025","P70","P70","BASE","[0.97 - 1.00]","190915049.199301"
"0x2f84cf93a42d154d737614d13999b6486957800b","SUBSTRATE","which-crypto-company-will-zachxbt-expose-for-insider-trading","P50","P50","BASE","[0.60 - 0.80]","39650755.318580"
"0x2fb0f88ef5ba40e799b996e6f07b590d92b4abf8","ANOMALY","fed-interest-rates-november-2024","P99","P99","P99","[0.00 - 0.20]","189537155.167586"
"0x3078755a25620dfa7684f9a8b9513017d4473e11","GRAVITON","superbowl-champion-2025","BASE","P50","P99","[0.80 - 0.97]","1152274393.340837"
"0x30ceffb3ac4ea49881e271d5a69883b60e0dfdce","GRAVITON","winter-games-2026-ice-hockey-gold-medal-winner","BASE","BASE","P90","[0.40 - 0.60]","19541942.551562"
"0x30e443872ddf63b2908a49f92cd690c304a55102","EQUILIBRIUM","next-president-of-south-korea","P70","P70","P90","[0.80 - 0.97]","290745774.792026"
"0x30f91b6df5a62ab2e504045e25fd449a23affbfc","VECTOR","will-crude-oil-cl-hit-by-end-of-march","P90","P90","P90","[0.40 - 0.60]","84160555.120290"
"0x31519628fb5e5aa559d4ba27aa1248810b9f0977","EQUILIBRIUM","nba-champion-2024-2025","P90","P70","P99","[0.80 - 0.97]","1712132663.961605"
"0x31646fb225a7743287e760e44923345644513033","OPERATOR","fed-decision-in-september","P70","P70","BASE","[0.60 - 0.80]","220591460.745363"
"0x31a1b62d624943495222ee2a48dfb1ab17d3ec9a","PASSENGER","what-price-will-bitcoin-hit-in-january-2026","BASE","BASE","P90","[0.97 - 1.00]","107746434.084592"
"0x31c518f864d1394361fec967b3daa9093a86ede4","INSIDER","super-bowl-champion-2026-731","P99","P99","P90","[0.00 - 0.20]","704096822.722044"
"0x31fc1ea26a74aafac1dc52289a86e919a9b44e30","EQUILIBRIUM","electoral-college-margin-of-victory-in-the-2024-presidential-election","P70","P70","P90","[0.20 - 0.40]","116208770.606470"
"0x3227b991405282ffe3a19178bc36fb9770262727","GRAVITON","will-zelenskyy-wear-a-suit-before-july","P50","P70","P90","[0.80 - 0.97]","242231180.272023"
"0x325f64edd42ac179213e12bc2a8c4f00764dd8ac","EQUILIBRIUM","nba-champion-2024-2025","P90","P90","P90","[0.60 - 0.80]","1712132663.961605"
"0x32658d61f095d603fa7f8ea57799d392131334c3","EXTRACTOR","khamenei-out-as-supreme-leader-of-iran-by-february-28","BASE","BASE","P99","[0.97 - 1.00]","131114970.827221"
"0x32b484581fc5606de9c1e43af4636b6be9bc8b21","BURNER","will-crude-oil-cl-hit-by-end-of-march","P70","BASE","P99","[0.60 - 0.80]","84160555.120290"
"0x332f6e6b727c5737daf97cb9a032883eda341ee8","GRAVITON","presidential-election-winner-2024","BASE","P50","P99","[0.60 - 0.80]","3686335059.295466"
"0x335592400e402c26583ce8b56d12605e9548a126","EQUILIBRIUM","will-crude-oil-cl-hit-by-end-of-march","P70","P70","P90","[0.80 - 0.97]","84160555.120290"
"0x335ad660402270140a4f951360eeabf09bbc430a","GRAVITON","presidential-election-winner-2024","BASE","BASE","P99","[0.60 - 0.80]","3686335059.295466"
"0x336151559e8c8b048de5231dc8313e196b314363","EXTRACTOR","what-price-will-bitcoin-hit-in-february-2026","P70","P70","P99","[0.97 - 1.00]","121274308.347870"
"0x33923327b314f1619102b5e2ba84ff3b0a06baa6","GRAVITON","presidential-election-winner-2024","BASE","P50","P99","[0.60 - 0.80]","3686335059.295466"
"0x33ddd7bd7a9fb2ccb9e74c03d0aa597ca878cd2a","EQUILIBRIUM","poland-presidential-election","P70","P70","P90","[0.20 - 0.40]","128972884.206035"
"0x33f6e35dcbe0d5881f19d723335f87cb56f68003","SIGNAL","presidential-election-popular-vote-winner-2024","P90","P90","P99","[0.20 - 0.40]","628163458.451128"
"0x34026514e0bda25f0f9fbb053fe3070cdc8c9446","EQUILIBRIUM","lighter-market-cap-fdv-one-day-after-launch","P70","P90","P90","[0.60 - 0.80]","106735062.224516"
"0x35377795d164116750f1f0175c013f82cc3d56ea","EQUILIBRIUM","premier-league-winner-24-25","P90","P90","P90","[0.60 - 0.80]","808665619.121059"
"0x35385f3ef6c95f83fc18aae11462d3726950eac8","BURNER","what-price-will-solana-hit-in-february-2026","P90","BASE","P99","[0.80 - 0.97]","14604192.801218"
"0x3560b52772c8d15e20a4f3ee063fbca2c7fd1b93","GRAVITON","romania-presidential-election-winner","P70","BASE","P99","[0.40 - 0.60]","234266874.453681"
"0x359a83eea50dc2125ed44a02408d5bcc906408d2","GRAVITON","romania-presidential-election-winner","P50","P50","P90","[0.40 - 0.60]","234266874.453681"
"0x35bbbad2415fe5e39b12da9a316cdc80b022009b","GRAVITON","fed-decision-in-january","P70","BASE","P99","[0.80 - 0.97]","659499548.531115"
"0x368ba69507fd67972059fa178af5e459b72f2458","EQUILIBRIUM","will-the-iranian-regime-fall-by-march-31","P90","P90","P90","[0.60 - 0.80]","63229537.941050"
"0x36901eb0f21519cc9055662a6d2483e96da1e16f","VECTOR","elon-musk-of-tweets-february-3-february-10","P90","P90","P90","[0.40 - 0.60]","30207146.519795"
"0x36f9b0d0db05b7ffe5ff69774d70eb3f78607e3b","INSIDER","highest-grossing-movie-in-2025","P99","P99","P50","[0.00 - 0.20]","124618231.928837"
"0x370470be35523fb86b229a281b09d81f0a40bc56","SUBSTRATE","fed-decision-in-january","BASE","BASE","P50","[0.97 - 1.00]","659499548.531115"
"0x37d10ffb61998561c5f9fb941c42c952d8fb4e28","INSIDER","us-next-strikes-iran-on-843","P90","P99","P90","[0.00 - 0.20]","56607533.530307"
"0x380002b00394456c8a247bcf115b5ee665f72325","EQUILIBRIUM","fed-decision-in-january","P70","P70","P99","[0.80 - 0.97]","659499548.531115"
"0x382caa87e714afb16c2c8b9e2fc023d4b6b2a0d7","EXTRACTOR","what-price-will-bitcoin-hit-in-2025","P50","P70","P99","[0.97 - 1.00]","188753254.123653"
"0x38e59b36aae31b164200d0cad7c3fe5e0ee795e7","SIGNAL","winter-games-2026-ice-hockey-gold-medal-winner","P99","P99","P90","[0.20 - 0.40]","19541942.551562"
"0x3928faf6e1bd6763ee13e89aca1cff401e9515e4","SUBSTRATE","what-price-will-bitcoin-hit-in-january-2026","P70","P70","P50","[0.97 - 1.00]","107746434.084592"
"0x39932ca2b7a1b8ab6cbf0b8f7419261b950ccded","GRAVITON","winter-games-2026-ice-hockey-gold-medal-winner","P50","P50","P90","[0.40 - 0.60]","19541942.551562"
"0x39a5f8b65504db7110d53dd56b8cb2087441c9a1","SIGNAL","super-bowl-champion-2026-731","P99","P99","P90","[0.00 - 0.20]","704096822.722044"
"0x39d0f1dca6fb7e5514858c1a337724a426764fe8","SIGNAL","eurovision-winner-2025","P99","P90","P90","[0.20 - 0.40]","105911052.705064"
"0x3a613cdb8f00f7afe0196cbbb91bdb597383b560","OPERATOR","fed-decision-in-september","P90","BASE","P70","[0.60 - 0.80]","220591460.745363"
"0x3b4484b6c8cbfdaa383ba337ab3f0d71055e264e","GRAVITON","khamenei-out-as-supreme-leader-of-iran-by-february-28","BASE","P50","P90","[0.80 - 0.97]","131114970.827221"
"0x3b6fd06a595d71c70afb3f44414be1c11304340b","EXTRACTOR","what-price-will-bitcoin-hit-in-2025","BASE","BASE","P99","[0.97 - 1.00]","188753254.123653"
"0x3b7ed1242417f4b8f6992b5dd53aa9415a2c23eb","EQUILIBRIUM","what-price-will-bitcoin-hit-in-january-2026","P90","P90","P99","[0.80 - 0.97]","107746434.084592"
"0x3bdbf89b0420924b99408841349a13d3cd7cde66","SUBSTRATE","fed-interest-rates-january-2025","BASE","BASE","P50","[0.97 - 1.00]","190915049.199301"
"0x3c44d88a7dc50f069947f7bad214e405223d91b6","SIGNAL","nba-champion-2024-2025","P99","P99","P50","[0.20 - 0.40]","1712132663.961605"
"0x3c593aeb73ebdadbc9ce76d4264a6a2af4011766","SIGNAL","us-x-venezuela-military-engagement-by","P90","P90","P70","[0.20 - 0.40]","87408771.528641"
"0x3c918a8ef8c379304f744592120cbb4d76149af7","VECTOR","fed-decision-in-december","P90","P90","P99","[0.40 - 0.60]","393905949.377453"
"0x3cf3e8d5427aed066a7a5926980600f6c3cf87b3","SIGNAL","popular-vote-margin-of-victory-in-presidential-election","P90","P90","P90","[0.00 - 0.20]","124038744.446078"
"0x3d1ecf16942939b3603c2539a406514a40b504d0","EQUILIBRIUM","presidential-election-winner-2024","P70","P70","P99","[0.40 - 0.60]","3686335059.295466"
"0x3dca854f147d9b9ecc56d37800f36b347ce23c13","EQUILIBRIUM","portugal-presidential-election","P90","P70","P90","[0.60 - 0.80]","136469386.189704"
"0x3dd2db2d398ff72c2c71c9ad6473368b941e9ab1","GRAVITON","super-bowl-champion-2026-731","P70","BASE","P99","[0.60 - 0.80]","704096822.722044"
"0x3e04fbc51adb75418129f6ce2091ae633070564d","SIGNAL","stanley-cup-winner","P99","P90","P99","[0.00 - 0.20]","249254121.669859"
"0x3e2391418438e76a76b6699474abf803cceb9b18","EXTRACTOR","fed-decision-in-january","BASE","BASE","P99","[0.97 - 1.00]","659499548.531115"
"0x3e2489917065edd4700711bc7064a2011876f1bd","PASSENGER","which-crypto-company-will-zachxbt-expose-for-insider-trading","BASE","BASE","P70","[0.97 - 1.00]","39650755.318580"
"0x3e73934b881659aa25a4f08bc8ab9067295bc4ec","GRAVITON","fed-decision-in-september","P50","BASE","P90","[0.80 - 0.97]","220591460.745363"
"0x3e8f9b935db8aa660853ce8cf340482ccc26e1eb","EQUILIBRIUM","what-price-will-bitcoin-hit-in-march-2026","P90","P90","P99","[0.60 - 0.80]","99554303.753586"
"0x3eba55f41f4064bc4b070d06a00fec7c2dd5849a","EQUILIBRIUM","what-price-will-bitcoin-hit-in-2025","P70","P90","P99","[0.80 - 0.97]","188753254.123653"
"0x3f2bebc298d6aac47c5ad5d49ac7d363c68727a9","EQUILIBRIUM","presidential-election-winner-2024","P70","P70","P99","[0.40 - 0.60]","3686335059.295466"
"0x4040a0dd75f6633092907172af2a3d08dc91e8ab","SIGNAL","poland-presidential-election","P90","P90","P90","[0.00 - 0.20]","128972884.206035"
"0x40471b34671887546013ceb58740625c2efe7293","INSIDER","which-crypto-company-will-zachxbt-expose-for-insider-trading","P99","P99","BASE","[0.00 - 0.20]","39650755.318580"
"0x40604cb1f958c03bea0b18aa43e4cb0d62f33ec3","EXTRACTOR","will-crude-oil-cl-hit-by-end-of-march","P50","BASE","P99","[0.97 - 1.00]","84160555.120290"
"0x40cfb29411d29f4fa0908f2a121297042cccd21d","GRAVITON","which-crypto-company-will-zachxbt-expose-for-insider-trading","P70","P50","P90","[0.40 - 0.60]","39650755.318580"
"0x411a2d42feff12a2c800766120e1f146d6c1bc76","GRAVITON","presidential-election-winner-2024","P50","P70","P99","[0.40 - 0.60]","3686335059.295466"
"0x421bf8e567f99bb544f317f38fe71719dbb6ac12","EQUILIBRIUM","what-price-will-bitcoin-hit-in-january-2026","P90","P90","P99","[0.80 - 0.97]","107746434.084592"
"0x42a6ddf7cf7032972b0bfe32775e8109c5171b64","VECTOR","fed-decision-in-june","P99","P99","P90","[0.40 - 0.60]","106895985.982213"
"0x42b53f1fa44a03de5f9cb8586fa13ef5ac1cb5b6","EQUILIBRIUM","stanley-cup-winner","P90","P90","P99","[0.60 - 0.80]","249254121.669859"
"0x42cb730fd89ab159c1b85fbb5412f2e7da318412","GRAVITON","presidential-election-winner-2024","P70","BASE","P99","[0.40 - 0.60]","3686335059.295466"
"0x430fc12ac13646b962c98dd73e159488812f5947","GRAVITON","fed-decision-in-december","P50","P50","P99","[0.80 - 0.97]","393905949.377453"
"0x43372356634781eea88d61bbdd7824cdce958882","SIGNAL","fed-decision-in-july","P99","P99","P99","[0.20 - 0.40]","136613627.403447"
"0x4344066fa99418555cd750de88883b703003caef","GRAVITON","champions-league-winner-2025","P50","P50","P99","[0.80 - 0.97]","1001676674.300988"
"0x43440ab002eaac9fede6f9d21bea96d84228f90d","EQUILIBRIUM","eurovision-winner-2025","P70","P70","P90","[0.80 - 0.97]","105911052.705064"
"0x43ab32ab28b8d90372c9c8d4848aae73fbc57b95","GRAVITON","presidential-election-winner-2024","P50","P70","P99","[0.40 - 0.60]","3686335059.295466"
"0x444098cb1f542ac4cb10bd87c310ce588b75959a","ANOMALY","which-crypto-company-will-zachxbt-expose-for-insider-trading","P70","P70","P70","[0.40 - 0.60]","39650755.318580"
"0x4478d7bd8a295691ac84f60a5ec2b47e122102a4","SIGNAL","us-x-iran-ceasefire-extended-by","P90","P90","P90","[0.00 - 0.20]","210137726.510791"
"0x448861155279dbf833d041b963e3ac854599e319","EQUILIBRIUM","germany-parliamentary-election","P90","P90","P99","[0.80 - 0.97]","134617984.549357"
"0x44afb452e9faab51c16691ed4cdae11555d1c386","GRAVITON","presidential-election-winner-2024","BASE","BASE","P99","[0.60 - 0.80]","3686335059.295466"
"0x44c1dfe43260c94ed4f1d00de2e1f80fb113ebc1","SIGNAL","popular-vote-margin-of-victory-in-presidential-election","P90","P90","P99","[0.20 - 0.40]","124038744.446078"
"0x44c58184f89a5c2f699dc8943009cb3d75a08d45","SIGNAL","super-bowl-champion-2026-731","P90","P90","P90","[0.00 - 0.20]","704096822.722044"
"0x44d4c6f385f1b0b738369e5a0b4ae4030e401970","EQUILIBRIUM","super-bowl-champion-2026-731","P70","P70","P90","[0.60 - 0.80]","704096822.722044"
"0x44d9200a6b0106d041f9460fa84d054736c14c1a","SIGNAL","electoral-college-margin-of-victory-in-the-2024-presidential-election","P90","P90","P70","[0.00 - 0.20]","116208770.606470"
"0x44fd6c291a43287728329b9b59c0a75c02c9b634","GRAVITON","winter-games-2026-ice-hockey-gold-medal-winner","P50","P50","P90","[0.40 - 0.60]","19541942.551562"
"0x4526964246242015bfa78c294033565be6797a45","EQUILIBRIUM","will-zelenskyy-wear-a-suit-before-july","P70","P90","P70","[0.80 - 0.97]","242231180.272023"
"0x45580feac3b916a88b7513929e26f86b3adea2b3","SIGNAL","popular-vote-margin-of-victory-in-presidential-election","P90","P90","P90","[0.00 - 0.20]","124038744.446078"
"0x45642ba37038647ede5b9388578edcb7e9cd63be","SUBSTRATE","fed-decision-in-january","BASE","BASE","BASE","[0.97 - 1.00]","659499548.531115"
"0x45803b08b4373cce142a0112e57c31e1b42e0e9d","VECTOR","presidential-election-winner-2024","P90","P90","P99","[0.40 - 0.60]","3686335059.295466"
"0x45b2cb2ae97f7dd81aa20058337a7a8b29b4cbc1","SIGNAL","will-crude-oil-cl-hit-by-end-of-march","P99","P99","P70","[0.00 - 0.20]","84160555.120290"
"0x45bc74efa620b45c02308acaecdff1f7c06f978b","EQUILIBRIUM","what-price-will-bitcoin-hit-in-march-2026","P70","P90","P90","[0.80 - 0.97]","99554303.753586"
"0x45d77f9e9a3215fa5aaf74888ba22348c340bc74","SIGNAL","champions-league-winner-2025","P90","P90","BASE","[0.00 - 0.20]","1001676674.300988"
"0x45f2736ab887ab27f9d33b2855b22eccfe58ac3c","SIGNAL","us-next-strikes-iran-on-843","P90","P90","P90","[0.00 - 0.20]","56607533.530307"
"0x460217afee68832b4262877bee64b012bc903315","INSIDER","us-x-venezuela-military-engagement-by","P99","P99","P70","[0.00 - 0.20]","87408771.528641"
"0x46d3d62ab3dd01fb8dc3b16f0141462c82df62e0","VECTOR","what-price-will-bitcoin-hit-in-2025","P99","P99","P99","[0.40 - 0.60]","188753254.123653"
"0x471abf0558dcd381dcea2fdf54390760c9a30328","GRAVITON","fed-decision-in-september","P50","P50","P90","[0.80 - 0.97]","220591460.745363"
"0x472be80809165b1ba999d5fbc5efef9f2e86c594","EQUILIBRIUM","what-price-will-bitcoin-hit-in-2025","P70","P70","P99","[0.80 - 0.97]","188753254.123653"
"0x4755188644460fc8140a18ccefc1e80b6a5e4158","EQUILIBRIUM","what-price-will-bitcoin-hit-in-february-2026","P70","P70","P99","[0.80 - 0.97]","121274308.347870"
"0x4762c329459b5bbf87e9fc9f65749efc7086ba70","GRAVITON","new-york-city-mayoral-election","BASE","BASE","P90","[0.80 - 0.97]","429614415.023426"
"0x477f156a229f1a174fdf945c778b7362dd2b19aa","SIGNAL","fed-decision-in-june","P99","P99","P90","[0.20 - 0.40]","106895985.982213"
"0x47a0e1f2aec4b269382c094c5fd8a34247c61de0","GRAVITON","next-president-of-south-korea","P99","BASE","P90","[0.60 - 0.80]","290745774.792026"
"0x47ab026767cc320ac6e62f6ec747d59cf4d795df","SIGNAL","superbowl-champion-2025","P90","P90","P70","[0.00 - 0.20]","1152274393.340837"
"0x47bc4b50a8d0c4a07b22bfd949f9c6afb8aec043","EQUILIBRIUM","will-zelenskyy-wear-a-suit-before-july","P70","P70","P90","[0.80 - 0.97]","242231180.272023"
"0x47bc8458d60154c8a17c2d8ce332f088a602abd2","GRAVITON","speaker-of-the-house-for-the-119th-congress","P50","BASE","P99","[0.80 - 0.97]","188408380.572023"
"0x481885145076214e1e2d75119e89aea0ea871b32","GRAVITON","presidential-election-winner-2024","BASE","BASE","P99","[0.60 - 0.80]","3686335059.295466"
"0x482bf5accdecfaffa67c14d4d4fbb59f428a3266","EQUILIBRIUM","nba-champion-2024-2025","P90","P90","P90","[0.60 - 0.80]","1712132663.961605"
"0x4851a13a61c99688c68191e8e8a8755ea5b81e94","EQUILIBRIUM","what-price-will-bitcoin-hit-in-january-2026","P90","P90","P99","[0.80 - 0.97]","107746434.084592"
"0x48afe8fbde091ff3e616901dc92ef20862c289cc","VECTOR","us-x-venezuela-military-engagement-by","P90","P90","P90","[0.40 - 0.60]","87408771.528641"
"0x48e7ca9d4754021dc8b32adcaec0234dd6c9d5f8","ANOMALY","highest-grossing-movie-in-2025","P90","P90","P90","[0.20 - 0.40]","124618231.928837"
"0x48ecc049f171a8c7758e5d351e5f6c3c6df58f36","VECTOR","iran-x-israelus-conflict-ends-by","P90","P90","P70","[0.40 - 0.60]","100611326.572539"
"0x48fe10cd940a030eb18348ad812e0c382a4cb2b6","GRAVITON","fed-decision-in-december","P50","P50","P90","[0.80 - 0.97]","393905949.377453"
"0x490e807c5a431752bee1a5b48cbfbcb4a45773ad","PASSENGER","what-price-will-bitcoin-hit-in-2025","BASE","BASE","P90","[0.97 - 1.00]","188753254.123653"
"0x49adba6092a3288ef0ae2e5d5d1e77e69331f71a","EQUILIBRIUM","will-the-iranian-regime-fall-by-march-31","P90","P90","P90","[0.60 - 0.80]","63229537.941050"
"0x49b60d2cda22653ddc8b6ef21bad6d012a7f170c","ANOMALY","champions-league-winner-2025","P90","P90","P90","[0.20 - 0.40]","1001676674.300988"
"0x49dd109f63a08ca0abd31bc9f89fc5507d2a2a32","GRAVITON","2026-ncaa-tournament-winner","BASE","BASE","P99","[0.80 - 0.97]","27378307.673206"
"0x4a2be7a7e6e3b41dc2de00706b4c09660ca9af20","VECTOR","will-crude-oil-cl-hit-by-end-of-march","P90","P90","P90","[0.40 - 0.60]","84160555.120290"
"0x4aa2661df2285ad3e17f4267c3469785d7ef3170","EQUILIBRIUM","will-crude-oil-cl-hit-by-end-of-march","P70","P70","P70","[0.80 - 0.97]","84160555.120290"
"0x4ad6cadefae3c28f5b2caa32a99ebba3a614464c","VECTOR","fed-decision-in-september","P90","P90","P90","[0.40 - 0.60]","220591460.745363"
"0x4aefed77846f1b884bcbfb9e63acb351c2be9337","SIGNAL","la-liga-winner","P90","P90","P99","[0.20 - 0.40]","277840555.158109"
"0x4b0d7e74c0f4b0807da5ff0280cef9bc3b1f509c","SUBSTRATE","what-price-will-bitcoin-hit-in-2025","P50","P70","P50","[0.97 - 1.00]","188753254.123653"
"0x4b92a2d2fd3807981a5dddae7315122530a542e6","GRAVITON","new-york-city-mayoral-election","P50","P70","P90","[0.80 - 0.97]","429614415.023426"
"0x4bac379da2f29d87c01ff737843e396a2cec02b1","OPERATOR","la-liga-winner","P50","P70","P70","[0.60 - 0.80]","277840555.158109"
"0x4bb5d3f54c76aa52f39d3150b2ea33293775942c","GRAVITON","presidential-election-winner-2024","BASE","BASE","P99","[0.60 - 0.80]","3686335059.295466"
"0x4c0340f93e3c590118fc6e35215d51ce7dc80cc1","EQUILIBRIUM","premier-league-winner-24-25","P90","P90","P99","[0.80 - 0.97]","808665619.121059"
"0x4c2966a198cd7ac982110d0219b037afa9997570","GRAVITON","us-x-iran-ceasefire-extended-by","BASE","BASE","P90","[0.80 - 0.97]","210137726.510791"
"0x4c54c453ae6b083bcc37ccbc2bccb84064eacc1e","VECTOR","college-football-champion-2025","P90","P90","P90","[0.40 - 0.60]","114932366.863053"
"0x4c86cdfff0fcff0f6b56a9ddb9f805b4b28f6993","VECTOR","stanley-cup-winner","P90","P90","P90","[0.40 - 0.60]","249254121.669859"
"0x4cc3522b689a6bf1fb4a2444c523e7776db47552","EQUILIBRIUM","nba-champion-2024-2025","P90","P90","P99","[0.60 - 0.80]","1712132663.961605"
"0x4ce73141dbfce41e65db3723e31059a730f0abad","ANOMALY","fed-interest-rates-november-2024","P99","P99","P99","[0.00 - 0.20]","189537155.167586"
"0x4d0e9b029700163625c551a0073636f3dc5ec45b","GRAVITON","fed-decision-in-december","BASE","P50","P90","[0.80 - 0.97]","393905949.377453"
"0x4d3e59470cd241c4382cabbd2bfd10037cce58c7","EQUILIBRIUM","next-president-of-south-korea","P99","P70","P99","[0.60 - 0.80]","290745774.792026"
"0x4d49acb0ae1c463eb5b1947d174141b812ba7450","EQUILIBRIUM","what-price-will-bitcoin-hit-in-2025","P70","P70","P99","[0.80 - 0.97]","188753254.123653"
"0x4da76bbf120899fc10fa6e0aad4bffdd19a7355e","SIGNAL","us-next-strikes-iran-on-843","P90","P90","P90","[0.00 - 0.20]","56607533.530307"
"0x4df332e27f9ee3224f52ce30e3ce15c1075e788f","EQUILIBRIUM","nba-champion-2024-2025","P90","P90","P90","[0.60 - 0.80]","1712132663.961605"
"0x4df7da721042bf8b75bd1cb7acbeb7f83aaf522d","SIGNAL","elon-musk-of-tweets-february-24-march-3","P99","P90","P50","[0.00 - 0.20]","46476194.322481"
"0x4df81d35f375124a59da17c91036d484261d1393","EQUILIBRIUM","presidential-election-winner-2024","P70","P70","P99","[0.40 - 0.60]","3686335059.295466"
"0x4dfd481c16d9995b809780fd8a9808e8689f6e4a","SIGNAL","khamenei-out-as-supreme-leader-of-iran-by-march-31","P90","P99","P90","[0.00 - 0.20]","63238697.721704"
"0x4e09ac04b37800d7643cee48642c646c1b9dd784","EQUILIBRIUM","nba-champion-2024-2025","P90","P90","P99","[0.60 - 0.80]","1712132663.961605"
"0x4e25605fd905e9972efc0f4d8814530c655cd7a7","EQUILIBRIUM","2025-national-heads-up-poker-championship-winner-845","P90","P90","P90","[0.60 - 0.80]","235976211.664435"
"0x4e3c68cd55d2d83a8ac69d32d90c1f96222407bc","PASSENGER","what-price-will-bitcoin-hit-in-february-2026","BASE","BASE","P90","[0.97 - 1.00]","121274308.347870"
"0x4e56f1ddaa8f5328036c449b89e731ec748cdee1","EQUILIBRIUM","superbowl-champion-2025","P70","P70","P99","[0.40 - 0.60]","1152274393.340837"
"0x4e820a4b31acc9d0649fdef68f9239f0c997b85c","GRAVITON","next-president-of-south-korea","P50","BASE","P99","[0.80 - 0.97]","290745774.792026"
"0x4e948fa5d984c0077bb8f0d2f8d0f7779f656243","SUBSTRATE","fed-decision-in-july","P50","P50","BASE","[0.97 - 1.00]","136613627.403447"
"0x4eda5363800925e7f56f8d9135227b3a7e1cf4b8","OPERATOR","superbowl-champion-2025","P50","P50","P50","[0.40 - 0.60]","1152274393.340837"
"0x4ee29e4e7d4c380babeae5e22e5c02400c2246e1","EQUILIBRIUM","what-price-will-bitcoin-hit-in-january-2026","P90","P90","P99","[0.60 - 0.80]","107746434.084592"
"0x4eefdace58cb68839530ff98ec567c7fc41d3fcb","GRAVITON","will-crude-oil-cl-hit-by-end-of-march","P50","P50","P90","[0.80 - 0.97]","84160555.120290"
"0x4f2ba33b080882c0f6b296f48cfd07b6c326f448","EQUILIBRIUM","eurovision-winner-2025","P70","P70","P99","[0.80 - 0.97]","105911052.705064"
"0x4f315c1f2fcfbcbccc31fa28ae086babf309efa3","EQUILIBRIUM","what-price-will-bitcoin-hit-in-february-2026","P90","P90","P99","[0.80 - 0.97]","121274308.347870"
"0x4f43bae0ebaf4966b14193f7d8eb8b9b2d08f5db","EQUILIBRIUM","romania-presidential-election-winner","P70","P70","P90","[0.20 - 0.40]","234266874.453681"
"0x4f51bd37e0674d7194ed9a310dc19322822d695c","PASSENGER","what-price-will-ethereum-hit-in-february-2026","P70","P70","P70","[0.97 - 1.00]","35823420.667874"
"0x4f798b911568ff98e6e05c6f32bb62dc1ce9020d","GRAVITON","presidential-election-winner-2024","BASE","P50","P99","[0.60 - 0.80]","3686335059.295466"
"0x4fa51c79bab4e74770fef157af01f482de0697e8","GRAVITON","romania-presidential-election-winner","P50","P70","P90","[0.40 - 0.60]","234266874.453681"
"0x4ffe49ba2a4cae123536a8af4fda48faeb609f71","ANOMALY","what-price-will-bitcoin-hit-in-january-2026","P90","P90","P90","[0.20 - 0.40]","107746434.084592"
"0x506bce138df20695c03cd5a59a937499fb00b0fe","ANOMALY","super-bowl-champion-2026-731","P90","P90","P90","[0.20 - 0.40]","704096822.722044"
"0x507e52ef684ca2dd91f90a9d26d149dd3288beae","EQUILIBRIUM","super-bowl-champion-2026-731","P70","P70","P99","[0.60 - 0.80]","704096822.722044"
"0x509587cbb541251c74f261df3421f1fcc9fdc97c","EQUILIBRIUM","nba-champion-2024-2025","P90","P90","P99","[0.60 - 0.80]","1712132663.961605"
"0x510904c9a58f5c5ad799a1b44947077564175e9c","EQUILIBRIUM","us-x-iran-ceasefire-extended-by","P99","P70","P90","[0.00 - 0.20]","210137726.510791"
"0x5116ee15e86bc8878b90ac8a8514e38511eb58c4","EQUILIBRIUM","what-price-will-bitcoin-hit-in-january-2026","P90","P90","P90","[0.80 - 0.97]","107746434.084592"
"0x51373c6b56e4a38bf97c301efbff840fc8451556","SIGNAL","fed-decision-in-october","P99","P99","P99","[0.20 - 0.40]","252485550.016563"
"0x514550b8f94f24e3bd5fca1c8af19e985fb71f46","SIGNAL","khamenei-out-as-supreme-leader-of-iran-by-march-31","P90","P90","P90","[0.00 - 0.20]","63238697.721704"
"0x51727cf649ff35f254a7975f90800dea4b290581","EQUILIBRIUM","will-zelenskyy-wear-a-suit-before-july","P70","P70","P70","[0.80 - 0.97]","242231180.272023"
"0x51729bf1b339d1c55216a01b087684e4e565ac35","EXTRACTOR","what-price-will-bitcoin-hit-in-february-2026","P70","P70","P99","[0.97 - 1.00]","121274308.347870"
"0x5188fa0e8a77e87bc6a58e6781fdfc4e165cc804","EQUILIBRIUM","lighter-market-cap-fdv-one-day-after-launch","P90","P70","P90","[0.40 - 0.60]","106735062.224516"
"0x51fd8f0358cc9e8a1ee5f87a0c7e3b07ed634272","ANOMALY","pennsylvania-margin-of-victory","P90","P90","P90","[0.20 - 0.40]","192916820.428426"
"0x52171eb988cc1d8836cfbcc32b51c2e1689fec29","EQUILIBRIUM","will-crude-oil-cl-hit-by-end-of-march","P70","P70","P90","[0.80 - 0.97]","84160555.120290"
"0x521a8c20563ccc9e1c8ebfe5cfe6c8f9b2f8d12f","EQUILIBRIUM","fed-decision-in-june","P90","P90","P99","[0.80 - 0.97]","106895985.982213"
"0x52482d38a41eff48e1bdb46233373caa99cbaabb","EQUILIBRIUM","the-masters-winner-2026","P70","P70","P90","[0.20 - 0.40]","126018047.396663"
"0x52b74441def3510e1839eadac7875423c0b54597","SIGNAL","iran-x-israelus-conflict-ends-by","P90","P99","P90","[0.00 - 0.20]","100611326.572539"
"0x52f518bd4e1fc7fdf25a366343d06127d27119da","GRAVITON","fed-decision-in-september","P50","P70","P90","[0.80 - 0.97]","220591460.745363"
"0x530e6c4f8250a4247173efb981d46d3081d1cc11","SIGNAL","what-price-will-bitcoin-hit-in-february-2026","P99","P99","P90","[0.20 - 0.40]","121274308.347870"
"0x5314305babb27b745f0d401076b97fbb2dae910c","EQUILIBRIUM","superbowl-champion-2025","P70","P70","P99","[0.40 - 0.60]","1152274393.340837"
"0x5371f1b6954e31c502064614649cea3568cb76eb","EQUILIBRIUM","what-price-will-bitcoin-hit-in-march-2026","P90","P90","P99","[0.80 - 0.97]","99554303.753586"
"0x538097d7b841c35d99de7be4aa9352a962ca28de","GRAVITON","popular-vote-margin-of-victory-in-presidential-election","P50","P90","P90","[0.60 - 0.80]","124038744.446078"
"0x53a4f5be7d64abd9c49835374b5686cb86454447","GRAVITON","fed-decision-in-september","P50","P50","P90","[0.80 - 0.97]","220591460.745363"
"0x53d2d3c78597a78402d4db455a680da7ef560c3f","INSIDER","speaker-of-the-house-for-the-119th-congress","P99","P99","P90","[0.00 - 0.20]","188408380.572023"
"0x53e55bc7cb3d67ad177c023ce891ad076a9d6177","SIGNAL","us-next-strikes-iran-on-843","P90","P90","P90","[0.00 - 0.20]","56607533.530307"
"0x53ecc53e7a69aad0e6dda60264cc2e363092df91","ANOMALY","nba-eastern-conference-champion","P90","P90","P90","[0.20 - 0.40]","287395629.769278"
"0x54520a0661afd0c6580ce45773097c0f0c2f6f80","EQUILIBRIUM","will-the-iranian-regime-fall-by-march-31","P90","P90","P90","[0.60 - 0.80]","63229537.941050"
"0x54525ee78bd513b0bf75f94e560158f6fc35d448","EQUILIBRIUM","nba-champion-2024-2025","P90","P90","P99","[0.60 - 0.80]","1712132663.961605"
"0x5487559b207c980f660774d06cd5ca144377a014","EQUILIBRIUM","nba-champion-2024-2025","P90","P90","P90","[0.60 - 0.80]","1712132663.961605"
"0x54b56146656e7eef9da02b3a030c18e06e924b31","EQUILIBRIUM","us-next-strikes-iran-on-843","P90","P90","P90","[0.60 - 0.80]","56607533.530307"
"0x54dbe14d342f129be293df83a12515065b6c0174","VECTOR","eurovision-winner-2025","P90","P90","P70","[0.40 - 0.60]","105911052.705064"
"0x551c8f09fffa54889974a101e2af2b92c13dfe91","SUBSTRATE","the-masters-winner-2026","P50","P50","P70","[0.80 - 0.97]","126018047.396663"
"0x551e72eda42a5ab39d6d78239a1d9bbb5db6b0e0","ANOMALY","nba-champion-2024-2025","P90","P90","P90","[0.20 - 0.40]","1712132663.961605"
"0x558f2f82cf0394c28ce3c8e117ee747aeab51a56","GRAVITON","the-masters-winner-2026","BASE","BASE","P90","[0.80 - 0.97]","126018047.396663"
"0x55be7aa03ecfbe37aa5460db791205f7ac9ddca3","EQUILIBRIUM","what-price-will-solana-hit-in-february-2026","P90","P90","P99","[0.60 - 0.80]","14604192.801218"
"0x55e2436d747835c7e40b0c6cf92f632bf1215fc9","VECTOR","what-price-will-bitcoin-hit-in-march-2026","P99","P99","P99","[0.40 - 0.60]","99554303.753586"
"0x560d10f991f5fd7f92a4d3e7115895240027a0aa","GRAVITON","presidential-election-winner-2024","BASE","BASE","P99","[0.60 - 0.80]","3686335059.295466"
"0x561da78ed154ec53be6603eeae10160dbf634912","OPERATOR","eurovision-winner-2025","P70","P70","BASE","[0.80 - 0.97]","105911052.705064"
"0x56687bf447db6ffa42ffe2204a05edaa20f55839","EQUILIBRIUM","presidential-election-popular-vote-winner-2024","P70","P70","P99","[0.20 - 0.40]","628163458.451128"
"0x56d46e3f56750aaf97c95e74aab7795949539c57","ANOMALY","eurovision-winner-2025","P90","P90","P90","[0.20 - 0.40]","105911052.705064"
"0x56ebe2a8eb1b9bccfd3059f981f9c987e45e076a","GRAVITON","iran-x-israelus-conflict-ends-by","P50","P70","P90","[0.60 - 0.80]","100611326.572539"
"0x571713721a8894c40880da84a02353bf554fb1f0","SUBSTRATE","fed-decision-in-june","P50","P50","P50","[0.97 - 1.00]","106895985.982213"
"0x571dbc37082936b2cb4a26e0d85ca835195d19d6","GRAVITON","presidential-election-winner-2024","P50","P70","P99","[0.40 - 0.60]","3686335059.295466"
"0x5739ddf8672627ce076eff5f444610a250075f1a","EQUILIBRIUM","will-the-iranian-regime-fall-by-march-31","P90","P90","P99","[0.60 - 0.80]","63229537.941050"
"0x5754becbe873d6ba9eefa4eedf214dd254ece515","SIGNAL","nba-champion-2024-2025","P99","P99","P90","[0.20 - 0.40]","1712132663.961605"
"0x57580098505a802779ba8737b36d89bcc083da7b","EQUILIBRIUM","presidential-election-winner-2024","P70","P90","P90","[0.40 - 0.60]","3686335059.295466"
"0x578d665b6dd21abf12a393579699e35a2686fbb3","EQUILIBRIUM","premier-league-winner-24-25","P90","P90","P99","[0.60 - 0.80]","808665619.121059"
"0x5792bdaa99c199ef461ca95abf46b70f2f5dd1d6","EXTRACTOR","fed-decision-in-january","BASE","BASE","P99","[0.97 - 1.00]","659499548.531115"
"0x57a8d63731277200ed26cfde9a8a830d94f36933","EQUILIBRIUM","super-bowl-champion-2026-731","P70","P70","P90","[0.60 - 0.80]","704096822.722044"
"0x57b00c3ccef1b6bd6962fb9ca463c4e0b38e76f4","GRAVITON","will-the-iranian-regime-fall-by-march-31","P50","P50","P90","[0.80 - 0.97]","63229537.941050"
"0x57c5de7efafb020e589f80e0da6e16e9b5c907aa","EQUILIBRIUM","new-york-city-mayoral-election","P90","P90","P90","[0.60 - 0.80]","429614415.023426"
"0x57cd939930fd119067ca9dc42b22b3e15708a0fb","GRAVITON","the-masters-winner-2026","BASE","P50","P90","[0.80 - 0.97]","126018047.396663"
"0x5858196bbcb5059a7f67904deb06755dc2adfbbf","SUBSTRATE","us-x-venezuela-military-engagement-by","P50","P50","P70","[0.80 - 0.97]","87408771.528641"
"0x5869e74970b00eaabec8215ec77e40b559ffdf51","GRAVITON","presidential-election-winner-2024","BASE","BASE","P99","[0.60 - 0.80]","3686335059.295466"
"0x587bcff09b7e887186a4e2b3086653f10dcd2622","OPERATOR","khamenei-out-as-supreme-leader-of-iran-by-march-31","P50","P50","P70","[0.40 - 0.60]","63238697.721704"
"0x58b3a2d157f7ce32429b61121fbbfcc3dfb5be97","SUBSTRATE","fed-decision-in-july","BASE","BASE","BASE","[0.97 - 1.00]","136613627.403447"
"0x58d8248b1d54ce937733eb4b64fd6a2932d07a4c","EQUILIBRIUM","fed-decision-in-october","P90","P90","P90","[0.80 - 0.97]","252485550.016563"
"0x594e7904aca0cb5fcf02650f66f9b1f8f915d0fa","SUBSTRATE","2026-ncaa-tournament-winner","P50","P50","P70","[0.80 - 0.97]","27378307.673206"
"0x59a513a782dd4c1a98ef22932c52191129f5afc8","EQUILIBRIUM","super-bowl-champion-2026-731","P70","P90","P90","[0.60 - 0.80]","704096822.722044"
"0x59cd67a7a9bbede54516474bed6f3bf6069e92d2","GRAVITON","us-x-venezuela-military-engagement-by","P50","P50","P90","[0.80 - 0.97]","87408771.528641"
"0x59cf850d330f01ed5dbcf71b6243ca2e65664275","SIGNAL","nba-champion-2024-2025","P90","P90","P99","[0.20 - 0.40]","1712132663.961605"
"0x59ee6c6a56d7b00223f0c30f8002c4df762b684d","GRAVITON","presidential-election-winner-2024","P70","BASE","P99","[0.40 - 0.60]","3686335059.295466"
"0x5a218c7ad04135830a45c41aaed7294df7809318","INSIDER","f1-drivers-champion","P99","P99","BASE","[0.00 - 0.20]","159090251.150985"
"0x5aa981521b4e94fee3b3bf18fe441f62e865febe","EQUILIBRIUM","what-price-will-bitcoin-hit-in-2025","P70","P70","P90","[0.60 - 0.80]","188753254.123653"
"0x5b228f006f70e182531cb3d440359051aa4f0d9e","SUBSTRATE","fed-interest-rates-january-2025","P50","P50","BASE","[0.97 - 1.00]","190915049.199301"
"0x5b9115312cb4fc2b2b57c65045e611092f222709","EQUILIBRIUM","what-price-will-bitcoin-hit-in-january-2026","P90","P90","P90","[0.60 - 0.80]","107746434.084592"
"0x5ba14fa6711907d8f34b7903a94fb533a0c61171","SIGNAL","popular-vote-margin-of-victory-in-presidential-election","P90","P90","P90","[0.00 - 0.20]","124038744.446078"
"0x5bffcf561bcae83af680ad600cb99f1184d6ffbe","ANOMALY","popular-vote-margin-of-victory-in-presidential-election","P90","P90","P90","[0.20 - 0.40]","124038744.446078"
"0x5c1640a92fb8022554750f5c0112240132e8df3a","GRAVITON","superbowl-champion-2025","P90","P50","P90","[0.40 - 0.60]","1152274393.340837"
"0x5c3a1a602848565bb16165fcd460b00c3d43020b","GRAVITON","the-masters-winner-2026","BASE","P50","P99","[0.80 - 0.97]","126018047.396663"
"0x5c57496c97dd151f54b2d727646aa796ced55b16","SIGNAL","super-bowl-champion-2026-731","P99","P90","P90","[0.00 - 0.20]","704096822.722044"
"0x5cc5b031c7b8e43dc9cc9b6c4e496fd02815b83a","OPERATOR","what-price-will-bitcoin-hit-in-february-2026","P70","P70","P50","[0.80 - 0.97]","121274308.347870"
"0x5cd3f7060163d2dce795a9405d47ae2e16087a5a","GRAVITON","presidential-election-winner-2024","BASE","P50","P99","[0.60 - 0.80]","3686335059.295466"
"0x5ce6724d79da1ee847a0d25d149e7f18d9ca0fc7","VECTOR","presidential-election-winner-2024","P90","P90","P99","[0.40 - 0.60]","3686335059.295466"
"0x5d1c0e7ec9ef13fcaf08241b604d10f727154d4d","SIGNAL","romania-bucharest-mayoral-election","P90","P90","BASE","[0.20 - 0.40]","134249665.397437"
"0x5d1d9cfd66ee3068c2a8a57dedf1e1b006dcafd2","GRAVITON","the-masters-winner-2026","P50","P50","P90","[0.60 - 0.80]","126018047.396663"
"0x5d4d3800cb347e766c7ada814cf0eddbeaf24a91","GRAVITON","presidential-election-winner-2024","BASE","BASE","P99","[0.80 - 0.97]","3686335059.295466"
"0x5d7639ed5fd3c5ebf0fc69d548e1046acd0f9168","SIGNAL","fed-decision-in-december","P99","P90","P90","[0.20 - 0.40]","393905949.377453"
"0x5d861bcdd27e8a74d1aa14f2eade9e53e4500e96","GRAVITON","poland-presidential-election","P50","P50","P90","[0.40 - 0.60]","128972884.206035"
"0x5dbea3ea1caed68d36703077c76bdd23d0fb41e9","GRAVITON","2026-ncaa-tournament-winner","P50","P50","P90","[0.80 - 0.97]","27378307.673206"
"0x5e222c5667c429e79d0e36d580ed1110cc923993","SIGNAL","eurovision-winner-2025","P90","P90","P70","[0.20 - 0.40]","105911052.705064"
"0x5e691969a74194d6d6a770d3235ceec3f9c84ecd","SIGNAL","which-crypto-company-will-zachxbt-expose-for-insider-trading","P90","P90","P90","[0.00 - 0.20]","39650755.318580"
"0x5e9176d57dd9cdc69eae446dc2ca0e20be471717","SIGNAL","lighter-market-cap-fdv-one-day-after-launch","P99","P99","P90","[0.20 - 0.40]","106735062.224516"
"0x5e9c76f30788f31f6c6867f5f44b1e95a7a7cd75","EQUILIBRIUM","nba-champion-2024-2025","P90","P90","P99","[0.60 - 0.80]","1712132663.961605"
"0x5ecde7348ea5100af4360dd7a6e0a3fb1d420787","SIGNAL","which-crypto-company-will-zachxbt-expose-for-insider-trading","P90","P90","P90","[0.00 - 0.20]","39650755.318580"
"0x5ed340e8d96eb56b4fae82d18f94d584430b2d17","GRAVITON","romania-presidential-election-winner","P50","P50","P90","[0.40 - 0.60]","234266874.453681"
"0x5ee1c416fbe1c3e6a8bc51b74dd816c43276e116","SIGNAL","fed-decision-in-january","P99","P99","P99","[0.20 - 0.40]","659499548.531115"
"0x5ee8cc00eb174041df6c854b4ba7a8d822c2b5c0","OPERATOR","superbowl-champion-2025","P50","P50","P50","[0.40 - 0.60]","1152274393.340837"
"0x5f176a980de5b25f89f17473e5e8adef565c519e","EQUILIBRIUM","premier-league-winner-24-25","P90","P90","P90","[0.80 - 0.97]","808665619.121059"
"0x5f390e4b7d6f06d6756a6c92afdbf7b3176aa78c","GRAVITON","winter-games-2026-most-gold-medals","P99","BASE","P90","[0.40 - 0.60]","17239832.858499"
"0x5f45b60c29d6e4d55c0bfd8ddd39ad45c5e0a77a","EQUILIBRIUM","us-x-iran-ceasefire-extended-by","P70","P70","P90","[0.40 - 0.60]","210137726.510791"
"0x5f8fe08245151828dc063df19ccbb3c9100d40cf","EQUILIBRIUM","iran-x-israelus-conflict-ends-by","P70","P90","P70","[0.40 - 0.60]","100611326.572539"
"0x5fbda3012b33020fd58265779b2836575d8cfb37","EQUILIBRIUM","what-price-will-bitcoin-hit-in-february-2026","P90","P90","P99","[0.80 - 0.97]","121274308.347870"
"0x5fc814d89c2aa979bd987add20d6eb39eb0439ef","INSIDER","the-masters-winner-2026","P99","P99","P70","[0.00 - 0.20]","126018047.396663"
"0x6028325fcab0eedbbf7a3ea0111e9391adfd10ee","GRAVITON","next-president-of-south-korea","P50","P70","P99","[0.80 - 0.97]","290745774.792026"
"0x6031b6eed1c97e853c6e0f03ad3ce3529351f96d","SUBSTRATE","romania-bucharest-mayoral-election","P50","P50","BASE","[0.60 - 0.80]","134249665.397437"
"0x60581f6fd33332a587718d0683b255eb7ba7d286","EQUILIBRIUM","next-president-of-south-korea","P90","P90","P99","[0.60 - 0.80]","290745774.792026"
"0x606d65fca4f80b75926c106d0ac8d3ce90bf1aaf","EQUILIBRIUM","what-price-will-bitcoin-hit-in-january-2026","P90","P90","P99","[0.80 - 0.97]","107746434.084592"
"0x607fec58640fcea5cb837adb09d658747720592c","GRAVITON","khamenei-out-as-supreme-leader-of-iran-by-march-31","P90","BASE","P90","[0.00 - 0.20]","63238697.721704"
"0x60889af507ec3f9da136f38b1c58080bec32f361","SUBSTRATE","iran-x-israelus-conflict-ends-by","BASE","BASE","BASE","[0.80 - 0.97]","100611326.572539"
"0x6091397fe0f621c4872632bc613eda4b6275972b","EQUILIBRIUM","next-president-of-south-korea","P70","P70","P90","[0.80 - 0.97]","290745774.792026"
"0x60a92c8620846d81f5ea17b0564e0d4b7c545a71","EQUILIBRIUM","what-price-will-bitcoin-hit-in-february-2026","P90","P90","P90","[0.60 - 0.80]","121274308.347870"
"0x60c58f40b05649f76b82b71b29200c20b9251c09","SUBSTRATE","2026-ncaa-tournament-winner","P50","P50","P70","[0.80 - 0.97]","27378307.673206"
"0x611c20bf7fdc4e88ec4f0172c99efcaa30d5c982","GRAVITON","new-york-city-mayoral-election","BASE","P50","P90","[0.80 - 0.97]","429614415.023426"
"0x612f07e76abb9d4d1804264a088a37a666ecaa53","SIGNAL","romania-presidential-election-winner","P90","P90","BASE","[0.20 - 0.40]","234266874.453681"
"0x6138b966436f811bc0e3f0d35f1fb14b869b97a0","SIGNAL","what-price-will-ethereum-hit-in-february-2026","P99","P99","P90","[0.20 - 0.40]","35823420.667874"
"0x6139c42e48cf190e67a0a85d492413b499336b7a","VECTOR","what-price-will-bitcoin-hit-in-february-2026","P90","P90","P90","[0.40 - 0.60]","121274308.347870"
"0x614dc8d3542c12103d2c6a3553fd761e391d1546","EQUILIBRIUM","what-price-will-bitcoin-hit-in-march-2026","P90","P90","P99","[0.60 - 0.80]","99554303.753586"
"0x61fefe72aebe7afc69d190bacfad8b561dc70956","SUBSTRATE","will-crude-oil-cl-hit-by-end-of-march","BASE","P50","BASE","[0.97 - 1.00]","84160555.120290"
"0x629438379125bc67f5d7b62df08c307061ad33f3","EQUILIBRIUM","what-price-will-ethereum-hit-in-february-2026","P90","P90","P99","[0.80 - 0.97]","35823420.667874"
"0x629bc4a1e53e1d475beb7ea3d388791e96dd995a","EQUILIBRIUM","portugal-presidential-election","P70","P70","P99","[0.60 - 0.80]","136469386.189704"
"0x62cf46cd4c3af254dccfc37a7f93de265b4b5826","EQUILIBRIUM","what-price-will-bitcoin-hit-in-march-2026","P90","P90","P90","[0.80 - 0.97]","99554303.753586"
"0x62d2bcd198bb6eab8b7eeb9d2061815dc02b9eb7","GRAVITON","presidential-election-winner-2024","BASE","BASE","P99","[0.80 - 0.97]","3686335059.295466"
"0x630e844afb1297c7aece83a60f4f921b972c2f2f","EQUILIBRIUM","romania-presidential-election-winner","P70","P70","P99","[0.40 - 0.60]","234266874.453681"
"0x63b10df4bfa6d03b909ae728ee79964a594c1676","SIGNAL","eurovision-winner-2025","P90","P90","P99","[0.20 - 0.40]","105911052.705064"
"0x63c652270a37e53a170303b6b264a2aa835743a5","VECTOR","fed-decision-in-june","P99","P99","P70","[0.40 - 0.60]","106895985.982213"
"0x63d43bbb87f85af03b8f2f9e2fad7b54334fa2f1","INSIDER","f1-drivers-champion","P99","P99","P90","[0.00 - 0.20]","159090251.150985"
"0x64108693c93f94b2d15f40fed8a134fb2cf61ff4","EXTRACTOR","tiktok-banned-in-the-us-before-may-2025","BASE","BASE","P90","[0.97 - 1.00]","119653357.735965"
"0x641b56cd1de69da37e9bfefeddc7b277341c5433","GRAVITON","which-crypto-company-will-zachxbt-expose-for-insider-trading","P50","P50","P90","[0.80 - 0.97]","39650755.318580"
"0x6465185233a1a2c8b0c7309636d620e25d4aabff","OPERATOR","presidential-election-popular-vote-winner-2024","P50","P50","P50","[0.20 - 0.40]","628163458.451128"
"0x64e93f87d8a0c1b2cde6f20d71f211372a95eb4c","GRAVITON","us-x-venezuela-military-engagement-by","P70","BASE","P90","[0.60 - 0.80]","87408771.528641"
"0x64f8d315efd2d03897a03985fc42719f56952daa","GRAVITON","presidential-election-winner-2024","BASE","P50","P99","[0.60 - 0.80]","3686335059.295466"
"0x650a96777ab0f6ba2d560d231745f9b6fff86eb2","GRAVITON","presidential-election-winner-2024","BASE","P50","P99","[0.60 - 0.80]","3686335059.295466"
"0x658d3bb4220b5e5c559dde54d43f579af859b95d","EQUILIBRIUM","what-price-will-bitcoin-hit-in-2025","P70","P90","P90","[0.60 - 0.80]","188753254.123653"
"0x6597282ce8d8b81904621e6f75c9f3882a3bca42","GRAVITON","presidential-election-winner-2024","BASE","BASE","P99","[0.60 - 0.80]","3686335059.295466"
"0x660622caad009a8cc1f38038c0913be658621338","EQUILIBRIUM","what-price-will-bitcoin-hit-in-january-2026","P90","P90","P90","[0.80 - 0.97]","107746434.084592"
"0x661daf6af6d884012dd6db73c09d72e8be224dc6","EQUILIBRIUM","super-bowl-champion-2026-731","P70","P70","P99","[0.60 - 0.80]","704096822.722044"
"0x662244931c392df70bd064fa91f838eea0bfd7a9","SIGNAL","nba-champion-2024-2025","P90","P90","P99","[0.20 - 0.40]","1712132663.961605"
"0x6640bd87f6e4b6e8d62457448bd1b3a4711a2202","EQUILIBRIUM","will-the-iranian-regime-fall-by-march-31","P90","P99","P90","[0.60 - 0.80]","63229537.941050"
"0x66fe8149ec5811c265b882fdade058b81e6ee123","EQUILIBRIUM","what-price-will-bitcoin-hit-in-2025","P70","P90","P70","[0.60 - 0.80]","188753254.123653"
"0x6718abb58bd86a3fe1e65f5e3ae9140333c8a38e","EQUILIBRIUM","ireland-presidential-election","P70","P70","P99","[0.80 - 0.97]","152026239.339043"
"0x67327ef4880d4050ead195ca23203c61d8c1d7f0","SIGNAL","us-next-strikes-iran-on-843","P90","P90","P90","[0.00 - 0.20]","56607533.530307"
"0x6765c1c000e3b99c7fffea752c561cb868f1fa0d","EQUILIBRIUM","what-price-will-bitcoin-hit-in-january-2026","P70","P90","P99","[0.80 - 0.97]","107746434.084592"
"0x6790a1b883a48eb09f2cc99acd45f054906f5e06","EQUILIBRIUM","nba-champion-2024-2025","P90","P90","P90","[0.60 - 0.80]","1712132663.961605"
"0x67bb64fac5252df3f61ee2d91a4b1350e40eb6ef","VECTOR","lighter-market-cap-fdv-one-day-after-launch","P90","P90","P90","[0.40 - 0.60]","106735062.224516"
"0x68146921df11eab44296dc4e58025ca84741a9e7","VECTOR","will-crude-oil-cl-hit-by-end-of-march","P90","P90","P90","[0.40 - 0.60]","84160555.120290"
"0x6828e04b468e17d92fa1e5d60d59290278a81056","EQUILIBRIUM","fed-decision-in-june","P90","P90","P90","[0.80 - 0.97]","106895985.982213"
"0x682e388668c2da2c40631665dea992b8a72b70bd","GRAVITON","fed-decision-in-september","P50","P50","P99","[0.80 - 0.97]","220591460.745363"
"0x683a1b9966af05467ce87a6af003e3544c13792c","GRAVITON","presidential-election-winner-2024","BASE","BASE","P99","[0.80 - 0.97]","3686335059.295466"
"0x68469ab9009f2783e243a1d0957f4cdd8939b797","EQUILIBRIUM","what-price-will-bitcoin-hit-in-january-2026","P90","P90","P99","[0.60 - 0.80]","107746434.084592"
"0x684bc3eb000bff0979d14b60cc74861736150601","GRAVITON","presidential-election-winner-2024","P90","BASE","P99","[0.40 - 0.60]","3686335059.295466"
"0x685eff0c9641faaf8a142dcfcd4883b27cbb6f30","GRAVITON","new-york-city-mayoral-election","BASE","BASE","P90","[0.80 - 0.97]","429614415.023426"
"0x689ae12e11aa489adb3605afd8f39040ff52779e","EQUILIBRIUM","elon-musk-of-tweets-february-3-february-10","P90","P90","P99","[0.60 - 0.80]","30207146.519795"
"0x68c24bf4a8ad4d79a6fe4b8eec6f93a02dfd1711","INSIDER","superbowl-champion-2025","P90","P99","P70","[0.00 - 0.20]","1152274393.340837"
"0x68c9623b8224c66632aded8159b7111614404c60","EQUILIBRIUM","what-price-will-bitcoin-hit-in-february-2026","P90","P90","P99","[0.80 - 0.97]","121274308.347870"
"0x6916cc00aa1c3e75ecf4081df7cae7d2f3592fd4","EQUILIBRIUM","what-price-will-bitcoin-hit-in-january-2026","P90","P70","P99","[0.80 - 0.97]","107746434.084592"
"0x69645cea639e7a19cbde6c126a197bc1abafef53","EQUILIBRIUM","elon-musk-of-tweets-february-10-february-17","P70","P70","P99","[0.60 - 0.80]","23970691.191498"
"0x69788e136500902559a2fb21883ab9baacbd08d8","EQUILIBRIUM","what-price-will-bitcoin-hit-in-2025","P70","P70","P90","[0.80 - 0.97]","188753254.123653"
"0x69adf268789f93b2c4da978870af74ae945f31e6","GRAVITON","will-crude-oil-cl-hit-by-end-of-march","P70","BASE","P90","[0.80 - 0.97]","84160555.120290"
"0x69af2c46bccd6ce5d8e7dd6381fb8daa8a853210","SUBSTRATE","fed-interest-rates-january-2025","BASE","BASE","P50","[0.97 - 1.00]","190915049.199301"
"0x69b19d303388d8a163250098be818761d9a21ea7","SUBSTRATE","fed-decision-in-december","BASE","BASE","P50","[0.97 - 1.00]","393905949.377453"
"0x69c49cae990f6f3ab5a863257772fa521f025aea","EQUILIBRIUM","presidential-election-winner-2024","P70","P70","P99","[0.40 - 0.60]","3686335059.295466"
"0x69e7ad68b5f11e97927e4bd938baf7dfb60bd3b0","VECTOR","next-prime-minster-of-canada","P90","P90","P90","[0.40 - 0.60]","120985208.028161"
"0x69ea0d77ef34f1acb03aaed901df7620fc4215cd","EQUILIBRIUM","will-the-iranian-regime-fall-by-march-31","P70","P70","P99","[0.80 - 0.97]","63229537.941050"
"0x6a14233fb22785b5f147b260eef824d26ffae79f","VECTOR","stanley-cup-winner","P90","P90","P99","[0.40 - 0.60]","249254121.669859"
"0x6a72f61820b26b1fe4d956e17b6dc2a1ea3033ee","EQUILIBRIUM","super-bowl-champion-2026-731","P70","P70","P99","[0.60 - 0.80]","704096822.722044"
"0x6a9b04663e24b275bf6258a53976eb1a516e4d6c","EQUILIBRIUM","fed-interest-rates-january-2025","P90","P99","P99","[0.60 - 0.80]","190915049.199301"
"0x6ade597c0e2b43c0bf3542cada8a5e330d73f5b0","EQUILIBRIUM","the-masters-winner-2026","P70","P70","P70","[0.20 - 0.40]","126018047.396663"
"0x6b2c51fe14f3f80bce4c838885555c5a64555341","EQUILIBRIUM","fed-decision-in-january","P70","P70","P99","[0.80 - 0.97]","659499548.531115"
"0x6b3d278a0a62230364f55f1684ad24c1c12d76dd","GRAVITON","will-zelenskyy-wear-a-suit-before-july","P50","P70","P90","[0.80 - 0.97]","242231180.272023"
"0x6b7c75862e64d6e976d2c08ad9f9b54add6c5f83","GRAVITON","f1-drivers-champion","P70","P50","P90","[0.60 - 0.80]","159090251.150985"
"0x6b88b6a431c5ec9b3afdb76e69393d0404909856","GRAVITON","presidential-election-winner-2024","BASE","BASE","P99","[0.60 - 0.80]","3686335059.295466"
"0x6bab41a0dc40d6dd4c1a915b8c01969479fd1292","SIGNAL","fed-decision-in-january","P99","P99","P90","[0.20 - 0.40]","659499548.531115"
"0x6bc74c392c320cfe10d5be61db978a58c8444ad4","SIGNAL","us-next-strikes-iran-on-843","P90","P90","P50","[0.00 - 0.20]","56607533.530307"
"0x6bd4f813091dc404809bdcd065cc81103bdc8aca","GRAVITON","fed-decision-in-september","P50","P50","P99","[0.80 - 0.97]","220591460.745363"
"0x6c7116b224e316e0e795cec224a957c62d3e3584","EQUILIBRIUM","next-prime-minster-of-canada","P70","P70","P90","[0.60 - 0.80]","120985208.028161"
"0x6c743aafd813475986dcd930f380a1f50901bd4e","EXTRACTOR","us-x-venezuela-military-engagement-by","BASE","BASE","P90","[0.97 - 1.00]","87408771.528641"
"0x6c852cda2f54a7b802ea57382adb382acbfc94a4","EQUILIBRIUM","romania-presidential-election-winner","P70","P70","P90","[0.20 - 0.40]","234266874.453681"
"0x6c928fabc03658485bd4f2b517e2bbed5a7ccc95","GRAVITON","next-prime-minster-of-canada","BASE","BASE","P99","[0.80 - 0.97]","120985208.028161"
"0x6c979ffcc3528a5d2395a2f7c89135711da0988c","EQUILIBRIUM","elon-musk-of-tweets-february-10-february-17","P70","P70","P99","[0.80 - 0.97]","23970691.191498"
"0x6c9d5dba833fc5ed5a154fd157631ca41499e2c7","GRAVITON","presidential-election-winner-2024","BASE","P50","P99","[0.60 - 0.80]","3686335059.295466"
"0x6ce22b6a995836c09871cdc9242b094d9e15e868","SIGNAL","will-there-be-another-us-government-shutdown-by-january-31","P90","P90","P70","[0.20 - 0.40]","157296576.448084"
"0x6cff25615924313a189d3bcd5ca99db452cdc3da","GRAVITON","poland-presidential-election","BASE","P50","P99","[0.80 - 0.97]","128972884.206035"
"0x6d3fa0200fec1dbcf4dd7e4408aa1e53779ca942","ANOMALY","presidential-election-winner-2024","P70","P70","P70","[0.40 - 0.60]","3686335059.295466"
"0x6d6affce1ed04a0e9611484daf1cef5cbcf3fb40","EQUILIBRIUM","which-crypto-company-will-zachxbt-expose-for-insider-trading","P70","P70","P90","[0.20 - 0.40]","39650755.318580"
"0x6d7776a0f954be1a7c975a1e8244de6268f7b72c","EQUILIBRIUM","fed-decision-in-january","P70","P90","P99","[0.80 - 0.97]","659499548.531115"
"0x6d79687084407c07761088ac216f8722da7a4725","GRAVITON","superbowl-champion-2025","P50","P50","P99","[0.40 - 0.60]","1152274393.340837"
"0x6d9fc316c3b8377060a44b852ba664adbfd59790","ANOMALY","us-next-strikes-iran-on-843","P90","P90","P90","[0.20 - 0.40]","56607533.530307"
"0x6dd6314d1670f9f1ccccbd6746b0bf2f2fa0f5f4","EQUILIBRIUM","what-price-will-solana-hit-in-february-2026","P90","P90","P99","[0.80 - 0.97]","14604192.801218"
"0x6df6e2a9ba1e8d7609daada0a83138817f4a8458","VECTOR","iran-x-israelus-conflict-ends-by","P90","P90","P90","[0.40 - 0.60]","100611326.572539"
"0x6e021a82c12e01886444ab3e918114faaf11d70a","SUBSTRATE","the-masters-winner-2026","P50","P50","P70","[0.60 - 0.80]","126018047.396663"
"0x6e0254bd74e592700ef62d70201b936038dbbfce","SIGNAL","will-zelenskyy-wear-a-suit-before-july","P90","P99","P50","[0.20 - 0.40]","242231180.272023"
"0x6e131d6c61216b4a5ec571db332ad3226e7fa801","ANOMALY","which-crypto-company-will-zachxbt-expose-for-insider-trading","P90","P90","P90","[0.20 - 0.40]","39650755.318580"
"0x6e1d5040d0ac73709b0621f620d2a60b80d2d0fa","EXTRACTOR","what-price-will-bitcoin-hit-in-march-2026","P70","P70","P99","[0.97 - 1.00]","99554303.753586"
"0x6e4ec81dce3c1c0713781bb392a14ec5dc50ec98","EQUILIBRIUM","presidential-election-winner-2024","P70","P70","P99","[0.40 - 0.60]","3686335059.295466"
"0x6e82b93eb57b01a63027bd0c6d2f3f04934a752c","VECTOR","nba-champion-2024-2025","P90","P90","P99","[0.40 - 0.60]","1712132663.961605"
"0x6ef3bd71e0133a5aebec7621adedc6d48c96d8a2","GRAVITON","presidential-election-winner-2024","BASE","P50","P99","[0.60 - 0.80]","3686335059.295466"
"0x6f1bf845ca86b8fa14027c0e93ea44509a13262a","SUBSTRATE","what-price-will-ethereum-hit-in-february-2026","P70","P70","BASE","[0.97 - 1.00]","35823420.667874"
"0x6f2628a8ac6e3f7bd857657d5316c33822ced136","EQUILIBRIUM","what-price-will-bitcoin-hit-in-2025","P70","P70","P99","[0.80 - 0.97]","188753254.123653"
"0x6f87226f46d8511fb169fdba58589e8184d9f277","GRAVITON","will-the-iranian-regime-fall-by-march-31","P90","P50","P90","[0.60 - 0.80]","63229537.941050"
"0x6fd5d4fbf614f0c6b338d5974459b301f1ad2a3f","OPERATOR","la-liga-winner","P70","P70","BASE","[0.40 - 0.60]","277840555.158109"
"0x6ffb4354cbe6e0f9989e3b55564ec5fb8646a834","SIGNAL","popular-vote-margin-of-victory-in-presidential-election","P90","P90","P90","[0.00 - 0.20]","124038744.446078"
"0x701187150980c2421bc3c87a74dbdef31d75c6da","GRAVITON","will-crude-oil-cl-hit-by-end-of-march","P50","P50","P99","[0.80 - 0.97]","84160555.120290"
"0x7058c8a7cec79010b1927d05837dcf25f1a53505","GRAVITON","presidential-election-popular-vote-winner-2024","P70","P50","P99","[0.20 - 0.40]","628163458.451128"
"0x706b963cfc0aeaaf68c1ebea4cc75277214f4230","EQUILIBRIUM","nba-champion-2024-2025","P90","P90","P70","[0.60 - 0.80]","1712132663.961605"
"0x7072dd52161bae614bec6905846a53c9a3a53413","EQUILIBRIUM","fed-decision-in-october","P90","P90","P99","[0.80 - 0.97]","252485550.016563"
"0x707ee69ecae91e2486ec33a906d3ddd17af51960","EQUILIBRIUM","what-price-will-bitcoin-hit-in-february-2026","P90","P70","P99","[0.60 - 0.80]","121274308.347870"
"0x70d94a4ff67ed919a8480885cf0808afefe7a684","SUBSTRATE","fed-decision-in-march-885","BASE","BASE","BASE","[0.97 - 1.00]","260075340.359646"
"0x712f47fcc0d828bffe121dbf485f9e29e76db93b","SIGNAL","new-york-city-mayoral-election","P99","P99","P90","[0.20 - 0.40]","429614415.023426"
"0x7131cb618fb195c70e8e629c45199096833c29cc","EQUILIBRIUM","fed-decision-in-september","P90","P90","P99","[0.60 - 0.80]","220591460.745363"
"0x716445fe00d0a78172b8be46d216e08d15159db6","EXTRACTOR","will-the-iranian-regime-fall-by-march-31","BASE","P50","P90","[0.97 - 1.00]","63229537.941050"
"0x7177a7f5c216809c577c50c77b12aae81f81ddef","EQUILIBRIUM","will-the-iranian-regime-fall-by-march-31","P90","P90","P90","[0.80 - 0.97]","63229537.941050"
"0x71a2e95b5f519491879239bcbed02ac18a944bc1","GRAVITON","presidential-election-winner-2024","BASE","BASE","P99","[0.60 - 0.80]","3686335059.295466"
"0x71abe97b83eaba3f06cb04fd4d9a03ee37d2f015","EQUILIBRIUM","what-price-will-bitcoin-hit-in-february-2026","P90","P90","P70","[0.60 - 0.80]","121274308.347870"
"0x71ca04d689bc38c5e4dcda8a4d743f279c5a3501","VECTOR","premier-league-winner-24-25","P90","P90","P70","[0.40 - 0.60]","808665619.121059"
"0x71dd2d539a793687451d4af8c43169369b47d61c","EQUILIBRIUM","fed-decision-in-january","P90","P90","P90","[0.80 - 0.97]","659499548.531115"
"0x71e11e0fc20a2adf27026fbf8674b38f8ff945f0","SIGNAL","fed-decision-in-september","P99","P99","P90","[0.20 - 0.40]","220591460.745363"
"0x71ed0bc95433cdf1be29f43219725fce9addd9eb","VECTOR","fed-decision-in-january","P99","P99","P99","[0.40 - 0.60]","659499548.531115"
"0x71edffd0d70a1da823ff07a3c6fc81457294d338","EQUILIBRIUM","fed-decision-in-october","P90","P90","P99","[0.80 - 0.97]","252485550.016563"
"0x724db3c436dcc7b26fbe1ae0c0d6af538b588dea","EQUILIBRIUM","fed-decision-in-january","P90","P90","P99","[0.80 - 0.97]","659499548.531115"
"0x72a22d4d155079da8f50c89d4c6c03b6428e7b65","EQUILIBRIUM","fed-decision-in-january","P90","P90","P99","[0.60 - 0.80]","659499548.531115"
"0x72b40c0012682ef52228ad53ef955f9e4f177d67","EQUILIBRIUM","super-bowl-champion-2026-731","P70","P70","P99","[0.60 - 0.80]","704096822.722044"
"0x72e1010877721439e4fd2ebddb1f553ab7077d89","EQUILIBRIUM","portugal-presidential-election","P70","P70","P90","[0.80 - 0.97]","136469386.189704"
"0x72e4daa9b93fd3786f231c3b73c1bdbc4c48740a","GRAVITON","us-x-iran-ceasefire-extended-by","BASE","BASE","P90","[0.80 - 0.97]","210137726.510791"
"0x734b87214a9b5020639bff5443664a7bd7a10e0d","GRAVITON","presidential-election-winner-2024","P50","P70","P99","[0.40 - 0.60]","3686335059.295466"
"0x737a7e98e3ff588481d6e0fa6a14bd16a2a61699","SUBSTRATE","fed-decision-in-september","BASE","BASE","BASE","[0.97 - 1.00]","220591460.745363"
"0x73d3bde14b125334334d088de0be053607d3e9fa","PASSENGER","popular-vote-margin-of-victory-in-presidential-election","BASE","P50","P90","[0.97 - 1.00]","124038744.446078"
"0x73f8dd50a114884493dbf4a5ea1503f96f348234","GRAVITON","presidential-election-winner-2024","BASE","BASE","P99","[0.60 - 0.80]","3686335059.295466"
"0x74416687453b92a843de6d05810d6d1a12a15ed5","EQUILIBRIUM","fed-decision-in-january","P90","P90","P99","[0.60 - 0.80]","659499548.531115"
"0x744c072005bde6ddab8764a7477f61d3d22ae37f","EQUILIBRIUM","what-price-will-bitcoin-hit-in-2025","P70","P70","P99","[0.80 - 0.97]","188753254.123653"
"0x748f8bc6db49da87f131e073f68aaefc4edbc80b","GRAVITON","presidential-election-winner-2024","BASE","P50","P99","[0.60 - 0.80]","3686335059.295466"
"0x74b7937435e1b3c392520e6defbe588bf6d8cdcf","SUBSTRATE","what-price-will-ethereum-hit-in-february-2026","BASE","BASE","BASE","[0.97 - 1.00]","35823420.667874"
"0x74f1b8944c7b10f7239e3dda0de6b8ee42e816a8","VECTOR","super-bowl-champion-2026-731","P90","P90","P99","[0.40 - 0.60]","704096822.722044"
"0x75049bd489194be19c45c31ed311e556411c9c69","GRAVITON","next-president-of-south-korea","BASE","BASE","P99","[0.80 - 0.97]","290745774.792026"
"0x751a2b86cab503496efd325c8344e10159349ea1","EXTRACTOR","fed-interest-rates-january-2025","P70","P70","P99","[0.97 - 1.00]","190915049.199301"
"0x7523cafcee7bcf2db9a79d80e0d79b88a9a54c4c","EQUILIBRIUM","fed-decision-in-january","P70","P70","P99","[0.80 - 0.97]","659499548.531115"
"0x75253f58071564ba95f36258fcfb1e918552cde1","GRAVITON","khamenei-out-as-supreme-leader-of-iran-by-february-28","P50","P50","P90","[0.60 - 0.80]","131114970.827221"
"0x75acf1aa88a3f5c613f2214486b91fa9fc1f33d7","GRAVITON","presidential-election-popular-vote-winner-2024","P50","P50","P90","[0.40 - 0.60]","628163458.451128"
"0x75d1b199a96801338e67a6efaa35c0028ea87a5f","SIGNAL","will-there-be-another-us-government-shutdown-by-january-31","P90","P90","P50","[0.20 - 0.40]","157296576.448084"
"0x75e765216a57942d738d880ffcda854d9f869080","SIGNAL","will-there-be-another-us-government-shutdown-by-january-31","P90","P90","P70","[0.20 - 0.40]","157296576.448084"
"0x7671deab19823bf122b81e1060c553b4c33e7244","EXTRACTOR","us-x-venezuela-military-engagement-by","BASE","BASE","P90","[0.97 - 1.00]","87408771.528641"
"0x76ccd18183a933a4a8e6aa5493a7e629479e9dcb","GRAVITON","presidential-election-winner-2024","P70","BASE","P99","[0.40 - 0.60]","3686335059.295466"
"0x76ed2caa9604f3a3b3770d47161190d871f1fa48","GRAVITON","winter-games-2026-ice-hockey-gold-medal-winner","P50","BASE","P90","[0.40 - 0.60]","19541942.551562"
"0x7744bfd749a70020d16a1fcbac1d064761c9999e","EQUILIBRIUM","fed-decision-in-december","P90","P90","P99","[0.60 - 0.80]","393905949.377453"
"0x777fae71d2ff9ec48a1213d48ba1d9d91024a1bb","SIGNAL","what-price-will-bitcoin-hit-in-january-2026","P90","P90","BASE","[0.20 - 0.40]","107746434.084592"
"0x77b0b896910b3388e01708521d1f92d1f5c2ba0b","VECTOR","what-price-will-bitcoin-hit-in-february-2026","P90","P90","P90","[0.40 - 0.60]","121274308.347870"
"0x77c812f7735ad07e3ce58fd466a0e1b4346bbc8c","OPERATOR","f1-drivers-champion","P70","P70","BASE","[0.60 - 0.80]","159090251.150985"
"0x7803ca2b11703f82c96b103d9dd94114232f1004","PASSENGER","what-price-will-bitcoin-hit-in-2025","BASE","BASE","P70","[0.97 - 1.00]","188753254.123653"
"0x7811a52f2f81dd88f79838b6e8dea9d086bf3b47","EQUILIBRIUM","poland-presidential-election","P70","P70","P90","[0.20 - 0.40]","128972884.206035"
"0x781caf04d98a281712caf1677877c442789fdb68","EQUILIBRIUM","super-bowl-champion-2026-731","P70","P70","P99","[0.60 - 0.80]","704096822.722044"
"0x7846e489e11c7d2b9d6c15a955c1df93d041c08d","EXTRACTOR","what-price-will-bitcoin-hit-in-january-2026","P70","P70","P99","[0.97 - 1.00]","107746434.084592"
"0x784feec38475dc47e63c3a16cbd24b905dab5df9","EQUILIBRIUM","romania-bucharest-mayoral-election","P90","P70","P90","[0.40 - 0.60]","134249665.397437"
"0x78659d1fc23620991b949558c33761014b224af9","EQUILIBRIUM","fed-decision-in-december","P70","P70","P70","[0.60 - 0.80]","393905949.377453"
"0x78b9ac44a6d7d7a076c14e0ad518b301b63c6b76","GRAVITON","presidential-election-popular-vote-winner-2024","P50","P50","P99","[0.40 - 0.60]","628163458.451128"
"0x791976e861822c1f6d13f719d2c80e8deb9b72b2","EQUILIBRIUM","portugal-presidential-election","P70","P70","P99","[0.80 - 0.97]","136469386.189704"
"0x7990f8702e1ee17a97fd719580f5c8ed050464b8","OPERATOR","next-prime-minster-of-canada","P70","BASE","BASE","[0.60 - 0.80]","120985208.028161"
"0x79929dfb11820a017fb7a51faf536a55bdbd48bf","GRAVITON","fed-decision-in-december","P70","P50","P99","[0.80 - 0.97]","393905949.377453"
"0x799c2267096b7523577d1d30564f914e649637f7","SUBSTRATE","fed-interest-rates-january-2025","P50","P50","P70","[0.97 - 1.00]","190915049.199301"
"0x79a1e4587a7144a882d62e94edc3c7ad93a55801","VECTOR","college-football-champion-2025","P90","P90","P90","[0.40 - 0.60]","114932366.863053"
"0x79add3f87e377b0899b935472c07d2c3816ba9f1","EQUILIBRIUM","will-zelenskyy-wear-a-suit-before-july","P70","P70","P70","[0.80 - 0.97]","242231180.272023"
"0x79f365b8973887b4d5606650edf6948fcd0bd803","EQUILIBRIUM","which-company-has-the-best-ai-model-end-of-february","P90","P90","P99","[0.60 - 0.80]","22455001.857654"
"0x7a146c5e70c092d06be27097a5c770b49d0bd748","EQUILIBRIUM","which-company-has-the-best-ai-model-end-of-february","P90","P90","P99","[0.60 - 0.80]","22455001.857654"
"0x7a2180022d383bd514276b7a2083a97e51e6ac9c","EQUILIBRIUM","what-price-will-bitcoin-hit-in-february-2026","P90","P90","P70","[0.60 - 0.80]","121274308.347870"
"0x7a5d94f83ff0195387eaf9f4463433d03eda54db","GRAVITON","the-masters-winner-2026","P50","BASE","P99","[0.80 - 0.97]","126018047.396663"
"0x7a6192ea6815d3177e978dd3f8c38be5f575af24","ANOMALY","eurovision-winner-2025","P90","P90","P90","[0.20 - 0.40]","105911052.705064"
"0x7ab480c23d8a0d5a6e95c2b10a5b82bf55aa716b","EXTRACTOR","fed-decision-in-january","BASE","BASE","P99","[0.97 - 1.00]","659499548.531115"
"0x7abe2e7eac6f63b1bf4c21eeae71b03e9bd9b47e","EQUILIBRIUM","nba-champion-2024-2025","P90","P90","P99","[0.60 - 0.80]","1712132663.961605"
"0x7ac83882979ccb5665cea83cb269e558b55077cd","EQUILIBRIUM","poland-presidential-election","P90","P70","P70","[0.20 - 0.40]","128972884.206035"
"0x7b02b2bac2a30ed5e40b7094e734f4c3dc2a4991","GRAVITON","khamenei-out-as-supreme-leader-of-iran-by-march-31","BASE","BASE","P99","[0.80 - 0.97]","63238697.721704"
"0x7b473d72f1da195c2e9d5933cb41f219c8494fb9","EQUILIBRIUM","what-price-will-bitcoin-hit-in-2025","P70","P90","P99","[0.60 - 0.80]","188753254.123653"
"0x7b676d5a6379855773d405fcf19b9aa577651b07","INSIDER","elon-musk-of-tweets-february-3-february-10","P99","P99","BASE","[0.00 - 0.20]","30207146.519795"
"0x7b75e76b13a8d792bd4ce25d76a50be61ced3fd1","EQUILIBRIUM","highest-grossing-movie-in-2025","P70","P70","P90","[0.80 - 0.97]","124618231.928837"
"0x7b86ee2cb888acdc2234f1e7b0882a2edb3b73dd","GRAVITON","presidential-election-winner-2024","BASE","BASE","P99","[0.60 - 0.80]","3686335059.295466"
"0x7b8c7b55d8c9229911d26f28752ae4f92895445f","OPERATOR","stanley-cup-winner","P70","P70","BASE","[0.80 - 0.97]","249254121.669859"
"0x7bb5686910e22c4348265ab86e38b06f7579db04","GRAVITON","presidential-election-winner-2024","BASE","P50","P99","[0.60 - 0.80]","3686335059.295466"
"0x7c156bb0dbb44dcb7387a78778e0da313bf3c9db","GRAVITON","fed-decision-in-october","P70","P50","P99","[0.80 - 0.97]","252485550.016563"
"0x7c3db723f1d4d8cb9c550095203b686cb11e5c6b","EQUILIBRIUM","what-price-will-bitcoin-hit-in-2025","P70","P90","P99","[0.80 - 0.97]","188753254.123653"
"0x7c8b2af934eed0bad9b7437e927ef09c0ebca211","SIGNAL","fed-decision-in-june","P99","P99","BASE","[0.20 - 0.40]","106895985.982213"
"0x7cc618ca9a1af6b36096def79cec3dc5d3a127d0","EQUILIBRIUM","presidential-election-winner-2024","P70","P90","P99","[0.40 - 0.60]","3686335059.295466"
"0x7cf93583951552553bc0d243a8582a3410ed2798","EXTRACTOR","khamenei-out-as-supreme-leader-of-iran-by-february-28","BASE","P50","P99","[0.97 - 1.00]","131114970.827221"
"0x7d0a771ddd2c63255013a1efb5f0e42659b38c6c","EQUILIBRIUM","will-the-iranian-regime-fall-by-march-31","P70","P70","P99","[0.80 - 0.97]","63229537.941050"
"0x7d2299a379eb0b1c6077c7c419a383da6fb7f0cf","EQUILIBRIUM","fed-decision-in-january","P70","P70","P99","[0.80 - 0.97]","659499548.531115"
"0x7d5d15335ec60449995971a563fd94e060f091d8","GRAVITON","us-x-venezuela-military-engagement-by","P70","BASE","P99","[0.60 - 0.80]","87408771.528641"
"0x7dc64a570c7b76831cf25e31c526f2337a050fa2","GRAVITON","presidential-election-winner-2024","BASE","BASE","P99","[0.60 - 0.80]","3686335059.295466"
"0x7e30c3a56d89edac738d788dd218a9e64fb91e50","GRAVITON","fed-decision-in-september","P50","P50","P99","[0.80 - 0.97]","220591460.745363"
"0x7e35a2a8cfd1eb1e69dacd043206db5a787f1a6c","BURNER","will-crude-oil-cl-hit-by-end-of-march","P70","BASE","P70","[0.60 - 0.80]","84160555.120290"
"0x7e5e420a5cde8a322f3b5b93a12a164827f47315","VECTOR","lighter-market-cap-fdv-one-day-after-launch","P90","P90","P50","[0.40 - 0.60]","106735062.224516"
"0x7e6fda10646a4343358c84004859adfea1c0c022","EQUILIBRIUM","2026-ncaa-tournament-winner","P70","P70","P70","[0.60 - 0.80]","27378307.673206"
"0x7e97bd09c2ccc632fb728d91b7c37d8ec5f34d54","EQUILIBRIUM","fed-decision-in-july","P70","P70","P99","[0.80 - 0.97]","136613627.403447"
"0x7efa5e5d8be22d98663037f7cfe168c0c6b8acbe","SUBSTRATE","premier-league-winner-24-25","P50","P50","P70","[0.97 - 1.00]","808665619.121059"
"0x7f3c8979d0afa00007bae4747d5347122af05613","EQUILIBRIUM","what-price-will-bitcoin-hit-in-february-2026","P70","P70","P99","[0.80 - 0.97]","121274308.347870"
"0x7f692340bcc1d90b3ca3c8436e3973adb0279c7a","EQUILIBRIUM","fed-decision-in-july","P90","P90","P99","[0.80 - 0.97]","136613627.403447"
"0x7f9e2d1df78614564a70becc7fa14aa9a6623a0e","EQUILIBRIUM","iran-x-israelus-conflict-ends-by","P70","P70","P90","[0.60 - 0.80]","100611326.572539"
"0x7fb88c725907620aa8cd8732a7ac95fd9365d906","SIGNAL","portugal-presidential-election","P90","P90","BASE","[0.20 - 0.40]","136469386.189704"
"0x802215d8c38066aef3f925c22999777c069f51f7","OPERATOR","presidential-election-popular-vote-winner-2024","P50","P50","P50","[0.40 - 0.60]","628163458.451128"
"0x80584be01a1dee8df189954c7413d0319139d023","EQUILIBRIUM","what-price-will-bitcoin-hit-in-2025","P70","P99","P99","[0.40 - 0.60]","188753254.123653"
"0x805a922574d7d6b158b7bbb49a6fa8925eb60635","INSIDER","poland-presidential-election","P99","P99","P70","[0.00 - 0.20]","128972884.206035"
"0x80a0da00fbdc8440b0ef601341f14c3e24795708","ANOMALY","us-x-venezuela-military-engagement-by","P90","P90","P90","[0.20 - 0.40]","87408771.528641"
"0x80c228786e4940904fccdd54999edce5d3cbec5e","ANOMALY","presidential-election-popular-vote-winner-2024","P90","P90","P90","[0.20 - 0.40]","628163458.451128"
"0x8119010a6e589062aa03583bb3f39ca632d9f887","GRAVITON","presidential-election-winner-2024","P70","BASE","P99","[0.40 - 0.60]","3686335059.295466"
"0x81525952f172646a4104030e9a9ef1e769c7bfda","EQUILIBRIUM","fed-decision-in-january","P90","P90","P99","[0.80 - 0.97]","659499548.531115"
"0x8166fcbb0515494f66b68a3cfb3fa888765a91ab","EQUILIBRIUM","presidential-election-popular-vote-winner-2024","P70","P70","P90","[0.20 - 0.40]","628163458.451128"
"0x81e639365bd144b95a0007dac7b2092092c1beb9","GRAVITON","presidential-election-winner-2024","P50","P70","P99","[0.40 - 0.60]","3686335059.295466"
"0x8247f6d658b0afe22414a12e9f6c57058a9dd8cc","EQUILIBRIUM","highest-grossing-movie-in-2025","P90","P70","P99","[0.40 - 0.60]","124618231.928837"
"0x826160c85f0d92dafbc2e9cd782a487c7ea606a3","OPERATOR","what-price-will-bitcoin-hit-in-2025","P70","P70","BASE","[0.80 - 0.97]","188753254.123653"
"0x8262ffa70186af8656abb788bdb778e3f67ba815","OPERATOR","fed-decision-in-december","P70","P70","BASE","[0.60 - 0.80]","393905949.377453"
"0x82a7183f93447d7a8ff5b4bd08eb0d74de266ed8","SIGNAL","fed-decision-in-september","P99","P99","P90","[0.20 - 0.40]","220591460.745363"
"0x83960a48a453edd4f220a4079826873466c0e909","EQUILIBRIUM","what-price-will-bitcoin-hit-in-2025","P70","P90","P90","[0.80 - 0.97]","188753254.123653"
"0x843a6da3886cf889435cf0920659a00a68db8070","EQUILIBRIUM","next-president-of-south-korea","P70","P90","P99","[0.80 - 0.97]","290745774.792026"
"0x84571f1bf97a5c710cbe51daff2dd4556cc887fd","EXTRACTOR","us-x-iran-ceasefire-extended-by","BASE","BASE","P99","[0.97 - 1.00]","210137726.510791"
"0x848921be10e51b1547d50548a54b38a1778ec184","GRAVITON","iran-x-israelus-conflict-ends-by","P50","P70","P90","[0.60 - 0.80]","100611326.572539"
"0x84dbb7103982e3617704a2ed7d5b39691952aeeb","BURNER","the-masters-winner-2026","P50","BASE","P99","[0.80 - 0.97]","126018047.396663"
"0x853c37a959a5791b849e3f3225c7f5963746bd03","OPERATOR","us-x-venezuela-military-engagement-by","P70","P70","BASE","[0.80 - 0.97]","87408771.528641"
"0x858d551d073e9c647c17079ad9021de830201047","EXTRACTOR","us-next-strikes-iran-on-843","P50","P50","P90","[0.97 - 1.00]","56607533.530307"
"0x8597ca63e722d6216bfc3057591fdc67ec49daee","EQUILIBRIUM","fed-decision-in-july","P70","P70","P90","[0.80 - 0.97]","136613627.403447"
"0x85b8b010ac6e24a23625621724a15513c80d6b6a","EQUILIBRIUM","f1-drivers-champion","P70","P90","P99","[0.40 - 0.60]","159090251.150985"
"0x85d575c99b977e9e39543747c859c83b727aaece","GRAVITON","will-crude-oil-cl-hit-by-end-of-march","P50","P50","P99","[0.80 - 0.97]","84160555.120290"
"0x85d7f978b9ac0140d00de9388b48e1208d210501","EQUILIBRIUM","the-masters-winner-2026","P70","P70","P99","[0.20 - 0.40]","126018047.396663"
"0x863134d00841b2e200492805a01e1e2f5defaa53","GRAVITON","presidential-election-popular-vote-winner-2024","P50","P70","P99","[0.20 - 0.40]","628163458.451128"
"0x8633c1c6844c5928b284a71e211584739474a08d","GRAVITON","2026-ncaa-tournament-winner","P70","P50","P99","[0.60 - 0.80]","27378307.673206"
"0x86793ad1e8f33ae23bcaf93200ec5c7bd2664659","VECTOR","stanley-cup-winner","P90","P90","P99","[0.40 - 0.60]","249254121.669859"
"0x86b1464dad224ecbe7e59f31f41e049b11becea7","GRAVITON","presidential-election-winner-2024","P50","P70","P99","[0.40 - 0.60]","3686335059.295466"
"0x86fbea68d619daf670185ecd38a69aa90f7703d4","GRAVITON","the-masters-winner-2026","P50","P50","P90","[0.80 - 0.97]","126018047.396663"
"0x87311fcc3bfefe5a6a29987d825bf9be0f591181","EQUILIBRIUM","what-price-will-bitcoin-hit-in-2025","P70","P90","P90","[0.60 - 0.80]","188753254.123653"
"0x87650b9f63563f7c456d9bbcceee5f9faf06ed81","INSIDER","us-next-strikes-iran-on-843","P99","P99","BASE","[0.00 - 0.20]","56607533.530307"
"0x8795bcb2fe129d1ea3e3d73bc13a3d8078047544","EQUILIBRIUM","next-prime-minster-of-canada","P70","P70","P99","[0.60 - 0.80]","120985208.028161"
"0x87fab8d03ed3923e31e4fe90fffa03b2dffae23b","GRAVITON","presidential-election-winner-2024","P99","BASE","P99","[0.20 - 0.40]","3686335059.295466"
"0x885783760858e1bd5dd09a3c3f916cfa251ac270","EQUILIBRIUM","presidential-election-popular-vote-winner-2024","P70","P70","P99","[0.20 - 0.40]","628163458.451128"
"0x88779f7c8dff51f9c9dcea958fbcc14b5a1f5d9d","GRAVITON","presidential-election-winner-2024","P50","P70","P99","[0.40 - 0.60]","3686335059.295466"
"0x889e7f0464c72eb8cda1525ebc12b6aaba9d09e0","INSIDER","super-bowl-champion-2026-731","P99","P99","P90","[0.00 - 0.20]","704096822.722044"
"0x88a2a07dd6298a8e3463f6aec0217877852bd974","GRAVITON","new-york-city-mayoral-election","BASE","BASE","P90","[0.80 - 0.97]","429614415.023426"
"0x88be0553c9de90db290d925c51a8f1062be2652d","EXTRACTOR","next-president-of-south-korea","BASE","BASE","P99","[0.97 - 1.00]","290745774.792026"
"0x88c4919de76e526d55a32c1f8afb439dd1f1129a","EQUILIBRIUM","will-crude-oil-cl-hit-by-end-of-march","P70","P70","P99","[0.80 - 0.97]","84160555.120290"
"0x89961868837749331b85636b9f93f318ea3dfbce","GRAVITON","fed-decision-in-september","P50","P50","P90","[0.80 - 0.97]","220591460.745363"
"0x89cd944aa9cf528142e3557099c6992eb7ce4d7d","EQUILIBRIUM","what-price-will-ethereum-hit-in-february-2026","P90","P90","P99","[0.80 - 0.97]","35823420.667874"
"0x8a480b60cb78213fdf34842160dc956a831a2558","EXTRACTOR","us-next-strikes-iran-on-843","P50","P50","P99","[0.97 - 1.00]","56607533.530307"
"0x8a4c788f043023b8b28a762216d037e9f148532b","EQUILIBRIUM","new-york-city-mayoral-election","P90","P90","P99","[0.60 - 0.80]","429614415.023426"
"0x8a859543e4673e4cc396c2388d8c281c0dd37905","VECTOR","presidential-election-winner-2024","P90","P90","P90","[0.40 - 0.60]","3686335059.295466"
"0x8aaaac8e8523492db360b722af35177f4d4d51df","SIGNAL","us-next-strikes-iran-on-843","P90","P90","BASE","[0.00 - 0.20]","56607533.530307"
"0x8b24a5e26873c9674fbb073b79941c29ca93c4be","EQUILIBRIUM","will-crude-oil-cl-hit-by-end-of-march","P70","P70","P90","[0.80 - 0.97]","84160555.120290"
"0x8b3234f9027f4e994e949df4b48b90ab79015950","SIGNAL","f1-drivers-champion","P90","P90","P70","[0.20 - 0.40]","159090251.150985"
"0x8b5a7da2fdf239b51b9c68a2a1a35bb156d200f2","EQUILIBRIUM","superbowl-champion-2025","P70","P70","P99","[0.40 - 0.60]","1152274393.340837"
"0x8bd8c81803ce2c7e884cc18406d92829d5c4f306","OPERATOR","what-price-will-bitcoin-hit-in-2025","P70","P90","BASE","[0.80 - 0.97]","188753254.123653"
"0x8c818a866e6a4e5821a4faac8418903e33e3dcd3","GRAVITON","germany-parliamentary-election","P50","P50","P90","[0.80 - 0.97]","134617984.549357"
"0x8de5e02553b6afba268e0ccf91f50d881d1f2b04","EQUILIBRIUM","super-bowl-champion-2026-731","P70","P70","P90","[0.60 - 0.80]","704096822.722044"
"0x8e0b7ae246205b1ddf79172148a58a3204139e5c","SIGNAL","nba-champion-2024-2025","P90","P90","P99","[0.20 - 0.40]","1712132663.961605"
"0x8e5c0cc55cda93d6cae14becb3b738a44dcaa68a","GRAVITON","presidential-election-winner-2024","P90","BASE","P99","[0.40 - 0.60]","3686335059.295466"
"0x8e77537e059837d3c2ca5b4efe75e74e9498c4f3","EQUILIBRIUM","what-price-will-bitcoin-hit-in-january-2026","P90","P90","P99","[0.80 - 0.97]","107746434.084592"
"0x8e8cf968a888c72a45627be3660d1c815d4c6657","ANOMALY","the-masters-winner-2026","P50","P50","P50","[0.60 - 0.80]","126018047.396663"
"0x8e9eedf20dfa70956d49f608a205e402d9df38e4","INSIDER","super-bowl-champion-2026-731","P99","P99","P90","[0.00 - 0.20]","704096822.722044"
"0x8ebfdc251c6c378d4a3a54a8f15cebfa4b9183ce","EQUILIBRIUM","what-price-will-bitcoin-hit-in-january-2026","P70","P70","P90","[0.80 - 0.97]","107746434.084592"
"0x8ed2e5858c81e56cef5f500b0dd5d70e6bd83422","EQUILIBRIUM","new-york-city-mayoral-election","P70","P70","P99","[0.80 - 0.97]","429614415.023426"
"0x8f037a2e4fd49d11267f4ab874ab7ba745ac64d6","EQUILIBRIUM","which-company-has-the-best-ai-model-end-of-february","P70","P70","P99","[0.60 - 0.80]","22455001.857654"
"0x8f053ac26c46b27f304cb51ae35dc6f677e3c0b8","EXTRACTOR","will-zelenskyy-wear-a-suit-before-july","BASE","BASE","P90","[0.97 - 1.00]","242231180.272023"
"0x8f23aead02f055b69c7f7db51a2d74187bb2c7d0","SIGNAL","college-football-champion-2025","P99","P90","P90","[0.00 - 0.20]","114932366.863053"
"0x8f29522666063bc74f208b21f8957512cfb9dd03","EQUILIBRIUM","fed-interest-rates-january-2025","P90","P70","P99","[0.80 - 0.97]","190915049.199301"
"0x8f2f04f6a10a8ffadb8b39999b5b3ef40adeb226","SUBSTRATE","us-x-venezuela-military-engagement-by","P50","P50","P70","[0.80 - 0.97]","87408771.528641"
"0x8f42ae0a01c0383c7ca8bd060b86a645ee74b88f","EQUILIBRIUM","fed-decision-in-december","P70","P70","P90","[0.60 - 0.80]","393905949.377453"
"0x8f6287a005b61b759b05c7e7a2f804d4cd7702ef","SIGNAL","presidential-election-popular-vote-winner-2024","P90","P90","P70","[0.20 - 0.40]","628163458.451128"
"0x8f69269039b9a401de28a38c2f1c3001364b7df1","EQUILIBRIUM","will-the-iranian-regime-fall-by-march-31","P90","P99","P90","[0.60 - 0.80]","63229537.941050"
"0x8f7a4b414417911e7e9bd738399874792cdbdb40","EQUILIBRIUM","new-york-city-mayoral-election","P90","P90","P99","[0.60 - 0.80]","429614415.023426"
"0x8f7bb1d97c28278e28943b8481f1a1651605154b","EQUILIBRIUM","us-x-venezuela-military-engagement-by","P90","P70","P70","[0.40 - 0.60]","87408771.528641"
"0x9055a9e36aa73274e3a92dc2dbb081bb4d9e756a","EXTRACTOR","will-crude-oil-cl-hit-by-end-of-march","BASE","BASE","P90","[0.97 - 1.00]","84160555.120290"
"0x90ed5bffbffbfc344aa1195572d89719a398b5bc","SIGNAL","us-x-venezuela-military-engagement-by","P99","P99","P90","[0.00 - 0.20]","87408771.528641"
"0x9106cf79b02f85d8f1e546802ed916648f44afcb","GRAVITON","super-bowl-champion-2026-731","P50","BASE","P99","[0.80 - 0.97]","704096822.722044"
"0x91168ddb61315a38c13f26b7d74764e21cfc6fda","EQUILIBRIUM","fed-decision-in-january","P70","P70","P99","[0.80 - 0.97]","659499548.531115"
"0x912a58103662ebe2e30328a305bc33131eca0f92","EQUILIBRIUM","ireland-presidential-election","P90","P70","P70","[0.60 - 0.80]","152026239.339043"
"0x9175cafef50f45e618258750d74e84eae60969a8","EQUILIBRIUM","presidential-election-winner-2024","P70","P70","P99","[0.40 - 0.60]","3686335059.295466"
"0x9180d46bd2a46c7955ec9df091698ac76a0ff0da","GRAVITON","romania-presidential-election-winner","P50","P50","P99","[0.40 - 0.60]","234266874.453681"
"0x91b0b236258f4622c4634649c19d019e4105f0b6","EQUILIBRIUM","nba-champion-2024-2025","P90","P90","P99","[0.80 - 0.97]","1712132663.961605"
"0x91c702f141502ecf64a18dd8b4fb07037b6a28cc","SIGNAL","college-football-champion-2025","P90","P90","P50","[0.20 - 0.40]","114932366.863053"
"0x9238743eeba8bbfe9e85ac7ba2e1e3d77877b73e","VECTOR","la-liga-winner","P90","P90","P90","[0.40 - 0.60]","277840555.158109"
"0x9256dc04d6a9af8410c253bb5c52a8ff6eb62e8b","GRAVITON","us-x-venezuela-military-engagement-by","P50","P50","P90","[0.80 - 0.97]","87408771.528641"
"0x92672c80d36dcd08172aa1e51dface0f20b70f9a","VECTOR","stanley-cup-winner","P90","P90","P99","[0.40 - 0.60]","249254121.669859"
"0x92e53057ef2872722a53fe807245bd387e1defee","EQUILIBRIUM","iran-x-israelus-conflict-ends-by","P70","P90","P90","[0.60 - 0.80]","100611326.572539"
"0x9317fa2a50f67d96c23fa7d51864bf4cce8d75d9","SUBSTRATE","which-company-has-the-best-ai-model-end-of-february","BASE","BASE","P50","[0.97 - 1.00]","22455001.857654"
"0x938673ccaa2dabaab91080c0c591628187bbfdfe","EQUILIBRIUM","next-president-of-south-korea","P90","P99","P90","[0.60 - 0.80]","290745774.792026"
"0x93abbc022ce98d6f45d4444b594791cc4b7a9723","EQUILIBRIUM","the-masters-winner-2026","P70","P70","P90","[0.20 - 0.40]","126018047.396663"
"0x93e6c5609f2babef7f581324608dac69d8da4fa4","EQUILIBRIUM","khamenei-out-as-supreme-leader-of-iran-by-march-31","P90","P70","P90","[0.20 - 0.40]","63238697.721704"
"0x944e0472b99926f4f712fc97dc0a846a8c5d8c94","VECTOR","winter-games-2026-most-gold-medals","P99","P99","P90","[0.40 - 0.60]","17239832.858499"
"0x94a428cfa4f84b264e01f70d93d02bc96cb36356","GRAVITON","presidential-election-winner-2024","BASE","BASE","P99","[0.60 - 0.80]","3686335059.295466"
"0x94cff0a688ca7b2e5b2602343c49bcd812123db3","EQUILIBRIUM","fed-decision-in-january","P70","P70","P99","[0.80 - 0.97]","659499548.531115"
"0x95074f700f93bdf6e62fc965e0832064c0877b04","EQUILIBRIUM","portugal-presidential-election","P70","P70","P90","[0.80 - 0.97]","136469386.189704"
"0x9524e6caca4da8aa811b57564a0a5a6d9fc286cf","EQUILIBRIUM","portugal-presidential-election","P70","P70","P90","[0.80 - 0.97]","136469386.189704"
"0x95bf944dd22691364154fb436ee922798566e00b","EQUILIBRIUM","fed-decision-in-january","P70","P70","P90","[0.80 - 0.97]","659499548.531115"
"0x963137a0ba0b02ebf6f37710023cc1b0303289a1","SUBSTRATE","us-x-venezuela-military-engagement-by","BASE","BASE","BASE","[0.97 - 1.00]","87408771.528641"
"0x96a45b19604cd6238a38e5b818fa166f5a5d4d01","EXTRACTOR","superbowl-champion-2025","BASE","BASE","P99","[0.97 - 1.00]","1152274393.340837"
"0x96b59f71f635da5da031e3e93448c54fe226f5e7","EQUILIBRIUM","germany-parliamentary-election","P99","P99","P99","[0.80 - 0.97]","134617984.549357"
"0x96c6740f9b58c5a38c9172147cd6266da06c34a2","INSIDER","electoral-college-margin-of-victory-in-the-2024-presidential-election","P99","P99","P70","[0.00 - 0.20]","116208770.606470"
"0x9703676286b93c2eca71ca96e8757104519a69c2","SIGNAL","pennsylvania-margin-of-victory","P90","P90","P70","[0.00 - 0.20]","192916820.428426"
"0x9708fd9556116218fd29c778e9d81d255b61925b","EQUILIBRIUM","nba-champion-2024-2025","P90","P90","P99","[0.60 - 0.80]","1712132663.961605"
"0x972bf37cae72a169e17ae0e6179821d5778b78ba","SUBSTRATE","winter-games-2026-ice-hockey-gold-medal-winner","BASE","P50","P70","[0.80 - 0.97]","19541942.551562"
"0x97317409bfd9e992611596acee93e8b938019b35","EQUILIBRIUM","what-price-will-bitcoin-hit-in-january-2026","P90","P90","P90","[0.60 - 0.80]","107746434.084592"
"0x973faa4db3b0529bf1e1b7e0c78d96d405a9b68d","EQUILIBRIUM","presidential-election-winner-2024","P70","P70","P99","[0.40 - 0.60]","3686335059.295466"
"0x97e12cc7391a50e49042b44a2d4a0cef54c8017b","EQUILIBRIUM","champions-league-winner-2025","P70","P70","P99","[0.60 - 0.80]","1001676674.300988"
"0x97e1e8027dd31b5db1467bb870c4bc0d1637ae74","EQUILIBRIUM","which-crypto-company-will-zachxbt-expose-for-insider-trading","P70","P70","P90","[0.40 - 0.60]","39650755.318580"
"0x97eb7ddf9139a3db0be99e81217e20546e219fbe","EXTRACTOR","which-crypto-company-will-zachxbt-expose-for-insider-trading","BASE","P50","P90","[0.97 - 1.00]","39650755.318580"
"0x98049e1caa4bfe9a5f46456182705e1e09286896","EQUILIBRIUM","highest-grossing-movie-in-2025","P70","P70","P99","[0.80 - 0.97]","124618231.928837"
"0x988463f1a6b17c2bac5f36715a3e1f211e88b165","EQUILIBRIUM","presidential-election-winner-2024","P70","P70","P99","[0.40 - 0.60]","3686335059.295466"
"0x989b67c86daa5675c2a7d0ee4107d2a38f628ef3","EXTRACTOR","fed-decision-in-july","P50","P50","P99","[0.97 - 1.00]","136613627.403447"
"0x98f7207b2461aaa89f89945ddc1f0bee628fb3e4","GRAVITON","super-bowl-champion-2026-731","P50","P50","P90","[0.80 - 0.97]","704096822.722044"
"0x993c072519306017fe9a6b3ee6fa4a02b3056787","GRAVITON","will-crude-oil-cl-hit-by-end-of-march","P99","P50","P90","[0.00 - 0.20]","84160555.120290"
"0x993f451b6d5c21996b1bf688493cea9c4c823ee3","EQUILIBRIUM","the-masters-winner-2026","P70","P70","P70","[0.20 - 0.40]","126018047.396663"
"0x994e3e768b592cd326a3dd6be283e95a833e9cf5","GRAVITON","next-prime-minster-of-canada","BASE","BASE","P90","[0.80 - 0.97]","120985208.028161"
"0x9977760c6bd6f824cac834d1a36ee99478d63020","GRAVITON","la-liga-winner","P90","P50","P90","[0.40 - 0.60]","277840555.158109"
"0x997cda7b31612e3c394bfb55440619f3f689251e","BURNER","what-price-will-bitcoin-hit-in-march-2026","P70","BASE","P99","[0.97 - 1.00]","99554303.753586"
"0x998154d8eb4ba7c4b34b10d76b9742d922d7dec4","EQUILIBRIUM","what-price-will-bitcoin-hit-in-february-2026","P90","P90","P99","[0.60 - 0.80]","121274308.347870"
"0x99bd18bf3b49a82cbd5749eafb3bfb117406238e","EQUILIBRIUM","winter-games-2026-ice-hockey-gold-medal-winner","P70","P70","P99","[0.20 - 0.40]","19541942.551562"
"0x9a4a4764d10916b32040f5c145e61e98ccb5170f","GRAVITON","germany-parliamentary-election","P50","P50","P99","[0.80 - 0.97]","134617984.549357"
"0x9a753d12065a8143ac69ea1732f67daab67b4347","EQUILIBRIUM","nba-champion-2024-2025","P90","P90","P99","[0.60 - 0.80]","1712132663.961605"
"0x9ac5c8496bc84f642bac181499bf64405a5c6a3d","EQUILIBRIUM","fed-decision-in-september","P90","P90","P70","[0.60 - 0.80]","220591460.745363"
"0x9aeb26fffc9ce02d02390ffc6035bfb809542f31","VECTOR","fed-decision-in-december","P90","P90","P90","[0.40 - 0.60]","393905949.377453"
"0x9aeb534c42b58b21673d5e03e9da14fbd15b2729","VECTOR","which-company-has-the-best-ai-model-end-of-february","P90","P90","P99","[0.40 - 0.60]","22455001.857654"
"0x9b3dcd99eec7fe11602e6534e6302c0f318d7422","VECTOR","stanley-cup-winner","P90","P90","P99","[0.40 - 0.60]","249254121.669859"
"0x9b979a065641e8cfde3022a30ed2d9415cf55e12","ANOMALY","fed-decision-in-october","P99","P99","P99","[0.00 - 0.20]","252485550.016563"
"0x9bbf8abf929eddbb4da10535cf4c02db33f4c59f","EQUILIBRIUM","what-price-will-bitcoin-hit-in-march-2026","P90","P90","P99","[0.80 - 0.97]","99554303.753586"
"0x9bcada74fbcaa331afecdf7e861fbc9532ecca1f","EQUILIBRIUM","fed-decision-in-january","P70","P70","P99","[0.80 - 0.97]","659499548.531115"
"0x9c2617462567859fcf5764e03b9a687ebca274bc","GRAVITON","will-crude-oil-cl-hit-by-end-of-march","P50","P50","P90","[0.80 - 0.97]","84160555.120290"
"0x9c42eb8b88cf9c1d267e905b6904aca205f2da3c","PASSENGER","fed-decision-in-october","BASE","BASE","P90","[0.97 - 1.00]","252485550.016563"
"0x9c667a1d1c1337c6dca9d93241d386e4ed346b66","OPERATOR","us-x-venezuela-military-engagement-by","P70","P70","P50","[0.60 - 0.80]","87408771.528641"
"0x9c6cecbb5541e2706d26b01389992af0db5b00b9","EQUILIBRIUM","new-york-city-mayoral-election","P70","P70","P90","[0.80 - 0.97]","429614415.023426"
"0x9c76cdb43fb46454da005fbc82047a64a18ec926","SUBSTRATE","fed-decision-in-december","P50","P50","P50","[0.80 - 0.97]","393905949.377453"
"0x9c82c60829df081d593055ee5fa288870c051f13","EQUILIBRIUM","fed-decision-in-december","P70","P70","P90","[0.80 - 0.97]","393905949.377453"
"0x9c95df82fe2f55f522cee739cefb08f528dded41","EQUILIBRIUM","poland-presidential-election","P70","P70","P70","[0.20 - 0.40]","128972884.206035"
"0x9c99d17ed70d628cff56c5d7bec2eaf567137250","EQUILIBRIUM","new-york-city-mayoral-election","P70","P70","P99","[0.80 - 0.97]","429614415.023426"
"0x9ca119b8cd7bdb890aecf1ff3b0f6e3a45cc13b5","ANOMALY","iran-x-israelus-conflict-ends-by","P70","P70","P70","[0.40 - 0.60]","100611326.572539"
"0x9cd5612308098866b7bb4b1634ec86cc5428ed17","EQUILIBRIUM","what-price-will-bitcoin-hit-in-2025","P70","P90","P99","[0.80 - 0.97]","188753254.123653"
"0x9cdda449d7cedf1072d74982a5dc2349df3d3e97","EQUILIBRIUM","nba-champion-2024-2025","P90","P90","P90","[0.60 - 0.80]","1712132663.961605"
"0x9d333d3122c0e38de533b2e59343a92df9e1fa02","EQUILIBRIUM","presidential-election-winner-2024","P70","P70","P99","[0.40 - 0.60]","3686335059.295466"
"0x9d84ce0306f8551e02efef1680475fc0f1dc1344","VECTOR","highest-grossing-movie-in-2024","P90","P99","P99","[0.40 - 0.60]","117998294.611533"
"0x9da54c66299338b1a5ca2d082d62e2a402948d11","SUBSTRATE","fed-decision-in-january","BASE","BASE","BASE","[0.97 - 1.00]","659499548.531115"
"0x9def9524630e31ff90f884eed32c3eecfbf8d1a5","EQUILIBRIUM","fed-decision-in-september","P70","P70","P90","[0.80 - 0.97]","220591460.745363"
"0x9dfe2f73d3c988a9d69df8fa0beb85651340b3dd","VECTOR","iran-x-israelus-conflict-ends-by","P90","P90","P70","[0.40 - 0.60]","100611326.572539"
"0x9e5c74c0bf46f0bf3fcd1064d17e6201c67fd8e6","GRAVITON","champions-league-winner-2025","P90","P50","P99","[0.40 - 0.60]","1001676674.300988"
"0x9e7e57fbc4dd03dc7b0eea98f1f01bc100083e1d","EQUILIBRIUM","next-president-of-south-korea","P70","P70","P99","[0.80 - 0.97]","290745774.792026"
"0x9e875b707889a9d3d240177fcecafb0208bdcaa2","EQUILIBRIUM","new-york-city-mayoral-election","P90","P90","P90","[0.80 - 0.97]","429614415.023426"
"0x9e8ecc4cb3c4e48f544cba2fbbb252a6a65e8db8","ICARUS","will-there-be-another-us-government-shutdown-by-january-31","P70","BASE","P70","[0.40 - 0.60]","157296576.448084"
"0x9ec7da81a2da3d47a47dd281b1ecf2cf2b3a35c0","GRAVITON","will-crude-oil-cl-hit-by-end-of-march","P50","P70","P99","[0.80 - 0.97]","84160555.120290"
"0x9efd3eb7b39a3989ec262c7f9790cab9c33880f3","OPERATOR","fed-decision-in-september","P50","P70","P70","[0.80 - 0.97]","220591460.745363"
"0x9f47f1fcb1701bf9eaf31236ad39875e5d60af93","ANOMALY","pennsylvania-margin-of-victory","P90","P90","P90","[0.20 - 0.40]","192916820.428426"
"0x9f996a00929384dd8299c6a1447e105f665f69e2","EQUILIBRIUM","fed-decision-in-october","P90","P90","P99","[0.80 - 0.97]","252485550.016563"
"0x9fad8308ef6b6ed5320e53a290a3bd4ad91f5a9f","EQUILIBRIUM","khamenei-out-as-supreme-leader-of-iran-by-february-28","P70","P70","P70","[0.00 - 0.20]","131114970.827221"
"0x9fefb57d21e15950df03246cde50ddbc521b361b","GRAVITON","lighter-market-cap-fdv-one-day-after-launch","BASE","P50","P99","[0.80 - 0.97]","106735062.224516"
"0xa022ba0a68e11a78348382ff168601012d4d77f8","EXTRACTOR","iran-x-israelus-conflict-ends-by","BASE","P50","P99","[0.97 - 1.00]","100611326.572539"
"0xa0275889acf34a77ae9b66ea6a58112f6101e1d5","INSIDER","next-president-of-south-korea","P99","P99","P90","[0.00 - 0.20]","290745774.792026"
"0xa0839548d1eab561ea484c7ce466678592cf0795","PASSENGER","what-price-will-bitcoin-hit-in-2025","P50","P70","P70","[0.97 - 1.00]","188753254.123653"
"0xa0ac4f760efc4ed637d099d74fad92aa424792fe","OPERATOR","stanley-cup-winner","P70","P70","P50","[0.80 - 0.97]","249254121.669859"
"0xa0bac72021f5d8fb959d7965c65d7a213c38e7eb","EQUILIBRIUM","what-price-will-bitcoin-hit-in-january-2026","P90","P90","P99","[0.60 - 0.80]","107746434.084592"
"0xa0bca9bdd8540da95060ed1fafb78aa03835d428","EXTRACTOR","iran-x-israelus-conflict-ends-by","BASE","P50","P90","[0.97 - 1.00]","100611326.572539"
"0xa102b434ce441a3119e146f75ed6276ee1a836d9","SIGNAL","germany-parliamentary-election","P99","P99","BASE","[0.00 - 0.20]","134617984.549357"
"0xa14b10b083b4ab5bfd0d80c749fb0a01d50cb944","EXTRACTOR","will-zelenskyy-wear-a-suit-before-july","BASE","BASE","P90","[0.97 - 1.00]","242231180.272023"
"0xa16a1302ca05463f30faebeb5c045767fde233a1","EXTRACTOR","elon-musk-of-tweets-february-3-february-10","BASE","BASE","P99","[0.97 - 1.00]","30207146.519795"
"0xa1d75a199ef084ee3ec9ae60dc986b439fe6e17e","GRAVITON","college-football-champion-2025","BASE","P90","P90","[0.60 - 0.80]","114932366.863053"
"0xa2b5bafa01d0f81926a2a88e5628a95b59fc4582","SIGNAL","super-bowl-champion-2026-731","P90","P90","P70","[0.20 - 0.40]","704096822.722044"
"0xa2c97a854993d3f4935334f89d7dada6a6269c10","EQUILIBRIUM","what-price-will-bitcoin-hit-in-january-2026","P90","P90","P99","[0.60 - 0.80]","107746434.084592"
"0xa2f1fecf1cc7db65a46588f764b6691533052d22","INSIDER","germany-parliamentary-election","P99","P99","BASE","[0.00 - 0.20]","134617984.549357"
"0xa38a455bbdd4b68486548b7e19da99903f4f821d","GRAVITON","2026-ncaa-tournament-winner","P50","P50","P90","[0.80 - 0.97]","27378307.673206"
"0xa3a39a3746dbd55f3a33ae38bd27ae2804c2c2f9","EQUILIBRIUM","fed-decision-in-december","P90","P70","P99","[0.60 - 0.80]","393905949.377453"
"0xa3a417e434923aeaf97afe9a61b10ff9364e5106","INSIDER","2026-ncaa-tournament-winner","P99","P99","P70","[0.00 - 0.20]","27378307.673206"
"0xa3ad70cf48a2f2b44163e798223c01a2c2536866","ANOMALY","which-company-has-the-best-ai-model-end-of-february","P99","P99","P99","[0.00 - 0.20]","22455001.857654"
"0xa3d48312c4c35c66752b19670fefbd2f18419969","SIGNAL","will-crude-oil-cl-hit-by-end-of-march","P99","P99","P90","[0.00 - 0.20]","84160555.120290"
"0xa3e1664fc43903ac3010c89fa3dd00828f665968","SIGNAL","will-crude-oil-cl-hit-by-end-of-march","P90","P99","P99","[0.20 - 0.40]","84160555.120290"
"0xa3e9a711841e655def080044768452b60f4263d0","EQUILIBRIUM","what-price-will-bitcoin-hit-in-march-2026","P90","P90","P90","[0.80 - 0.97]","99554303.753586"
"0xa416a5c03381c90b94e4c1881b0494281e3e025e","EQUILIBRIUM","what-price-will-bitcoin-hit-in-february-2026","P90","P90","P90","[0.60 - 0.80]","121274308.347870"
"0xa42f127d7e8df9f16881ffcc9ed0bc0326875f5a","ICARUS","what-price-will-bitcoin-hit-in-february-2026","P90","BASE","P99","[0.40 - 0.60]","121274308.347870"
"0xa49b6ea0a604c581f2a9569db42c192b1c487054","ANOMALY","elon-musk-of-tweets-march-27-april-3","P90","P90","P90","[0.20 - 0.40]","25093491.193389"
"0xa49becb692927d455924583b5e3e5788246f4c40","EQUILIBRIUM","eurovision-winner-2025","P70","P70","P90","[0.60 - 0.80]","105911052.705064"
"0xa4b366ad22fc0d06f1e934ff468e8922431a87b8","INSIDER","elon-musk-of-tweets-february-10-february-17","P99","P99","P50","[0.00 - 0.20]","23970691.191498"
"0xa4bd8f49695cf5d55924aca4cc2694952874e8a2","EQUILIBRIUM","us-next-strikes-iran-on-843","P90","P70","P90","[0.60 - 0.80]","56607533.530307"
"0xa52b785a5510117ac3ae03d75d029f89a36c9480","SIGNAL","nba-champion-2024-2025","P99","P99","P50","[0.20 - 0.40]","1712132663.961605"
"0xa540e7ff75ef4bf7ebc6c793cbabe87cee970b43","GRAVITON","will-crude-oil-cl-hit-by-end-of-march","P70","BASE","P99","[0.80 - 0.97]","84160555.120290"
"0xa564aaad2a650e43684211153e01f3eb112daa16","OPERATOR","superbowl-champion-2025","P70","P70","BASE","[0.40 - 0.60]","1152274393.340837"
"0xa584bd700e9a6c02b9b500ea077086d4f71028e5","EQUILIBRIUM","fed-decision-in-september","P70","P70","P90","[0.60 - 0.80]","220591460.745363"
"0xa58d4f278d7953cd38eeb929f7e242bfc7c0b9b8","GRAVITON","champions-league-winner-2025","P90","P50","P99","[0.20 - 0.40]","1001676674.300988"
"0xa59a71d5c2688b5b388e339ca235851621c97101","GRAVITON","presidential-election-winner-2024","BASE","P50","P99","[0.60 - 0.80]","3686335059.295466"
"0xa59c570a9eca148da55f6e1f47a538c0c600bb62","EQUILIBRIUM","elon-musk-of-tweets-february-24-march-3","P70","P70","P99","[0.80 - 0.97]","46476194.322481"
"0xa61ef8773ec2e821962306ca87d4b57e39ff0abd","EQUILIBRIUM","will-zelenskyy-wear-a-suit-before-july","P90","P70","P70","[0.60 - 0.80]","242231180.272023"
"0xa638749f9aa75ee30191b9296646c380f49a1d87","VECTOR","elon-musk-of-tweets-march-27-april-3","P90","P90","P90","[0.40 - 0.60]","25093491.193389"
"0xa6a856a8c8a7f14fd9be6ae11c367c7cbb755009","EQUILIBRIUM","nfl-mvp-1","P70","P90","P99","[0.40 - 0.60]","182452890.884702"
"0xa6d9b55a6a3a54a9d50ca94c64f00af69c50fd2f","GRAVITON","will-the-iranian-regime-fall-by-march-31","P50","P50","P90","[0.80 - 0.97]","63229537.941050"
"0xa6f8220dfac596335d6b6719f2a2c7b451cc316d","VECTOR","will-crude-oil-cl-hit-by-end-of-march","P90","P99","P90","[0.40 - 0.60]","84160555.120290"
"0xa7011667f22c121c6cea7aab30192307c58c47cd","EQUILIBRIUM","what-price-will-ethereum-hit-in-february-2026","P90","P90","P90","[0.80 - 0.97]","35823420.667874"
"0xa710f0eae9129df28a52e886902c443364004173","GRAVITON","presidential-election-popular-vote-winner-2024","P70","P50","P99","[0.20 - 0.40]","628163458.451128"
"0xa75cb55885d667de343b241d26268ef45981895e","EQUILIBRIUM","nba-champion-2024-2025","P90","P90","P99","[0.80 - 0.97]","1712132663.961605"
"0xa77105bb4d2d4d200b0133a2036222353831162d","EQUILIBRIUM","which-crypto-company-will-zachxbt-expose-for-insider-trading","P70","P70","P90","[0.20 - 0.40]","39650755.318580"
"0xa7745e05e29f0ce180a6c8d852dc32abf4b2dcaf","EQUILIBRIUM","presidential-election-winner-2024","P70","P70","P99","[0.40 - 0.60]","3686335059.295466"
"0xa7fa144dbc59c7171a9aced9a779e1f26cda16cb","EQUILIBRIUM","fed-decision-in-september","P70","P70","P99","[0.80 - 0.97]","220591460.745363"
"0xa80e3fe5e7a445fa047fe6de1e27f9a15217b94b","VECTOR","will-crude-oil-cl-hit-by-end-of-march","P90","P90","P99","[0.40 - 0.60]","84160555.120290"
"0xa81eefec9c08fa157d855f1ac5caf8feab1903dc","EQUILIBRIUM","will-the-iranian-regime-fall-by-march-31","P90","P90","P90","[0.60 - 0.80]","63229537.941050"
"0xa82b0e89cf734e2fa70cbd52ca65c77d64595220","SIGNAL","what-price-will-bitcoin-hit-in-january-2026","P90","P90","P70","[0.20 - 0.40]","107746434.084592"
"0xa8af4c7923857533b687df9bf02115156e3a325e","ANOMALY","us-x-venezuela-military-engagement-by","P90","P90","P90","[0.20 - 0.40]","87408771.528641"
"0xa8b202e6e9a4c2091b6860f1f5c9e9119bbc9a39","EXTRACTOR","fed-decision-in-march-885","BASE","BASE","P99","[0.97 - 1.00]","260075340.359646"
"0xa8c63f775ddbbe66b56614191747def3021444e8","SIGNAL","fed-interest-rates-january-2025","P99","P99","P90","[0.00 - 0.20]","190915049.199301"
"0xa8e0f6cd46306617f7b9d0897fef215fb02f1dd2","SIGNAL","la-liga-winner","P99","P99","P99","[0.20 - 0.40]","277840555.158109"
"0xa9650fe4301f45e7f090ada7252f9c1268183565","EQUILIBRIUM","what-price-will-bitcoin-hit-in-february-2026","P90","P90","P99","[0.60 - 0.80]","121274308.347870"
"0xa9878e59934ab507f9039bcb917c1bae0451141d","ANOMALY","2025-national-heads-up-poker-championship-winner-845","P99","P99","P99","[0.00 - 0.20]","235976211.664435"
"0xa9b44dca52ed35e59ac2a6f49d1203b8155464ed","INSIDER","new-york-city-mayoral-election","P99","P99","P90","[0.00 - 0.20]","429614415.023426"
"0xaa075924e1dc7cff3b9fab67401126338c4d2125","GRAVITON","winter-games-2026-ice-hockey-gold-medal-winner","BASE","P50","P99","[0.60 - 0.80]","19541942.551562"
"0xaa36032f65ff1507c3d45b86a22a64bd110d1289","GRAVITON","presidential-election-winner-2024","P50","P70","P99","[0.40 - 0.60]","3686335059.295466"
"0xaa98a4d9f524d1076b071dce22a3b6c753c24a57","VECTOR","what-price-will-bitcoin-hit-in-2025","P99","P99","P90","[0.40 - 0.60]","188753254.123653"
"0xaab9f5e600a5dd88fe3a6f93313b180f6220a08d","EQUILIBRIUM","highest-grossing-movie-in-2024","P90","P90","P90","[0.80 - 0.97]","117998294.611533"
"0xaaef789cc9037967f64f780d72f00d52277c472a","VECTOR","fed-decision-in-december","P90","P90","P99","[0.40 - 0.60]","393905949.377453"
"0xaaf4acafbb7980ce93631d238eb10a5c4ca67883","EQUILIBRIUM","electoral-college-margin-of-victory-in-the-2024-presidential-election","P70","P70","P90","[0.60 - 0.80]","116208770.606470"
"0xab0a0633093efe851db532907f55e9ffdbe99c25","SUBSTRATE","fed-interest-rates-january-2025","BASE","BASE","BASE","[0.97 - 1.00]","190915049.199301"
"0xab57cc188d8b0e3938005dcb55960e1768a2842b","EQUILIBRIUM","what-price-will-bitcoin-hit-in-2025","P70","P90","P99","[0.80 - 0.97]","188753254.123653"
"0xaba06aaf3d1fe58bb5a5e4b17856599f8e9552ca","GRAVITON","2026-ncaa-tournament-winner","P50","P50","P90","[0.80 - 0.97]","27378307.673206"
"0xabdc19966ccc439ef34e48f504dc672e5f4049ff","EQUILIBRIUM","what-price-will-bitcoin-hit-in-february-2026","P90","P90","P99","[0.80 - 0.97]","121274308.347870"
"0xac2474546159e1349c57514d879732793db3941c","SIGNAL","fed-decision-in-december","P99","P99","P99","[0.20 - 0.40]","393905949.377453"
"0xac4a1fabdac2438d6afa2a9e8e83845310a0bf1e","GRAVITON","iran-x-israelus-conflict-ends-by","P50","BASE","P90","[0.60 - 0.80]","100611326.572539"
"0xac80edc92b47b90fef0b8283b7c1f8bc87f197b1","EQUILIBRIUM","what-price-will-bitcoin-hit-in-february-2026","P90","P90","P99","[0.80 - 0.97]","121274308.347870"
"0xac92f07ce8848235f02a09f2624ed2116fab9d64","EQUILIBRIUM","fed-interest-rates-november-2024","P70","P70","P90","[0.80 - 0.97]","189537155.167586"
"0xaca23974e2b8131efbafaa1fe03ea9595ea0b9a1","VECTOR","elon-musk-of-tweets-february-3-february-10","P90","P90","P90","[0.40 - 0.60]","30207146.519795"
"0xacae3c6efeedd75f2b34564f55356855e8fd6798","ANOMALY","2026-ncaa-tournament-winner","P99","P99","P99","[0.00 - 0.20]","27378307.673206"
"0xacb206b460a17382a734de8d931cc176307eb989","GRAVITON","the-masters-winner-2026","P50","P50","P90","[0.80 - 0.97]","126018047.396663"
"0xacc8e9dcabf9d65a5c78e3bec6941ed53a2b7d08","GRAVITON","new-york-city-mayoral-election","P50","BASE","P90","[0.80 - 0.97]","429614415.023426"
"0xacd943c52e0ba8efcabfeaddfa3ca17c1a5a3d87","VECTOR","fed-interest-rates-january-2025","P99","P99","P99","[0.40 - 0.60]","190915049.199301"
"0xad5353afe30c2da57709e2704ef3ccdcf67eef24","INSIDER","2026-ncaa-tournament-winner","P99","P99","BASE","[0.00 - 0.20]","27378307.673206"
"0xad89f899f1524533adfd1e6a07da692fcd92f6e1","GRAVITON","new-york-city-mayoral-election","P70","P50","P90","[0.80 - 0.97]","429614415.023426"
"0xad947fcb81100b67a4e43727449b845aa2c585b1","EQUILIBRIUM","romania-bucharest-mayoral-election","P70","P70","P90","[0.40 - 0.60]","134249665.397437"
"0xad96914d7762dac84ebbabafe366ae8ff24dd498","EQUILIBRIUM","fed-decision-in-january","P70","P70","P99","[0.80 - 0.97]","659499548.531115"
"0xadc2efbf97ce7b25f7a638aabdba196c657cd1c9","EXTRACTOR","khamenei-out-as-supreme-leader-of-iran-by-february-28","BASE","BASE","P99","[0.97 - 1.00]","131114970.827221"
"0xae32cf17c67ce1ab07a622e53ea55dfb07b154ee","EQUILIBRIUM","presidential-election-winner-2024","P70","P70","P99","[0.40 - 0.60]","3686335059.295466"
"0xae363845352952cdea784f581e9ee99a219c8fb5","VECTOR","stanley-cup-winner","P90","P90","P99","[0.40 - 0.60]","249254121.669859"
"0xae36db2d9aa13bce2da12413a6211b375ac6dcf6","GRAVITON","presidential-election-winner-2024","P50","P50","P99","[0.40 - 0.60]","3686335059.295466"
"0xae557afb33fdc52d0a15624d3db078983b110f4b","EQUILIBRIUM","super-bowl-champion-2026-731","P70","P70","P99","[0.60 - 0.80]","704096822.722044"
"0xae7c98235d5dc797edfa3d3af2e0334238a4487e","ANOMALY","us-x-iran-ceasefire-extended-by","P90","P90","P90","[0.20 - 0.40]","210137726.510791"
"0xaed14eebe40967fa7d33e034cc1d6aa3dc648f84","EQUILIBRIUM","us-x-venezuela-military-engagement-by","P70","P70","P90","[0.80 - 0.97]","87408771.528641"
"0xaee4b5addec9eaf81485ecbebb888531a4bd6569","GRAVITON","presidential-election-winner-2024","P50","P50","P90","[0.40 - 0.60]","3686335059.295466"
"0xaf3909f0123a907b22d7add2cd1a59a072013101","EQUILIBRIUM","next-president-of-south-korea","P90","P70","P99","[0.80 - 0.97]","290745774.792026"
"0xaf458bee32b8f1d9ba39ee876f20c7e3ce62ec7d","EQUILIBRIUM","fed-decision-in-january","P70","P70","P99","[0.80 - 0.97]","659499548.531115"
"0xafbacaeeda63f31202759eff7f8126e49adfe61b","EQUILIBRIUM","nba-champion-2024-2025","P90","P90","P99","[0.80 - 0.97]","1712132663.961605"
"0xafd73e369b98c0bb6b9238e08d13abbd0af8211c","VECTOR","what-price-will-bitcoin-hit-in-february-2026","P90","P90","P99","[0.40 - 0.60]","121274308.347870"
"0xb03b826a4fc9893b35d3ddf4f11be824525b6ca1","EQUILIBRIUM","super-bowl-champion-2026-731","P70","P70","P90","[0.60 - 0.80]","704096822.722044"
"0xb0a827f94a225c8a1281624eee41fbf1e1ab5ea0","EQUILIBRIUM","new-york-city-mayoral-election","P70","P70","P99","[0.80 - 0.97]","429614415.023426"
"0xb10047d6a254b2ebb306d7a7d13bf59171ab6461","EQUILIBRIUM","what-price-will-bitcoin-hit-in-march-2026","P90","P90","P90","[0.80 - 0.97]","99554303.753586"
"0xb1a279adb096d316b1b168993e8ed976d3cd372a","VECTOR","next-prime-minster-of-canada","P90","P90","P70","[0.40 - 0.60]","120985208.028161"
"0xb2304a93c928e05c13e3b96b07be1f2ea8374193","ANOMALY","f1-drivers-champion","P90","P90","P90","[0.20 - 0.40]","159090251.150985"
"0xb2a200a58113541288a1c9b9f0da072bd6698471","PASSENGER","what-price-will-bitcoin-hit-in-2025","BASE","P50","P70","[0.97 - 1.00]","188753254.123653"
"0xb2caffc47672b897121b4f4a5dbe1ee75fbf0ac2","EQUILIBRIUM","what-price-will-ethereum-hit-in-february-2026","P90","P90","P90","[0.80 - 0.97]","35823420.667874"
"0xb2d62e284ac9f13f09dcdd8accab61bfdd7af3bd","EQUILIBRIUM","highest-grossing-movie-in-2024","P90","P90","P99","[0.60 - 0.80]","117998294.611533"
"0xb30fe15964655f469c29a0b7b7a7305ff02a9505","EQUILIBRIUM","will-the-iranian-regime-fall-by-march-31","P90","P99","P90","[0.60 - 0.80]","63229537.941050"
"0xb33d95f62714c3522ac133de55ba941927fe0392","EQUILIBRIUM","presidential-election-winner-2024","P70","P70","P99","[0.40 - 0.60]","3686335059.295466"
"0xb3c18d1a6e43c2012a48060b462f74f2aac01ef7","EQUILIBRIUM","which-crypto-company-will-zachxbt-expose-for-insider-trading","P70","P70","P90","[0.20 - 0.40]","39650755.318580"
"0xb401d9a2943926bc8046004d68a5ae8eef328b4b","GRAVITON","presidential-election-winner-2024","BASE","P50","P90","[0.60 - 0.80]","3686335059.295466"
"0xb403e859f53c45b82fc657f09c28bf27c1e806f0","PASSENGER","fed-decision-in-january","P50","P50","P70","[0.97 - 1.00]","659499548.531115"
"0xb40e89677d59665d5188541ad860450a6e2a7cc9","EQUILIBRIUM","us-next-strikes-iran-on-843","P90","P90","P70","[0.80 - 0.97]","56607533.530307"
"0xb41ac4e8907de5460e2dac0a98df8d1530d33a25","EQUILIBRIUM","what-price-will-bitcoin-hit-in-2025","P70","P70","P90","[0.80 - 0.97]","188753254.123653"
"0xb47adfafc08e77ec77b03a6d1496066675ae6d60","EQUILIBRIUM","what-price-will-bitcoin-hit-in-march-2026","P90","P90","P99","[0.80 - 0.97]","99554303.753586"
"0xb48b9192dc52eed724fa58c66fa8926d06a3648e","GRAVITON","fed-decision-in-september","P70","BASE","P99","[0.80 - 0.97]","220591460.745363"
"0xb48ef6deecd526c0974c35e1f7b5c3bbd12fa144","EQUILIBRIUM","fed-decision-in-january","P90","P90","P99","[0.60 - 0.80]","659499548.531115"
"0xb4f2310271b208f35b543bde10522db44cf67851","EQUILIBRIUM","nba-champion-2024-2025","P90","P90","P99","[0.60 - 0.80]","1712132663.961605"
"0xb4f2f0c858566fef705edf8efc1a5e9fba307862","EQUILIBRIUM","fed-decision-in-january","P99","P70","P90","[0.60 - 0.80]","659499548.531115"
"0xb4ff33ac1c696af6395992da15d3f133d9b376dd","SUBSTRATE","fed-decision-in-september","BASE","BASE","BASE","[0.97 - 1.00]","220591460.745363"
"0xb52ee3e874f645058d93fcf7c99dcdc96750d3c8","OPERATOR","fed-decision-in-october","P90","P90","P50","[0.80 - 0.97]","252485550.016563"
"0xb5320ec9649903bb2d15bd4bb69b776a309a7028","EQUILIBRIUM","new-york-city-mayoral-election","P70","P70","P99","[0.80 - 0.97]","429614415.023426"
"0xb53265f82ce244d4517747500c2991c5abeb84a4","GRAVITON","presidential-election-winner-2024","P50","BASE","P99","[0.60 - 0.80]","3686335059.295466"
"0xb532895e91e79422299d365c6bd0367ac35a916b","GRAVITON","presidential-election-winner-2024","BASE","BASE","P99","[0.60 - 0.80]","3686335059.295466"
"0xb55216ed55337cf9443139e4e5cace56426694a8","GRAVITON","super-bowl-champion-2026-731","P70","BASE","P90","[0.60 - 0.80]","704096822.722044"
"0xb5b8eb95db0c651af2b83fb804cc0b700ce5f0cb","EQUILIBRIUM","what-price-will-bitcoin-hit-in-2025","P70","P90","P90","[0.80 - 0.97]","188753254.123653"
"0xb5fc4d5388952dc7a798fe784fe659f9a20e5ca4","EQUILIBRIUM","what-price-will-bitcoin-hit-in-2025","P70","P90","P99","[0.60 - 0.80]","188753254.123653"
"0xb619ed5b378053f8309c307d2f7adf9c13665068","SIGNAL","what-price-will-bitcoin-hit-in-february-2026","P99","P99","P99","[0.20 - 0.40]","121274308.347870"
"0xb64f848897508c6f9b76934953758e10fa6b76d4","GRAVITON","presidential-election-winner-2024","P50","P50","P99","[0.60 - 0.80]","3686335059.295466"
"0xb6bed94e75c333dae24eb9c80b3fef47ef3cfcfe","SIGNAL","electoral-college-margin-of-victory-in-the-2024-presidential-election","P90","P90","P70","[0.00 - 0.20]","116208770.606470"
"0xb6c83e346ab31df6e24bc53ecb6e15c03b75b9e6","EQUILIBRIUM","what-price-will-bitcoin-hit-in-february-2026","P70","P70","P99","[0.80 - 0.97]","121274308.347870"
"0xb741a5dade4a298897a3124ed798a9cca1fba996","GRAVITON","new-york-city-mayoral-election","BASE","BASE","P99","[0.80 - 0.97]","429614415.023426"
"0xb74711992caf6d04fa55eecc46b8efc95311b050","ANOMALY","f1-drivers-champion","P90","P90","P90","[0.20 - 0.40]","159090251.150985"
"0xb75cebbe80b305baeeb125e05d0ee09eb58e2159","EQUILIBRIUM","what-price-will-solana-hit-in-february-2026","P90","P90","P99","[0.80 - 0.97]","14604192.801218"
"0xb7775d1337cbb9652f3e6c469473bc3b6f0e3ef1","EQUILIBRIUM","electoral-college-margin-of-victory-in-the-2024-presidential-election","P70","P70","P90","[0.40 - 0.60]","116208770.606470"
"0xb84304b56cb1e1d492708cd8c3c7796c08211b3f","GRAVITON","next-prime-minster-of-canada","BASE","BASE","P99","[0.80 - 0.97]","120985208.028161"
"0xb870716705e2dc6ce3aef36af6de07ac3177e5c9","SUBSTRATE","fed-decision-in-october","P50","P50","P70","[0.80 - 0.97]","252485550.016563"
"0xb886580698ede4b18de3e446b2d8da8bcedd81b3","EQUILIBRIUM","will-the-iranian-regime-fall-by-march-31","P90","P90","P90","[0.60 - 0.80]","63229537.941050"
"0xb89f0286ddf2c5ee853345f81fadfececc59ed90","GRAVITON","presidential-election-winner-2024","BASE","P50","P99","[0.60 - 0.80]","3686335059.295466"
"0xb89f5425341719d298dc2f5b9a92374f5fde1c44","GRAVITON","portugal-presidential-election","P70","P50","P90","[0.80 - 0.97]","136469386.189704"
"0xb8a717fed80eab7258a9ff6ba9961908691d7674","EQUILIBRIUM","fed-decision-in-january","P70","P70","P99","[0.80 - 0.97]","659499548.531115"
"0xb8d14d0488bee8a3f1403d118ba876f2e6ee40c3","EQUILIBRIUM","will-the-iranian-regime-fall-by-march-31","P90","P90","P70","[0.80 - 0.97]","63229537.941050"
"0xb8e3ab1cfe1a5610af9486d490fe987d99a15f7b","SUBSTRATE","fed-interest-rates-january-2025","P50","P50","P70","[0.97 - 1.00]","190915049.199301"
"0xb934a1fa59bd65326469584b8bab827c6752ab24","ANOMALY","romania-presidential-election-winner","P90","P90","P90","[0.20 - 0.40]","234266874.453681"
"0xb9b609ea2838c29126ba923726ee3192ca71630c","EQUILIBRIUM","fed-decision-in-january","P90","P70","P99","[0.80 - 0.97]","659499548.531115"
"0xb9e54e0e20a11f8add9cca41f9784bb41e6b1809","GRAVITON","will-crude-oil-cl-hit-by-end-of-march","P50","P50","P90","[0.80 - 0.97]","84160555.120290"
"0xb9fb0f986b660109af83a2e0e35e5eec88d58fee","EQUILIBRIUM","2026-ncaa-tournament-winner","P70","P70","P99","[0.40 - 0.60]","27378307.673206"
"0xb9fc8078fd6c0275c631ec10fcf8d5cc52d6da76","EQUILIBRIUM","what-price-will-bitcoin-hit-in-january-2026","P90","P90","P90","[0.60 - 0.80]","107746434.084592"
"0xba016b05c84c9f073e5c9059d247d37cea4b8535","VECTOR","what-price-will-bitcoin-hit-in-march-2026","P90","P90","P90","[0.40 - 0.60]","99554303.753586"
"0xba628f0616912257c2290ffe41e8f3a38f3aa624","EQUILIBRIUM","premier-league-winner-24-25","P90","P90","P70","[0.80 - 0.97]","808665619.121059"
"0xba664f999a18dce0aac6af698af434924a24f59d","EQUILIBRIUM","presidential-election-winner-2024","P70","P70","P99","[0.40 - 0.60]","3686335059.295466"
"0xba7586133ec7d540651f46d9d873abd7022c5eed","OPERATOR","highest-grossing-movie-in-2025","P70","P70","P50","[0.80 - 0.97]","124618231.928837"
"0xbaa2bcb5439e985ce4ccf815b4700027d1b92c73","EQUILIBRIUM","will-the-iranian-regime-fall-by-march-31","P90","P90","P90","[0.60 - 0.80]","63229537.941050"
"0xbab7e5508a5022e45904c24cac9a4ac4d6febc7c","PASSENGER","fed-decision-in-july","BASE","BASE","P70","[0.97 - 1.00]","136613627.403447"
"0xbacd00c9080a82ded56f504ee8810af732b0ab35","EQUILIBRIUM","next-president-of-south-korea","P90","P90","P90","[0.80 - 0.97]","290745774.792026"
"0xbad26fe5458e6219cec3e40272760e275e835296","ANOMALY","super-bowl-champion-2026-731","P90","P90","P90","[0.20 - 0.40]","704096822.722044"
"0xbb015bb4009b6a48bfb9363d9c9b1d54e9ab02e5","GRAVITON","us-x-venezuela-military-engagement-by","P50","BASE","P90","[0.80 - 0.97]","87408771.528641"
"0xbb39ba863319281427a482c8714ffdf69cb7ee8a","EQUILIBRIUM","which-company-has-the-best-ai-model-end-of-february","P90","P90","P90","[0.60 - 0.80]","22455001.857654"
"0xbb903888f2d952a1845c90142267c61b4926ad7f","EQUILIBRIUM","champions-league-winner-2025","P70","P70","P90","[0.40 - 0.60]","1001676674.300988"
"0xbb9c165825e9f233d1f611b50b193fe94513072b","GRAVITON","which-crypto-company-will-zachxbt-expose-for-insider-trading","P50","P50","P99","[0.80 - 0.97]","39650755.318580"
"0xbc2472a96accbe143b6f95e31929331e86cf3502","EQUILIBRIUM","next-president-of-south-korea","P70","P70","P90","[0.80 - 0.97]","290745774.792026"
"0xbc43a2f0deb85ba4ad316300762972089c911540","GRAVITON","khamenei-out-as-supreme-leader-of-iran-by-february-28","P50","P70","P90","[0.40 - 0.60]","131114970.827221"
"0xbc54e69667ceb6ccec538e5a0ba1927fc1fe680f","EXTRACTOR","will-zelenskyy-wear-a-suit-before-july","P50","BASE","P70","[0.97 - 1.00]","242231180.272023"
"0xbca17b0d255c88c972d859a76676e43432de7181","SIGNAL","what-price-will-bitcoin-hit-in-january-2026","P99","P90","P90","[0.00 - 0.20]","107746434.084592"
"0xbcb6ebb4368dd51722d68d25c740cde2ef5fc7c9","EQUILIBRIUM","fed-decision-in-october","P90","P90","P99","[0.80 - 0.97]","252485550.016563"
"0xbcd6358b674834ec8101c238ec0d52540f0c0790","EQUILIBRIUM","presidential-election-winner-2024","P70","P70","P99","[0.40 - 0.60]","3686335059.295466"
"0xbd027484ac08dd72d33de877fdb7b1d1fc59aba7","EQUILIBRIUM","what-price-will-bitcoin-hit-in-2025","P70","P70","P99","[0.80 - 0.97]","188753254.123653"
"0xbd2f7d4b6d9ec4188070079db70a1d8bc7088bae","EQUILIBRIUM","next-president-of-south-korea","P70","P90","P99","[0.80 - 0.97]","290745774.792026"
"0xbd5ca9c36e3c9bb3574007b46c401554ed33f5c4","SUBSTRATE","which-company-has-the-best-ai-model-end-of-february","BASE","BASE","BASE","[0.97 - 1.00]","22455001.857654"
"0xbd70eebd1374580d4fbbf0291f4b6fba44fdd270","SIGNAL","elon-musk-of-tweets-february-3-february-10","P90","P90","P90","[0.00 - 0.20]","30207146.519795"
"0xbdb0e406400033ada6ffe03f8915b5e23873f8ba","EXTRACTOR","what-price-will-bitcoin-hit-in-february-2026","P50","P50","P99","[0.97 - 1.00]","121274308.347870"
"0xbdd474c1268840cf2256ae8a2276c8423c59f3b6","EQUILIBRIUM","fed-decision-in-july","P70","P70","P99","[0.80 - 0.97]","136613627.403447"
"0xbddf61af533ff524d27154e589d2d7a81510c684","EQUILIBRIUM","the-masters-winner-2026","P70","P90","P70","[0.40 - 0.60]","126018047.396663"
"0xbde579ead903b9cf5c3fc4be5a0c515464769c38","SIGNAL","stanley-cup-winner","P90","P90","P90","[0.00 - 0.20]","249254121.669859"
"0xbe0f9dcd2a0675cf7169e382f6da28d753be9cbb","EQUILIBRIUM","what-price-will-bitcoin-hit-in-2025","P70","P90","P99","[0.80 - 0.97]","188753254.123653"
"0xbe195349beb0b8572991469ff9f64a3f1ef6eeb9","SUBSTRATE","2026-ncaa-tournament-winner","P50","P50","BASE","[0.80 - 0.97]","27378307.673206"
"0xbe89905ca9a689f5129621b62fcf715b5a45b88c","EQUILIBRIUM","fed-decision-in-january","P90","P90","P99","[0.80 - 0.97]","659499548.531115"
"0xbebe49168cc3fe33fd9060c6fc83355c3359a8b5","GRAVITON","romania-bucharest-mayoral-election","BASE","P50","P90","[0.80 - 0.97]","134249665.397437"
"0xbf0c8840cc6678b7ef6f47e1cc938bcf61881146","SUBSTRATE","nba-champion-2024-2025","P70","P70","P70","[0.97 - 1.00]","1712132663.961605"
"0xbf2c878cd5d6043697b32067be141647deeb097c","INSIDER","la-liga-winner","P99","P99","BASE","[0.00 - 0.20]","277840555.158109"
"0xbf49d1ad911a38bf8244eef9df4471c200f95608","GRAVITON","presidential-election-winner-2024","P50","P70","P99","[0.40 - 0.60]","3686335059.295466"
"0xbf5bf2730e1d679eb9d6ee37ef48d03959e823ca","EQUILIBRIUM","next-president-of-south-korea","P90","P90","P99","[0.80 - 0.97]","290745774.792026"
"0xbf93328f8b69273453228a82c913207731822fd7","EQUILIBRIUM","f1-drivers-champion","P70","P70","P99","[0.60 - 0.80]","159090251.150985"
"0xc02147dee42356b7a4edbb1c35ac4ffa95f61fa8","INSIDER","super-bowl-champion-2026-731","P99","P99","P70","[0.00 - 0.20]","704096822.722044"
"0xc0292a841a0c9a7320aa39075cffcf1b8f64f705","INSIDER","khamenei-out-as-supreme-leader-of-iran-by-february-28","P99","P99","P70","[0.00 - 0.20]","131114970.827221"
"0xc0bff7089f8536447e3d963fcbaa2d07e3e12032","VECTOR","what-price-will-bitcoin-hit-in-march-2026","P90","P90","P99","[0.40 - 0.60]","99554303.753586"
"0xc0ff6a9ac424210cf218fda5c5753324c34a9953","GRAVITON","us-x-iran-ceasefire-extended-by","BASE","P50","P90","[0.60 - 0.80]","210137726.510791"
"0xc10972c04ce8ad1ac5168821463e4a80a98f1ad2","SIGNAL","popular-vote-margin-of-victory-in-presidential-election","P90","P90","P90","[0.00 - 0.20]","124038744.446078"
"0xc15df433cc88a225cdda2d3f5955f3973f8e6186","PASSENGER","fed-interest-rates-january-2025","P70","P70","P70","[0.97 - 1.00]","190915049.199301"
"0xc1990f52b15a905e4b900299df9072326f48c67c","ANOMALY","winter-games-2026-ice-hockey-gold-medal-winner","P90","P90","P90","[0.20 - 0.40]","19541942.551562"
"0xc1a58674dbcc1d3208f7e61a0a8b252162caf290","EQUILIBRIUM","what-price-will-bitcoin-hit-in-2025","P70","P70","P99","[0.80 - 0.97]","188753254.123653"
"0xc1b399b26020a4f689108e9640fd3dc8ffc8501c","INSIDER","winter-games-2026-most-gold-medals","P99","P99","BASE","[0.00 - 0.20]","17239832.858499"
"0xc1ebd32c4ab4acb271371359cd596baf5eb24062","PASSENGER","what-price-will-bitcoin-hit-in-2025","P50","P50","P70","[0.97 - 1.00]","188753254.123653"
"0xc200069e35b24b45ce432fd9a659675381343c75","ANOMALY","presidential-election-popular-vote-winner-2024","P90","P90","P90","[0.20 - 0.40]","628163458.451128"
"0xc2494b32d65dea3a3a80712589d10bc5733f8a61","PASSENGER","what-price-will-bitcoin-hit-in-march-2026","P70","P70","P90","[0.97 - 1.00]","99554303.753586"
"0xc25120b27e01031b2122f74488dcdb077a78b9c3","EXTRACTOR","what-price-will-bitcoin-hit-in-january-2026","P70","P70","P99","[0.97 - 1.00]","107746434.084592"
"0xc25427ea224b8f9fa2df801233f944006ed33f73","GRAVITON","new-york-city-mayoral-election","BASE","BASE","P99","[0.80 - 0.97]","429614415.023426"
"0xc29629055861879e2b94f31becfe0e23e918c666","ANOMALY","poland-presidential-election","P90","P90","P90","[0.20 - 0.40]","128972884.206035"
"0xc2a37f1eb84fcc156c8aece9105dc1a73a36c3a6","GRAVITON","new-york-city-mayoral-election","P70","BASE","P99","[0.80 - 0.97]","429614415.023426"
"0xc2d1eac09c5a5d1c0828eccf8d6e5bac1cd320f0","GRAVITON","romania-presidential-election-winner","P50","P50","P99","[0.40 - 0.60]","234266874.453681"
"0xc35049bc7b6bd28a49a40b261466ca91aad63669","EXTRACTOR","winter-games-2026-ice-hockey-gold-medal-winner","BASE","BASE","P90","[0.97 - 1.00]","19541942.551562"
"0xc360d21ee29dfa4635ad8af3013131adbda70c46","EQUILIBRIUM","next-president-of-south-korea","P90","P70","P90","[0.80 - 0.97]","290745774.792026"
"0xc390fa385403669645a20d81fc672a25d1ad28bd","EQUILIBRIUM","nfl-mvp-1","P90","P70","P99","[0.40 - 0.60]","182452890.884702"
"0xc3cd1d612bbf9fbf80da5a9bff0b0470cb46816c","GRAVITON","super-bowl-champion-2026-731","P70","BASE","P99","[0.80 - 0.97]","704096822.722044"
"0xc3db6a07351313cc684759dee1722d2bb1e90f98","INSIDER","us-next-strikes-iran-on-843","P99","P99","P90","[0.00 - 0.20]","56607533.530307"
"0xc4086b708cd3a50880b7069add1a1a80000f4675","INSIDER","ireland-presidential-election","P99","P99","P90","[0.00 - 0.20]","152026239.339043"
"0xc449e7593d00104cee02845423a2c7d8e9c6f3d5","EQUILIBRIUM","fed-decision-in-october","P70","P70","P90","[0.80 - 0.97]","252485550.016563"
"0xc44d644ddc841431037a94d87b3a28760f30935c","GRAVITON","2026-ncaa-tournament-winner","P50","P50","P99","[0.80 - 0.97]","27378307.673206"
"0xc49fe658479db29e1a2fefebf0735f657dca9e05","ANOMALY","super-bowl-champion-2026-731","P90","P90","P90","[0.20 - 0.40]","704096822.722044"
"0xc4cf7b4ccc72c3b63736410ddc7dcde73ed8129a","GRAVITON","presidential-election-winner-2024","BASE","P50","P99","[0.60 - 0.80]","3686335059.295466"
"0xc4d1a863e9cc45d02ba22d3a1ae9ba7822018ce8","EQUILIBRIUM","new-york-city-mayoral-election","P90","P90","P99","[0.60 - 0.80]","429614415.023426"
"0xc4d5a24a240ec9f52669e3251e0473fd0c5687cf","INSIDER","highest-grossing-movie-in-2025","P99","P99","P70","[0.00 - 0.20]","124618231.928837"
"0xc5d343df2e64662ca50a4d37333c183e515ad640","EQUILIBRIUM","fed-decision-in-september","P90","P90","P90","[0.60 - 0.80]","220591460.745363"
"0xc60956381d561c6e63d08ac8e09fdc2be0f0e74d","GRAVITON","electoral-college-margin-of-victory-in-the-2024-presidential-election","P50","P70","P90","[0.80 - 0.97]","116208770.606470"
"0xc6208602d8a6295983ebfe0b0aeb51ce92a82da3","GRAVITON","presidential-election-popular-vote-winner-2024","BASE","P50","P99","[0.80 - 0.97]","628163458.451128"
"0xc631d9d610b9939f0b915b1916864e9b806876f6","EQUILIBRIUM","what-price-will-bitcoin-hit-in-2025","P70","P99","P90","[0.60 - 0.80]","188753254.123653"
"0xc65ca4755436f82d8eb461e65781584b8cadea39","GRAVITON","winter-games-2026-ice-hockey-gold-medal-winner","BASE","P50","P90","[0.40 - 0.60]","19541942.551562"
"0xc684828f6b03487759ced2ebdd975f91f3532228","SIGNAL","what-price-will-bitcoin-hit-in-january-2026","P90","P90","P99","[0.20 - 0.40]","107746434.084592"
"0xc6a28c25a8409f2d5bea1d5041355eec097fd076","ANOMALY","romania-bucharest-mayoral-election","P90","P90","P90","[0.20 - 0.40]","134249665.397437"
"0xc6dd722558dbfbd8fa780efcbe819ed8c6604b9f","GRAVITON","new-york-city-mayoral-election","P70","BASE","P99","[0.80 - 0.97]","429614415.023426"
"0xc703e8bec77521afea724001a663f6615297c3d5","PASSENGER","super-bowl-champion-2026-731","BASE","BASE","P70","[0.97 - 1.00]","704096822.722044"
"0xc70d1ee2b62ad46772f78a9fcc1d834232e00880","OPERATOR","next-president-of-south-korea","P90","P90","BASE","[0.60 - 0.80]","290745774.792026"
"0xc747b8f900a08f59974f50989e0703344ba0324b","SIGNAL","what-price-will-solana-hit-in-february-2026","P99","P99","P90","[0.00 - 0.20]","14604192.801218"
"0xc7a25a48673a3c65a41763bcbf31313346f2e78a","OPERATOR","eurovision-winner-2025","P70","P70","BASE","[0.80 - 0.97]","105911052.705064"
"0xc84f7e76ec28ef20e7773b7b4926bfb7378be0c5","GRAVITON","khamenei-out-as-supreme-leader-of-iran-by-february-28","BASE","P50","P90","[0.80 - 0.97]","131114970.827221"
"0xc851cd9bee7d262afd78674f861f9f576a12cd2a","VECTOR","fed-decision-in-september","P90","P90","P99","[0.40 - 0.60]","220591460.745363"
"0xc8ab97a9089a9ff7e6ef0688e6e591a066946418","VECTOR","fed-decision-in-december","P90","P90","P99","[0.40 - 0.60]","393905949.377453"
"0xc8b438e4a1c10643ea0ea3e59bcaadc73174f05d","EQUILIBRIUM","nba-champion-2024-2025","P90","P70","P99","[0.40 - 0.60]","1712132663.961605"
"0xc8b9a30184244d427169cf62485dde6041b2b836","ANOMALY","romania-bucharest-mayoral-election","P90","P90","P90","[0.20 - 0.40]","134249665.397437"
"0xc93e036884e6c130865af31c3bf12d8493b3cd26","SUBSTRATE","what-price-will-solana-hit-in-february-2026","P70","P70","P50","[0.97 - 1.00]","14604192.801218"
"0xc9469fbe92ab22600d6e198bb1fd25c2d87d1825","EXTRACTOR","what-price-will-bitcoin-hit-in-2025","BASE","BASE","P99","[0.97 - 1.00]","188753254.123653"
"0xc96aeabae8c81faf8d803201da1d2461cefc396a","EQUILIBRIUM","what-price-will-bitcoin-hit-in-2025","P70","P90","P90","[0.60 - 0.80]","188753254.123653"
"0xc96e5287ab294ac0388c2ddb00180fc464cff1f9","EXTRACTOR","iran-x-israelus-conflict-ends-by","BASE","BASE","P90","[0.97 - 1.00]","100611326.572539"
"0xc9b6227a295985591fe576ff2e054267a78a9b6a","SIGNAL","new-york-city-mayoral-election","P99","P99","P90","[0.20 - 0.40]","429614415.023426"
"0xc9d215499f36c66f6f7d9c8e712731d9a7ebd11f","VECTOR","presidential-election-winner-2024","P90","P90","P99","[0.40 - 0.60]","3686335059.295466"
"0xc9dcc3d90ad3e34fe4132eb8661ae728d6da9026","EQUILIBRIUM","what-price-will-bitcoin-hit-in-2025","P70","P90","P90","[0.60 - 0.80]","188753254.123653"
"0xc9f9a7610efa67b8614c3152f50af2bd9db6c5e8","VECTOR","lighter-market-cap-fdv-one-day-after-launch","P90","P90","P90","[0.40 - 0.60]","106735062.224516"
"0xca23f2f702140b5245c517aef5cd9888a6320e77","EQUILIBRIUM","presidential-election-winner-2024","P70","P70","P99","[0.40 - 0.60]","3686335059.295466"
"0xca334ba9a3ad086f0fce66d2b073d1f6c5c7918c","EQUILIBRIUM","fed-decision-in-december","P90","P90","P99","[0.60 - 0.80]","393905949.377453"
"0xca62d607db80661b987badf01abb499eee5afbfa","EQUILIBRIUM","will-zelenskyy-wear-a-suit-before-july","P70","P90","P90","[0.80 - 0.97]","242231180.272023"
"0xca886a7ed635c3b770fccfd251c86eec34967caa","INSIDER","us-next-strikes-iran-on-843","P99","P99","BASE","[0.00 - 0.20]","56607533.530307"
"0xcaab19659b995951a44cc992447cb2ad5be324dd","GRAVITON","germany-parliamentary-election","P50","P50","P90","[0.80 - 0.97]","134617984.549357"
"0xcacf2bf1906bb3c74a0e0453bfb91f1374e335ff","SUBSTRATE","champions-league-winner-2025","BASE","P50","BASE","[0.97 - 1.00]","1001676674.300988"
"0xcb2952fd655813ad0f9ee893122c54298e1a975e","EQUILIBRIUM","presidential-election-winner-2024","P70","P70","P99","[0.40 - 0.60]","3686335059.295466"
"0xcb3143ee858e14d0b3fe40ffeaea78416e646b02","INSIDER","2026-ncaa-tournament-winner","P99","P99","P70","[0.00 - 0.20]","27378307.673206"
"0xcb32027c1de441f2148b13657c8d2bc36c90c216","SIGNAL","fed-decision-in-september","P99","P99","P99","[0.20 - 0.40]","220591460.745363"
"0xcb511a62cd64f8ba9071d4b5bafa985f6729d2f5","SIGNAL","2026-ncaa-tournament-winner","P99","P99","P70","[0.00 - 0.20]","27378307.673206"
"0xcb59ea1babf3b26ea50088057e427ab0ed8f0a22","EQUILIBRIUM","new-york-city-mayoral-election","P70","P90","P90","[0.80 - 0.97]","429614415.023426"
"0xcbed92a9dc14802a2957de4a7d81d3c6a038bbb9","SUBSTRATE","2026-ncaa-tournament-winner","P50","P50","P70","[0.80 - 0.97]","27378307.673206"
"0xcc3e87226912d35893b678eaa8a39d57b6fe37ef","EQUILIBRIUM","which-company-has-the-best-ai-model-end-of-february","P70","P70","P99","[0.60 - 0.80]","22455001.857654"
"0xcc500cbcc8b7cf5bd21975ebbea34f21b5644c82","EQUILIBRIUM","what-price-will-bitcoin-hit-in-march-2026","P90","P90","P99","[0.60 - 0.80]","99554303.753586"
"0xcc7b6376adee4c5720512cf1797c12d708468606","SUBSTRATE","fed-interest-rates-january-2025","P70","P70","BASE","[0.97 - 1.00]","190915049.199301"
"0xcce2b7c71f21e358b8e5e797e586cbc03160d58b","GRAVITON","fed-interest-rates-november-2024","P50","P50","P90","[0.80 - 0.97]","189537155.167586"
"0xccf25be5f62cb1e2fbdc6b0392aa50584e6e41b7","VECTOR","premier-league-winner-24-25","P90","P90","P90","[0.40 - 0.60]","808665619.121059"
"0xcd3675803ac7c8242a83fd6ecdfe3d2239ae0f01","EXTRACTOR","f1-drivers-champion","BASE","BASE","P90","[0.97 - 1.00]","159090251.150985"
"0xcd6482d6b4fd8f314384ad19f9e85ea0ce187445","GRAVITON","2026-ncaa-tournament-winner","P50","P50","P90","[0.80 - 0.97]","27378307.673206"
"0xcd6be6693e2bc11150d397caa9e6f7c6744b68f5","EQUILIBRIUM","fed-decision-in-january","P70","P70","P90","[0.80 - 0.97]","659499548.531115"
"0xcd71fd5370880f3d92bb941e628c05840fe0d127","EQUILIBRIUM","fed-decision-in-july","P90","P90","P99","[0.80 - 0.97]","136613627.403447"
"0xcd91a549956854fdc38efad7e80ff5da8f5432b8","GRAVITON","nba-champion-2024-2025","P90","BASE","P99","[0.60 - 0.80]","1712132663.961605"
"0xcdae215927f04fb24fdf679f6c5923f6fb8ab808","ICARUS","what-price-will-bitcoin-hit-in-2025","P99","BASE","P99","[0.40 - 0.60]","188753254.123653"
"0xcdb1f1ef8213c06911e4ba6a884176c5571e276c","GRAVITON","will-crude-oil-cl-hit-by-end-of-march","P50","BASE","P90","[0.80 - 0.97]","84160555.120290"
"0xce0ebbbfb38babb8951c413f77a6e7d543a90d92","GRAVITON","presidential-election-winner-2024","BASE","BASE","P99","[0.60 - 0.80]","3686335059.295466"
"0xce66940dfe6dc18bc151d66d52a66eb2121bcc64","EQUILIBRIUM","us-x-venezuela-military-engagement-by","P70","P70","P99","[0.60 - 0.80]","87408771.528641"
"0xce6d28f3ddddcfcde1b90683525d5a2759d16130","GRAVITON","presidential-election-winner-2024","P50","P70","P90","[0.40 - 0.60]","3686335059.295466"
"0xce866fbe3519fc4ef61a1ea4677eba61b5c4c0ce","EQUILIBRIUM","presidential-election-winner-2024","P70","P90","P99","[0.40 - 0.60]","3686335059.295466"
"0xce92cb6392091c79404c884426b895eef99d6e4b","EQUILIBRIUM","poland-presidential-election","P70","P70","P90","[0.20 - 0.40]","128972884.206035"
"0xcf0d7f69cf162918b33fc1ea7449583fa537132d","EQUILIBRIUM","pennsylvania-margin-of-victory","P90","P90","P90","[0.60 - 0.80]","192916820.428426"
"0xcf6a714618a328c608a1c70cb62a31a6bef3f9d0","GRAVITON","us-x-venezuela-military-engagement-by","P70","P50","P90","[0.80 - 0.97]","87408771.528641"
"0xcf6e295f9cc9767eb5579c83177fc87676d4b45b","EQUILIBRIUM","next-president-of-south-korea","P90","P90","P70","[0.60 - 0.80]","290745774.792026"
"0xcf85229910b818881b7efe01423e289862ed8941","GRAVITON","presidential-election-winner-2024","BASE","BASE","P99","[0.60 - 0.80]","3686335059.295466"
"0xcfb183622c7922092bccef457ef801307de1ff1b","GRAVITON","presidential-election-popular-vote-winner-2024","BASE","P50","P90","[0.60 - 0.80]","628163458.451128"
"0xcfdac27a4deacf1cdd26bd425dc68874ce97bede","EQUILIBRIUM","superbowl-champion-2025","P70","P70","P99","[0.40 - 0.60]","1152274393.340837"
"0xd0394bd0de8d901c3fde039a86bf08e6aa4a2532","INSIDER","speaker-of-the-house-for-the-119th-congress","P99","P99","P90","[0.00 - 0.20]","188408380.572023"
"0xd043d8bdca05c5f9ecdf75df3c6681ac74ca7e85","GRAVITON","presidential-election-winner-2024","BASE","P50","P90","[0.60 - 0.80]","3686335059.295466"
"0xd046e672e26d5f928b069d56c0fdb7802d63e564","SUBSTRATE","next-president-of-south-korea","BASE","BASE","BASE","[0.97 - 1.00]","290745774.792026"
"0xd04d631183d7568356f598a3c77181ec4ab6d0e5","SIGNAL","eurovision-winner-2025","P90","P90","P70","[0.20 - 0.40]","105911052.705064"
"0xd0606a9f3547bbd12fd07d20175958c3ef0d44a5","GRAVITON","presidential-election-winner-2024","P50","P50","P99","[0.40 - 0.60]","3686335059.295466"
"0xd06f0f7719df1b3b75b607923536b3250825d4a6","EQUILIBRIUM","fed-interest-rates-november-2024","P70","P70","P90","[0.60 - 0.80]","189537155.167586"
"0xd0c042c08f755ff940249f62745e82d356345565","EQUILIBRIUM","presidential-election-popular-vote-winner-2024","P70","P70","P99","[0.20 - 0.40]","628163458.451128"
"0xd0f1c48f7eb486764bd48eff644f7e66a73a6712","EQUILIBRIUM","what-price-will-bitcoin-hit-in-march-2026","P90","P90","P99","[0.80 - 0.97]","99554303.753586"
"0xd1001f4ef07ee37774934a8bc0083185ef6b853d","GRAVITON","the-masters-winner-2026","P50","P50","P90","[0.60 - 0.80]","126018047.396663"
"0xd122bf241e4ce0ece88d67952a2caced3e124e82","SUBSTRATE","what-price-will-bitcoin-hit-in-2025","P50","P70","P50","[0.97 - 1.00]","188753254.123653"
"0xd189664c5308903476f9f079820431e4fd7d06f4","INSIDER","new-york-city-mayoral-election","P99","P99","P90","[0.00 - 0.20]","429614415.023426"
"0xd1a463f77d45ac8b8e3f8ee4eac0032638a683ce","EQUILIBRIUM","nfl-mvp-1","P70","P70","P99","[0.60 - 0.80]","182452890.884702"
"0xd1acd3925d895de9aec98ff95f3a30c5279d08d5","SIGNAL","nba-champion-2024-2025","P90","P90","P99","[0.20 - 0.40]","1712132663.961605"
"0xd1c769317bd15de7768a70d0214cf0bbcc531d2b","EXTRACTOR","super-bowl-champion-2026-731","BASE","BASE","P99","[0.97 - 1.00]","704096822.722044"
"0xd1d7ea56e398d30462316c99a6c23247362b71dc","EQUILIBRIUM","lighter-market-cap-fdv-one-day-after-launch","P70","P70","P99","[0.60 - 0.80]","106735062.224516"
"0xd1ecfa3e7d221851663f739626dcd15fca565d8e","EQUILIBRIUM","super-bowl-champion-2026-731","P70","P70","P99","[0.60 - 0.80]","704096822.722044"
"0xd1ed12197b7dc22dede923727e9b714024dbd7cb","INSIDER","romania-bucharest-mayoral-election","P99","P99","P70","[0.00 - 0.20]","134249665.397437"
"0xd1f6675ce1d649c8eae972695fca44e6aaad4aec","PASSENGER","what-price-will-solana-hit-in-february-2026","BASE","BASE","P90","[0.97 - 1.00]","14604192.801218"
"0xd218e474776403a330142299f7796e8ba32eb5c9","SIGNAL","fed-interest-rates-november-2024","P99","P90","P90","[0.00 - 0.20]","189537155.167586"
"0xd235973291b2b75ff4070e9c0b01728c520b0f29","GRAVITON","presidential-election-winner-2024","BASE","P50","P99","[0.60 - 0.80]","3686335059.295466"
"0xd25c72ac0928385610611c8148803dc717334d20","EQUILIBRIUM","winter-games-2026-most-gold-medals","P90","P90","P70","[0.60 - 0.80]","17239832.858499"
"0xd2678dc3b152a54900f28b0e849afe2049df9dc6","GRAVITON","poland-presidential-election","P50","P50","P90","[0.40 - 0.60]","128972884.206035"
"0xd28bd093c04327746fb107d64d2cdaee0a83af39","GRAVITON","next-president-of-south-korea","P70","P50","P99","[0.80 - 0.97]","290745774.792026"
"0xd31a2ea0b5f9a10c2eb78dcc36df016497d5386e","EQUILIBRIUM","presidential-election-popular-vote-winner-2024","P70","P70","P99","[0.20 - 0.40]","628163458.451128"
"0xd34bf815245d5bcea098cb0ea17df360b5c50004","VECTOR","nfl-mvp-1","P90","P90","P90","[0.40 - 0.60]","182452890.884702"
"0xd3989ba133ab48b5b3a81e3dba9b37b5966a46d7","SIGNAL","nba-champion-2024-2025","P99","P99","P99","[0.20 - 0.40]","1712132663.961605"
"0xd3a6e523c440f94f9259398fbcf7b5cc5ccffd55","SIGNAL","popular-vote-margin-of-victory-in-presidential-election","P90","P90","P90","[0.00 - 0.20]","124038744.446078"
"0xd3bae4c0e18556f88d1f683275d59821b097e793","SUBSTRATE","fed-decision-in-december","BASE","P50","BASE","[0.80 - 0.97]","393905949.377453"
"0xd4140031e313f8d850740a80d2ee6653c925a4db","EXTRACTOR","iran-x-israelus-conflict-ends-by","BASE","BASE","P90","[0.97 - 1.00]","100611326.572539"
"0xd426adbc3c4461c86099c26221c877f20e42334a","EQUILIBRIUM","will-crude-oil-cl-hit-by-end-of-march","P70","P70","P99","[0.40 - 0.60]","84160555.120290"
"0xd42f6a1634a3707e27cbae14ca966068e5d1047d","SIGNAL","nfl-mvp-1","P99","P99","P90","[0.00 - 0.20]","182452890.884702"
"0xd44e1d167666040a39a8eb58b6676ab027463212","EQUILIBRIUM","will-the-iranian-regime-fall-by-march-31","P70","P70","P70","[0.80 - 0.97]","63229537.941050"
"0xd44e974a3edb232aa4aedbdcc59792b76a5f67e2","EQUILIBRIUM","us-x-venezuela-military-engagement-by","P70","P70","P70","[0.60 - 0.80]","87408771.528641"
"0xd456646742a36c1d92f0bacba8a38d5e69157e8f","GRAVITON","presidential-election-winner-2024","BASE","BASE","P99","[0.60 - 0.80]","3686335059.295466"
"0xd46be610a32e5c6ee094977e3caf9ab89c525dab","INSIDER","stanley-cup-winner","P99","P99","P90","[0.00 - 0.20]","249254121.669859"
"0xd49c4579bbc25d1d1a26a1976c9576d806c98150","BURNER","what-price-will-bitcoin-hit-in-2025","P70","BASE","P99","[0.97 - 1.00]","188753254.123653"
"0xd4b8bb3e5e56961f21d6d021c5c6e6a5165f5e11","EQUILIBRIUM","nfl-mvp-1","P70","P90","P99","[0.40 - 0.60]","182452890.884702"
"0xd4c38e00d99e16f4799550bdbc76faa3606e899f","GRAVITON","presidential-election-winner-2024","BASE","P50","P99","[0.60 - 0.80]","3686335059.295466"
"0xd4f904ecac0ff22ac6601de6b972d4f8b6b4f619","EQUILIBRIUM","what-price-will-bitcoin-hit-in-january-2026","P90","P90","P99","[0.60 - 0.80]","107746434.084592"
"0xd5196bdf50199e195c58a6aff2114cc0e455932c","EQUILIBRIUM","what-price-will-bitcoin-hit-in-march-2026","P90","P90","P90","[0.60 - 0.80]","99554303.753586"
"0xd524aafb1ed72b2d53e58abc08cccd005e498b92","GRAVITON","presidential-election-winner-2024","BASE","BASE","P99","[0.60 - 0.80]","3686335059.295466"
"0xd5b2ac010d2452c6497ae7eebacca60c7112e006","EQUILIBRIUM","fed-decision-in-july","P90","P90","P99","[0.80 - 0.97]","136613627.403447"
"0xd5b97d08ec6098407bfbf66c2786ccc9967fe44e","EQUILIBRIUM","will-the-iranian-regime-fall-by-march-31","P90","P99","P70","[0.60 - 0.80]","63229537.941050"
"0xd5ccdf772f795547e299de57f47966e24de8dea4","EXTRACTOR","presidential-election-winner-2024","BASE","BASE","P99","[0.97 - 1.00]","3686335059.295466"
"0xd5f52231d2af24bba8021dbd102c2bddfbefea4e","EQUILIBRIUM","what-price-will-ethereum-hit-in-february-2026","P90","P90","P90","[0.80 - 0.97]","35823420.667874"
"0xd604ab303e351a9c829606aa7184b9bfd375cb5f","EXTRACTOR","winter-games-2026-ice-hockey-gold-medal-winner","BASE","BASE","P99","[0.97 - 1.00]","19541942.551562"
"0xd67ba35aef659c872377a5ac2becb7ada7f85780","INSIDER","elon-musk-of-tweets-february-10-february-17","P99","P99","P50","[0.00 - 0.20]","23970691.191498"
"0xd68f18b3d24c1cc7e61dc9325aa6aeba59ba0a13","GRAVITON","presidential-election-winner-2024","BASE","BASE","P99","[0.60 - 0.80]","3686335059.295466"
"0xd69be738370bc835e854a447f2a8d96619f91ed8","EQUILIBRIUM","what-price-will-bitcoin-hit-in-2025","P70","P90","P90","[0.80 - 0.97]","188753254.123653"
"0xd6a39cef30c927c4d57b5cc519f3a2d0332a9738","VECTOR","nba-champion-2024-2025","P90","P90","P90","[0.40 - 0.60]","1712132663.961605"
"0xd6b6f6924341b00626e603240f799644d4b6342b","EQUILIBRIUM","ireland-presidential-election","P90","P90","P90","[0.60 - 0.80]","152026239.339043"
"0xd6eef76188c7068719ac881460b7431e1ae137a2","EQUILIBRIUM","what-price-will-solana-hit-in-february-2026","P90","P90","P90","[0.80 - 0.97]","14604192.801218"
"0xd6f44883f664d7dc963d8b89c5a0689fdd330566","PASSENGER","will-zelenskyy-wear-a-suit-before-july","P50","BASE","P70","[0.97 - 1.00]","242231180.272023"
"0xd7375270e4769d3cc31885773070a5f12d5bbe95","SIGNAL","us-x-iran-ceasefire-extended-by","P90","P90","BASE","[0.20 - 0.40]","210137726.510791"
"0xd748c701ad93cfec32a3420e10f3b08e68612125","EQUILIBRIUM","new-york-city-mayoral-election","P70","P70","P99","[0.80 - 0.97]","429614415.023426"
"0xd76218b4edaf16e334d298ecadb4e1cb8318a4e1","GRAVITON","presidential-election-winner-2024","P50","P70","P99","[0.40 - 0.60]","3686335059.295466"
"0xd776f0a066fd3014ecfac89cfd414440982bffeb","OPERATOR","the-masters-winner-2026","P50","P70","P50","[0.60 - 0.80]","126018047.396663"
"0xd7a58948a0aba3015f057ab4ecc5bef039e47c26","EXTRACTOR","what-price-will-bitcoin-hit-in-march-2026","BASE","BASE","P99","[0.97 - 1.00]","99554303.753586"
"0xd7b0032c7288cc0832d278b6ec520eb00b0dbd69","GRAVITON","new-york-city-mayoral-election","P50","P70","P90","[0.80 - 0.97]","429614415.023426"
"0xd7eee5e918dc59fa32386a4ad8a89655946e9597","EQUILIBRIUM","what-price-will-ethereum-hit-in-february-2026","P90","P90","P70","[0.80 - 0.97]","35823420.667874"
"0xd7f85d0eb0fe0732ca38d9107ad0d4d01b1289e4","OPERATOR","fed-decision-in-december","P70","P70","BASE","[0.80 - 0.97]","393905949.377453"
"0xd809c54478c5e50fe2aa20acccf0857baa0a6542","SUBSTRATE","the-masters-winner-2026","P50","P50","P70","[0.60 - 0.80]","126018047.396663"
"0xd80d312dc232eae240af118a9df95007ab70124f","EQUILIBRIUM","presidential-election-winner-2024","P70","P70","P99","[0.40 - 0.60]","3686335059.295466"
"0xd830027529b0baca2a52fd8a4dee43d366a9a592","EQUILIBRIUM","2026-ncaa-tournament-winner","P70","P70","P90","[0.60 - 0.80]","27378307.673206"
"0xd863977ebd4c83f6bc39be0c30ee4ac994f8a129","GRAVITON","presidential-election-winner-2024","P50","P70","P99","[0.40 - 0.60]","3686335059.295466"
"0xd87a4012b40aad76a870fed7d1976e9224dfd3b8","VECTOR","us-next-strikes-iran-on-843","P90","P90","P90","[0.40 - 0.60]","56607533.530307"
"0xd8c4d45000b7976d897ab79c21780e46faaa848d","ANOMALY","elon-musk-of-tweets-march-27-april-3","P90","P90","P90","[0.20 - 0.40]","25093491.193389"
"0xd915db7b0c05cb5649dc84ec06264bc118d01d54","PASSENGER","fed-decision-in-july","BASE","BASE","P70","[0.97 - 1.00]","136613627.403447"
"0xd961dd5107dc8cfbc95d26f3c9c9bac9264235de","GRAVITON","2026-ncaa-tournament-winner","P70","P50","P99","[0.60 - 0.80]","27378307.673206"
"0xd98635c6bafebb11787bdbfd80688612d1bc1320","VECTOR","eurovision-winner-2025","P90","P90","P90","[0.40 - 0.60]","105911052.705064"
"0xd99f3bec8e060ada0aef0c4057695dd5bc22fcdc","EXTRACTOR","iran-x-israelus-conflict-ends-by","BASE","BASE","P90","[0.97 - 1.00]","100611326.572539"
"0xd9a0cdd2f18d42f7cf0540d38036c597925288ee","EQUILIBRIUM","nba-champion-2024-2025","P90","P90","P99","[0.60 - 0.80]","1712132663.961605"
"0xd9be4e8f031a5beaa1f0d29ceff2826e3cc91d98","GRAVITON","presidential-election-winner-2024","P50","P50","P90","[0.60 - 0.80]","3686335059.295466"
"0xd9e0aaca471f489be338fd0f91a26e8669a805f2","EQUILIBRIUM","nfl-mvp-1","P70","P70","P90","[0.40 - 0.60]","182452890.884702"
"0xda0f4e3f79a50b8601b3cb9d421f48ce11bbf0e7","EQUILIBRIUM","lighter-market-cap-fdv-one-day-after-launch","P99","P70","P90","[0.20 - 0.40]","106735062.224516"
"0xda475f640892d0014c086b7e4f25317f5778f40a","EQUILIBRIUM","nba-champion-2024-2025","P90","P90","P99","[0.80 - 0.97]","1712132663.961605"
"0xdaad6f960d507dba148c1ff908db5a28743169cc","EXTRACTOR","superbowl-champion-2025","BASE","BASE","P99","[0.97 - 1.00]","1152274393.340837"
"0xdac862d4677cf9316a508978578c688a24ddeb85","GRAVITON","new-york-city-mayoral-election","P50","BASE","P99","[0.80 - 0.97]","429614415.023426"
"0xdaef2be2a19ad331737d06545f85615b094554e9","EQUILIBRIUM","will-the-iranian-regime-fall-by-march-31","P90","P90","P90","[0.60 - 0.80]","63229537.941050"
"0xdb27bf2ac5d428a9c63dbc914611036855a6c56e","SIGNAL","super-bowl-champion-2026-731","P90","P90","P99","[0.20 - 0.40]","704096822.722044"
"0xdb38fc28f56b059124e324a65461cd0db50ece37","GRAVITON","presidential-election-winner-2024","BASE","P50","P99","[0.60 - 0.80]","3686335059.295466"
"0xdb45465e6ffd7f6ac5e4b13bf0718c438bb3b5d6","VECTOR","what-price-will-bitcoin-hit-in-march-2026","P90","P90","P90","[0.40 - 0.60]","99554303.753586"
"0xdb5ad26b68d77ae966d29e7180147272ab7a3965","EQUILIBRIUM","what-price-will-bitcoin-hit-in-2025","P70","P90","P90","[0.60 - 0.80]","188753254.123653"
"0xdb8d7baf8a05fb0d36f7405a64a37255752e5a52","GRAVITON","presidential-election-winner-2024","BASE","BASE","P99","[0.60 - 0.80]","3686335059.295466"
"0xdbade4c82fb72780a0db9a38f821d8671aba9c95","EQUILIBRIUM","super-bowl-champion-2026-731","P70","P90","P99","[0.60 - 0.80]","704096822.722044"
"0xdbb9b3616f733e19278d1ca6f3207a8344b5ed8d","EQUILIBRIUM","nba-champion-2024-2025","P90","P90","P99","[0.60 - 0.80]","1712132663.961605"
"0xdc03d611e5bcc9f1c87edb95edeb91671471804c","EQUILIBRIUM","will-the-iranian-regime-fall-by-march-31","P90","P90","P90","[0.60 - 0.80]","63229537.941050"
"0xdc09c0fdf3e8b550faaaa96e0e7c74ef938a9024","GRAVITON","will-there-be-another-us-government-shutdown-by-january-31","BASE","BASE","P90","[0.80 - 0.97]","157296576.448084"
"0xdc26d7776929e9c84a3d9651e13260dece6f7e7d","VECTOR","will-crude-oil-cl-hit-by-end-of-march","P90","P90","P70","[0.40 - 0.60]","84160555.120290"
"0xdc6376fbd799e9f328bb1843ad55b7917fc5f8bf","PASSENGER","what-price-will-bitcoin-hit-in-january-2026","BASE","BASE","P90","[0.97 - 1.00]","107746434.084592"
"0xdc767c90ec054dd8250cf27cb4b2f675c9807842","EQUILIBRIUM","lighter-market-cap-fdv-one-day-after-launch","P90","P70","P90","[0.40 - 0.60]","106735062.224516"
"0xdc9986ee952b74bc5bd36ef03dff16b02b2dede8","PASSENGER","what-price-will-bitcoin-hit-in-2025","BASE","P50","P50","[0.97 - 1.00]","188753254.123653"
"0xdc9ca7e8803ef19fd0e4b867da14f4793b7ffb00","EQUILIBRIUM","fed-decision-in-october","P90","P99","P90","[0.60 - 0.80]","252485550.016563"
"0xdcd669c506a938bae9269a84b8bd2bdb220484cd","EXTRACTOR","fed-decision-in-january","P50","P50","P99","[0.97 - 1.00]","659499548.531115"
"0xdd225a03cd7ed89e3931906c67c75ab31cf89ef1","EQUILIBRIUM","nfl-mvp-1","P90","P70","P90","[0.40 - 0.60]","182452890.884702"
"0xdd2dcebc3a85e8e7f986143446b13f91cb8e84e6","EXTRACTOR","elon-musk-of-tweets-february-3-february-10","P50","P50","P90","[0.97 - 1.00]","30207146.519795"
"0xdd54538fc93ad3dbb64afc26554c20c6f6c8b245","EQUILIBRIUM","will-there-be-another-us-government-shutdown-by-january-31","P70","P90","P70","[0.40 - 0.60]","157296576.448084"
"0xdd8184551f4b3fca3fc780d4d1c6342d7c2d9640","SUBSTRATE","the-masters-winner-2026","P50","P50","BASE","[0.60 - 0.80]","126018047.396663"
"0xdd9c961288a032098076267bd665d407dac231a0","EQUILIBRIUM","fed-decision-in-january","P90","P90","P99","[0.60 - 0.80]","659499548.531115"
"0xdde191011bf40e8609b9ccc954327d533567ea9b","EXTRACTOR","will-zelenskyy-wear-a-suit-before-july","BASE","BASE","P90","[0.97 - 1.00]","242231180.272023"
"0xddff18c9e86262e62af046d818dda0c3de6f52d6","EQUILIBRIUM","fed-decision-in-january","P70","P70","P99","[0.80 - 0.97]","659499548.531115"
"0xde0463ea7f611b065e8ab06bbfbddad75e6dfa37","EQUILIBRIUM","fed-interest-rates-january-2025","P90","P90","P99","[0.80 - 0.97]","190915049.199301"
"0xde17f7144fbd0eddb2679132c10ff5e74b120988","EQUILIBRIUM","what-price-will-bitcoin-hit-in-march-2026","P90","P90","P99","[0.80 - 0.97]","99554303.753586"
"0xde7be6d489bce070a959e0cb813128ae659b5f4b","VECTOR","what-price-will-bitcoin-hit-in-march-2026","P99","P90","P99","[0.40 - 0.60]","99554303.753586"
"0xdf17f4a8dd01a4cfa6fc3da323a2baee5f8697d1","VECTOR","nba-eastern-conference-champion","P90","P90","P90","[0.40 - 0.60]","287395629.769278"
"0xdf2e12c6a53671d0b08f29d0391728097029ddec","EQUILIBRIUM","fed-decision-in-july","P90","P90","P99","[0.80 - 0.97]","136613627.403447"
"0xdf6da574f8b0c0ce5e01ddb1c5a49b87993e9c5c","SIGNAL","what-price-will-bitcoin-hit-in-2025","P99","P99","P90","[0.20 - 0.40]","188753254.123653"
"0xdfe3fedc5c7679be42c3d393e99d4b55247b73c4","EQUILIBRIUM","next-president-of-south-korea","P90","P90","P99","[0.80 - 0.97]","290745774.792026"
"0xe013362bceda65cbc7c146aa3f7a32ad078468f8","GRAVITON","presidential-election-winner-2024","BASE","BASE","P99","[0.80 - 0.97]","3686335059.295466"
"0xe02c5438dfb907d5ac4cbf3967b45d14e4ed5d08","EQUILIBRIUM","us-x-venezuela-military-engagement-by","P90","P70","P90","[0.40 - 0.60]","87408771.528641"
"0xe0368af7f5777989b927b7ad0d420562fee8616c","GRAVITON","tiktok-banned-in-the-us-before-may-2025","BASE","P50","P90","[0.80 - 0.97]","119653357.735965"
"0xe0f1e7751df4035f78a5eb2f4296c98b4d5bc4bd","SIGNAL","what-price-will-bitcoin-hit-in-january-2026","P90","P90","BASE","[0.00 - 0.20]","107746434.084592"
"0xe103707480b4f1625bce4084795f91ac503459fd","GRAVITON","fed-decision-in-september","P70","P50","P90","[0.80 - 0.97]","220591460.745363"
"0xe1055b4b4c1342281bf5cba7d18074f8126f9cb3","GRAVITON","next-prime-minster-of-canada","P70","BASE","P99","[0.60 - 0.80]","120985208.028161"
"0xe10a19c32e25fd63bb290e5204c2535eb29064cb","EQUILIBRIUM","presidential-election-winner-2024","P70","P90","P99","[0.40 - 0.60]","3686335059.295466"
"0xe153f01aa2cdb10b1ad775f5d3ae60f65ed6e415","GRAVITON","2026-ncaa-tournament-winner","P50","P50","P90","[0.80 - 0.97]","27378307.673206"
"0xe154165732b79548f7533fc45168b102dd7a0b7f","SIGNAL","highest-grossing-movie-in-2025","P99","P90","P90","[0.00 - 0.20]","124618231.928837"
"0xe19125dcc086f6f0097a9516b35626b4a8abaca4","PASSENGER","fed-decision-in-january","BASE","BASE","P50","[0.97 - 1.00]","659499548.531115"
"0xe1b361d6a6f237b9ed7534d19b232df8369e1426","EQUILIBRIUM","fed-decision-in-july","P90","P90","P90","[0.80 - 0.97]","136613627.403447"
"0xe1e27a12e5aa338a39fd9787adf507aec8130abe","SIGNAL","fed-interest-rates-january-2025","P99","P99","P99","[0.20 - 0.40]","190915049.199301"
"0xe1e7036279433715711a65fc3254a8af558c5fb6","GRAVITON","presidential-election-winner-2024","P70","BASE","P99","[0.40 - 0.60]","3686335059.295466"
"0xe1e75b51779e5f65ac4c5375c846e256082d12fe","ANOMALY","superbowl-champion-2025","P70","P70","P70","[0.40 - 0.60]","1152274393.340837"
"0xe20a1538293903b746ffe6c4ce2d5c3c0300e469","EQUILIBRIUM","super-bowl-champion-2026-731","P70","P70","P99","[0.60 - 0.80]","704096822.722044"
"0xe24838258b572f1771dffba3bcdde57a78def293","EQUILIBRIUM","electoral-college-margin-of-victory-in-the-2024-presidential-election","P70","P70","P90","[0.80 - 0.97]","116208770.606470"
"0xe25b9180f5687aa85bd94ee309bb72a464320f1b","EQUILIBRIUM","highest-grossing-movie-in-2025","P90","P90","P99","[0.60 - 0.80]","124618231.928837"
"0xe25e65e2bcdd9a64a4813397d84e464d49f00aa5","GRAVITON","presidential-election-winner-2024","BASE","BASE","P90","[0.60 - 0.80]","3686335059.295466"
"0xe2b1fc269d0c2e27da11fadd1d9596fe28227d2a","SIGNAL","highest-grossing-movie-in-2025","P90","P90","P99","[0.20 - 0.40]","124618231.928837"
"0xe2f028d6cb7dfde9a4b5099b9b1ad392df0590fa","EQUILIBRIUM","poland-presidential-election","P70","P70","P90","[0.20 - 0.40]","128972884.206035"
"0xe3726a1b9c6ba2f06585d1c9e01d00afaedaeb38","INSIDER","nba-champion-2024-2025","P99","P99","P90","[0.00 - 0.20]","1712132663.961605"
"0xe3ae7670827d2100beee9223a9a38dd16bfa440e","EQUILIBRIUM","portugal-presidential-election","P70","P70","P90","[0.80 - 0.97]","136469386.189704"
"0xe40172522c7c64afa2d052ddae6c92cd0f417b88","GRAVITON","the-masters-winner-2026","BASE","BASE","P99","[0.80 - 0.97]","126018047.396663"
"0xe40ea00e74059c76c0035c919ef6b99c3e25a94d","EQUILIBRIUM","what-price-will-solana-hit-in-february-2026","P90","P90","P99","[0.80 - 0.97]","14604192.801218"
"0xe425c212da67b7e65635343e29ef212565dc6155","OPERATOR","germany-parliamentary-election","P90","P90","P50","[0.80 - 0.97]","134617984.549357"
"0xe43c7b9adddeaf01ba16bc3c5b27f034407801ad","GRAVITON","presidential-election-popular-vote-winner-2024","P70","P50","P99","[0.20 - 0.40]","628163458.451128"
"0xe4cfbb89c05d3429280c69969aee2cfb7a4678c4","INSIDER","which-company-has-the-best-ai-model-end-of-february","P99","P99","P90","[0.00 - 0.20]","22455001.857654"
"0xe4d38496a46e4bfd2036d4e9389a955595d6c2f0","GRAVITON","2026-ncaa-tournament-winner","P50","P50","P90","[0.80 - 0.97]","27378307.673206"
"0xe4f84ae8aca2b370e7eef7519a40364b9d052b68","SUBSTRATE","the-masters-winner-2026","BASE","BASE","P50","[0.80 - 0.97]","126018047.396663"
"0xe529bca3ba9ab80b3d8fb3fc1e657521f64be7b1","GRAVITON","next-president-of-south-korea","BASE","BASE","P99","[0.80 - 0.97]","290745774.792026"
"0xe52c0a1327a12edc7bd54ea6f37ce00a4ca96924","EQUILIBRIUM","fed-decision-in-july","P90","P70","P99","[0.80 - 0.97]","136613627.403447"
"0xe5416e0f10088e4c59f2a8e686cdb8aba7dbd45d","INSIDER","which-crypto-company-will-zachxbt-expose-for-insider-trading","P99","P99","BASE","[0.00 - 0.20]","39650755.318580"
"0xe542afd3881c4c330ba0ebbb603bb470b2ba0a37","EQUILIBRIUM","2025-national-heads-up-poker-championship-winner-845","P90","P70","P90","[0.60 - 0.80]","235976211.664435"
"0xe55108581aec68af7686bd4cbc4f53ef93680a67","VECTOR","lighter-market-cap-fdv-one-day-after-launch","P90","P90","P99","[0.40 - 0.60]","106735062.224516"
"0xe598435df0cdf5d22bdd5082d557f75f9180a0a8","GRAVITON","lighter-market-cap-fdv-one-day-after-launch","P90","BASE","P90","[0.40 - 0.60]","106735062.224516"
"0xe5a565a0564dc54159e503ca74925835f00585c3","EQUILIBRIUM","presidential-election-winner-2024","P70","P70","P99","[0.40 - 0.60]","3686335059.295466"
"0xe5b0a2b38390fd47bb7174580e7c40c0bc81be26","GRAVITON","fed-decision-in-september","P50","P50","P99","[0.80 - 0.97]","220591460.745363"
"0xe6299886c39b1c0724b797a576b6c0d8908c4b09","EQUILIBRIUM","2026-ncaa-tournament-winner","P70","P70","P90","[0.60 - 0.80]","27378307.673206"
"0xe639e41094bbeae18f3e6d1790c17299183f082a","EQUILIBRIUM","fed-decision-in-january","P70","P70","P99","[0.80 - 0.97]","659499548.531115"
"0xe6535d86446728d567f4929557c2c4eb3cdbc4a7","EQUILIBRIUM","2026-ncaa-tournament-winner","P70","P70","P90","[0.60 - 0.80]","27378307.673206"
"0xe6c9eee27de792a9fdcdd322822452625d0f975e","GRAVITON","will-crude-oil-cl-hit-by-end-of-march","P90","P50","P90","[0.20 - 0.40]","84160555.120290"
"0xe732156a2d84cdfb4de831d3f11a22899e49898f","BURNER","us-x-venezuela-military-engagement-by","P50","BASE","P90","[0.80 - 0.97]","87408771.528641"
"0xe734e7bf7cfb9e464681f71822f6c2f6be514f0c","GRAVITON","will-crude-oil-cl-hit-by-end-of-march","P70","P50","P99","[0.60 - 0.80]","84160555.120290"
"0xe7387473b067235436884d16799777cf279edf65","EQUILIBRIUM","us-next-strikes-iran-on-843","P90","P90","P90","[0.80 - 0.97]","56607533.530307"
"0xe74995389bfc1c24ca656e6c2502c1fca757f771","GRAVITON","presidential-election-winner-2024","BASE","BASE","P99","[0.60 - 0.80]","3686335059.295466"
"0xe75c5abf0647d8b2b1f5a8f64f3387d7311df6c2","GRAVITON","next-prime-minster-of-canada","P70","P50","P90","[0.60 - 0.80]","120985208.028161"
"0xe83cc0c82d009a1c349c1a89feaadfcee9655e8f","EQUILIBRIUM","nba-champion-2024-2025","P90","P90","P99","[0.60 - 0.80]","1712132663.961605"
"0xe899b5ea69afb161da7a35597b6fe70398860899","GRAVITON","will-zelenskyy-wear-a-suit-before-july","P50","P70","P90","[0.80 - 0.97]","242231180.272023"
"0xe8dd21003e7bd102a90ed6817e38afcb58a4b684","GRAVITON","presidential-election-winner-2024","BASE","P50","P99","[0.60 - 0.80]","3686335059.295466"
"0xe8dd7741ccb12350957ec71e9ee332e0d1e6ec86","ANOMALY","which-company-has-the-best-ai-model-end-of-february","P99","P99","P99","[0.00 - 0.20]","22455001.857654"
"0xe90bec87d9ef430f27f9dcfe72c34b76967d5da2","EQUILIBRIUM","what-price-will-bitcoin-hit-in-february-2026","P90","P70","P99","[0.80 - 0.97]","121274308.347870"
"0xe9514aa0b925353ea0d5e32978d636ec25ebde18","EQUILIBRIUM","fed-decision-in-january","P90","P90","P99","[0.80 - 0.97]","659499548.531115"
"0xe97c911cd8b43d8ba649d5b65a9261de61da2a99","SIGNAL","fed-decision-in-december","P99","P90","P90","[0.20 - 0.40]","393905949.377453"
"0xea2b4224411e723499a803ce3f4758779fb31fc6","GRAVITON","winter-games-2026-ice-hockey-gold-medal-winner","P50","P50","P90","[0.40 - 0.60]","19541942.551562"
"0xea2f794a7f0ce05e4bbd357b3ccbb3bd2048a8ef","EQUILIBRIUM","poland-presidential-election","P90","P70","P90","[0.00 - 0.20]","128972884.206035"
"0xea40ad86cd24d518b7ffbbe6a3a01a299e5d05a7","SUBSTRATE","fed-decision-in-september","BASE","BASE","BASE","[0.97 - 1.00]","220591460.745363"
"0xea45124c26c5fe50ab6d7786776b47f42da7284c","EQUILIBRIUM","new-york-city-mayoral-election","P70","P70","P99","[0.80 - 0.97]","429614415.023426"
"0xead152b855effa6b5b5837f53b24c0756830c76a","EQUILIBRIUM","2026-ncaa-tournament-winner","P70","P70","P99","[0.40 - 0.60]","27378307.673206"
"0xeae71b3df17b5c45e67b63cd271ac077657b1884","EQUILIBRIUM","nba-champion-2024-2025","P90","P90","P99","[0.80 - 0.97]","1712132663.961605"
"0xeb19c2a1b57784c90a4c1b9aa65cff5587f5534f","EXTRACTOR","fed-decision-in-december","BASE","BASE","P99","[0.97 - 1.00]","393905949.377453"
"0xeb25989daa631877d17d5555a3386e2cd73523e1","VECTOR","presidential-election-winner-2024","P90","P90","P99","[0.40 - 0.60]","3686335059.295466"
"0xeb4ada4cce58bf9e14c4ebd913dffb6451d94ef5","GRAVITON","fed-decision-in-september","P50","P50","P90","[0.80 - 0.97]","220591460.745363"
"0xeb504e30a56b99a50edfcb0e74a1f5a707b7be06","GRAVITON","presidential-election-winner-2024","P50","P70","P99","[0.40 - 0.60]","3686335059.295466"
"0xeb6f0a13ea8c5a7a0514c25495adbe815c1025f0","EQUILIBRIUM","fed-decision-in-july","P90","P90","P99","[0.80 - 0.97]","136613627.403447"
"0xebc0df15e665da95bf819105b723ae90042ffa41","VECTOR","us-next-strikes-iran-on-843","P90","P90","P90","[0.40 - 0.60]","56607533.530307"
"0xec981ed70ae69c5cbcac08c1ba063e734f6bafcd","EQUILIBRIUM","fed-decision-in-january","P70","P70","P90","[0.80 - 0.97]","659499548.531115"
"0xecaa8806a9a05049d7d5260a33dc924220e377a9","EQUILIBRIUM","will-the-iranian-regime-fall-by-march-31","P90","P99","P90","[0.60 - 0.80]","63229537.941050"
"0xecb14ac6e9ca447ce2f2912e6217b43d7b655da3","SIGNAL","2026-ncaa-tournament-winner","P90","P90","P90","[0.00 - 0.20]","27378307.673206"
"0xecdbd79566a25693b9971c48d7de84bc05f7da79","SIGNAL","fed-decision-in-january","P99","P99","P90","[0.20 - 0.40]","659499548.531115"
"0xed0d43dbd058832f23a867b4a99598f6c35b9716","EQUILIBRIUM","lighter-market-cap-fdv-one-day-after-launch","P70","P70","P99","[0.60 - 0.80]","106735062.224516"
"0xed107a85a4585a381e48c7f7ca4144909e7dd2e5","EQUILIBRIUM","highest-grossing-movie-in-2024","P70","P70","P99","[0.80 - 0.97]","117998294.611533"
"0xed2239a9150c3920000d0094d28fa51c7db03dd0","EQUILIBRIUM","presidential-election-popular-vote-winner-2024","P70","P70","P99","[0.20 - 0.40]","628163458.451128"
"0xed86912d93902c91269507405945e114adda7240","GRAVITON","2026-ncaa-tournament-winner","P50","P50","P90","[0.80 - 0.97]","27378307.673206"
"0xedc0f2cd1743914c4533368e15489c1a7a3d99f3","VECTOR","us-x-venezuela-military-engagement-by","P90","P90","P90","[0.40 - 0.60]","87408771.528641"
"0xedc8b2023897dad9df5b2f47ce79b2cdf1b6cca9","BOT","fed-decision-in-march-885","P90","BASE","P99","[0.80 - 0.97]","260075340.359646"
"0xee00ba338c59557141789b127927a55f5cc5cea1","EQUILIBRIUM","new-york-city-mayoral-election","P90","P90","P90","[0.80 - 0.97]","429614415.023426"
"0xee035898c9ec311c6692e08b465ea388380c3eea","EQUILIBRIUM","nba-champion-2024-2025","P90","P90","P99","[0.80 - 0.97]","1712132663.961605"
"0xee50a31c3f5a7c77824b12a941a54388a2827ed6","GRAVITON","new-york-city-mayoral-election","P50","P70","P99","[0.80 - 0.97]","429614415.023426"
"0xee67f4f549180f564dd5910b1024b8c6729cef38","BURNER","new-york-city-mayoral-election","BASE","BASE","P99","[0.97 - 1.00]","429614415.023426"
"0xee7ec0c06756a89a5f94b47c0733e00b9cf051a6","SUBSTRATE","what-price-will-bitcoin-hit-in-february-2026","BASE","BASE","BASE","[0.97 - 1.00]","121274308.347870"
"0xeec50edede5d961efb02e20bfd3275dd1e7fb6fe","EQUILIBRIUM","fed-decision-in-july","P70","P70","P90","[0.80 - 0.97]","136613627.403447"
"0xeede126b67fc64bc36ca5adea94531ebb3708a73","GRAVITON","presidential-election-winner-2024","P50","P70","P90","[0.40 - 0.60]","3686335059.295466"
"0xeee92f1cc6d6e0ad0b4ffda20b01cf3678e27ecb","EQUILIBRIUM","what-price-will-bitcoin-hit-in-january-2026","P90","P70","P99","[0.60 - 0.80]","107746434.084592"
"0xeeee195c07ba174097d4a42bb3b5731b83f99293","EXTRACTOR","fed-decision-in-january","P50","P50","P99","[0.97 - 1.00]","659499548.531115"
"0xefc9eee85df4347def52da9fdfbfe04b7232b337","VECTOR","super-bowl-champion-2026-731","P90","P90","P99","[0.40 - 0.60]","704096822.722044"
"0xf0b0ef1d6320c6be896b4c9c54dd74407e7f8cab","GRAVITON","stanley-cup-winner","P90","BASE","P99","[0.80 - 0.97]","249254121.669859"
"0xf0ca28d5b0141f0a8e7b251dea80fd881cb166ed","SIGNAL","la-liga-winner","P90","P90","BASE","[0.20 - 0.40]","277840555.158109"
"0xf0d8d8c22d1e80257deebd45706c4c4ec7f168ca","GRAVITON","new-york-city-mayoral-election","P50","P50","P99","[0.80 - 0.97]","429614415.023426"
"0xf0ed9e68e6cd3ee712260abeaec32de56a7d47d8","VECTOR","fed-decision-in-july","P99","P99","P90","[0.40 - 0.60]","136613627.403447"
"0xf0f6b5ac824ea202d312f46e7f701eeae354f699","SIGNAL","eurovision-winner-2025","P90","P90","P50","[0.20 - 0.40]","105911052.705064"
"0xf1023595751254e8cb8971aa5d1cfc2aa5827ebf","SUBSTRATE","2026-ncaa-tournament-winner","P50","P50","P70","[0.80 - 0.97]","27378307.673206"
"0xf142015c4f59b68bc78d17ffb4977d670f0957e7","EXTRACTOR","fed-decision-in-september","BASE","BASE","P90","[0.97 - 1.00]","220591460.745363"
"0xf1528f12e645462c344799b62b1b421a6a4c64aa","EXTRACTOR","the-masters-winner-2026","BASE","BASE","P90","[0.97 - 1.00]","126018047.396663"
"0xf1f06f49be8ce5681752ae80e660aeaace6858df","INSIDER","us-x-venezuela-military-engagement-by","P99","P99","P50","[0.00 - 0.20]","87408771.528641"
"0xf1f9a438f2697381b4ac8eb283d6f4dd772d1245","EQUILIBRIUM","what-price-will-bitcoin-hit-in-march-2026","P90","P90","P99","[0.80 - 0.97]","99554303.753586"
"0xf20986f7c6b8e3ea603a7bb33797d5ba982597e1","VECTOR","what-price-will-bitcoin-hit-in-february-2026","P90","P90","P90","[0.40 - 0.60]","121274308.347870"
"0xf29ff5f7b92d821e631ab37ad240a2dabf945cca","EQUILIBRIUM","what-price-will-bitcoin-hit-in-february-2026","P90","P90","P99","[0.80 - 0.97]","121274308.347870"
"0xf2b97b81c03fa23ece98b47a4dba2203dc997126","SUBSTRATE","iran-x-israelus-conflict-ends-by","P50","P50","P70","[0.80 - 0.97]","100611326.572539"
"0xf2f0262cbe40ffe5f89f3ac184654e0659d7a7b7","EQUILIBRIUM","2026-ncaa-tournament-winner","P70","P70","P90","[0.60 - 0.80]","27378307.673206"
"0xf2f6af4f27ec2dcf4072095ab804016e14cd5817","ANOMALY","romania-bucharest-mayoral-election","P90","P90","P90","[0.20 - 0.40]","134249665.397437"
"0xf38baf077eff5a8df925685eae38ecabcbb97a1a","EQUILIBRIUM","romania-presidential-election-winner","P70","P70","P90","[0.40 - 0.60]","234266874.453681"
"0xf42f4a4211d058cd109d503cf13f7bcdfc82a6a7","EQUILIBRIUM","what-price-will-bitcoin-hit-in-march-2026","P90","P90","P99","[0.80 - 0.97]","99554303.753586"
"0xf4baccff188321440a1ed01a5d5fd89c3e1f5933","EQUILIBRIUM","fed-decision-in-october","P70","P70","P99","[0.80 - 0.97]","252485550.016563"
"0xf5198df69e13937a40d1c76d6f72d9aa067d906b","EQUILIBRIUM","eurovision-winner-2025","P70","P70","P99","[0.80 - 0.97]","105911052.705064"
"0xf5201f998333d228dafba270d01d8ff82b2c0637","ICARUS","nba-champion-2024-2025","P90","BASE","P99","[0.40 - 0.60]","1712132663.961605"
"0xf54159ffa1b1c17117fa5c440f74671521eb74f7","GRAVITON","next-prime-minster-of-canada","BASE","BASE","P90","[0.80 - 0.97]","120985208.028161"
"0xf596b60b1656ee6277c5e584c7c8203fc01a8c31","GRAVITON","fed-interest-rates-november-2024","P90","BASE","P90","[0.40 - 0.60]","189537155.167586"
"0xf59fe344fb8af90a14bd6f2fe62430e56dc03be9","EQUILIBRIUM","what-price-will-bitcoin-hit-in-2025","P70","P90","P90","[0.80 - 0.97]","188753254.123653"
"0xf5c49ad254b1d53ea0b86fb285dd3f11dc800926","EQUILIBRIUM","fed-decision-in-january","P90","P90","P99","[0.80 - 0.97]","659499548.531115"
"0xf5e15d3344c35890f1aa716dca88e13eb9065ad0","EQUILIBRIUM","what-price-will-bitcoin-hit-in-january-2026","P90","P90","P99","[0.60 - 0.80]","107746434.084592"
"0xf5f377973ea26777a71fa13c14fbedac36928255","SIGNAL","presidential-election-winner-2024","P99","P99","P99","[0.20 - 0.40]","3686335059.295466"
"0xf5fe759cece500f58a431ef8dacea321f6e3e23d","GRAVITON","f1-drivers-champion","P50","BASE","P90","[0.60 - 0.80]","159090251.150985"
"0xf6415fa0aa9cb944c1c4afb9bc53ca82dd797b6f","GRAVITON","champions-league-winner-2025","P70","P50","P90","[0.40 - 0.60]","1001676674.300988"
"0xf65506e2d5f55279d77bd67d3c80af6882ad7ea4","ANOMALY","super-bowl-champion-2026-731","P90","P90","P90","[0.20 - 0.40]","704096822.722044"
"0xf6891d5f12873776e4dc7c38fe586219a09b9d83","EQUILIBRIUM","super-bowl-champion-2026-731","P70","P70","P99","[0.60 - 0.80]","704096822.722044"
"0xf68a281980f8c13828e84e147e3822381d6e5b1b","ANOMALY","f1-drivers-champion","P90","P90","P90","[0.20 - 0.40]","159090251.150985"
"0xf6ea56fa38789d4552b8e8a4d11d7f464e6e3ea8","GRAVITON","presidential-election-winner-2024","P50","P70","P90","[0.40 - 0.60]","3686335059.295466"
"0xf705fa045201391d9632b7f3cde06a5e24453ca7","EQUILIBRIUM","what-price-will-bitcoin-hit-in-january-2026","P90","P90","P99","[0.80 - 0.97]","107746434.084592"
"0xf743f416caa37f672e8434a9132f681a8fa0ac84","EQUILIBRIUM","fed-decision-in-september","P90","P90","P99","[0.60 - 0.80]","220591460.745363"
"0xf7850ebb60c10d5375fff6e596d55b69fdec05ed","EXTRACTOR","superbowl-champion-2025","BASE","BASE","P99","[0.97 - 1.00]","1152274393.340837"
"0xf797d4d1c038d1eb0593edae0e66bf8e4b2e0bf2","SIGNAL","iran-x-israelus-conflict-ends-by","P90","P90","P70","[0.20 - 0.40]","100611326.572539"
"0xf7bd9f758e100426a134ebf6d7f0b2eec90f2a37","EXTRACTOR","elon-musk-of-tweets-february-10-february-17","P50","P70","P99","[0.97 - 1.00]","23970691.191498"
"0xf7f0b0b1e9c0fe02ccad926916ee31aef74b912c","EXTRACTOR","what-price-will-bitcoin-hit-in-january-2026","BASE","BASE","P99","[0.97 - 1.00]","107746434.084592"
"0xf8ccb567e89c3240359217ebd0b5b5fe7fce5a82","SIGNAL","nba-champion-2024-2025","P99","P99","P90","[0.20 - 0.40]","1712132663.961605"
"0xf9151529abce6aa8357b99707ec06607cf238720","VECTOR","what-price-will-bitcoin-hit-in-february-2026","P90","P90","P99","[0.40 - 0.60]","121274308.347870"
"0xf91ad32730d2c7e95e017700eec7412782fb4267","OPERATOR","presidential-election-popular-vote-winner-2024","P50","P50","P50","[0.40 - 0.60]","628163458.451128"
"0xf94fe1799944b93b3b831b6f9f4f4aee1cdd78d7","BOT","what-price-will-bitcoin-hit-in-2025","BASE","BASE","BASE","[0.97 - 1.00]","188753254.123653"
"0xf952cdf4f5a79013c1b9538dd2e13fc449276d26","GRAVITON","presidential-election-winner-2024","BASE","P50","P99","[0.60 - 0.80]","3686335059.295466"
"0xf9885da150836378ce5689395ff4d194683fd63b","ANOMALY","2026-ncaa-tournament-winner","P90","P90","P90","[0.20 - 0.40]","27378307.673206"
"0xf989bd9c62b1eae2c388515fcc766527a8b147cc","SIGNAL","f1-drivers-champion","P99","P99","P90","[0.20 - 0.40]","159090251.150985"
"0xf98b622967de1bfc84585ea7abdf1f9199a3bfc5","VECTOR","fed-decision-in-september","P90","P90","P90","[0.40 - 0.60]","220591460.745363"
"0xf9b6943d8cce124603a8c7ef8a02191a487761ce","EXTRACTOR","superbowl-champion-2025","BASE","BASE","P99","[0.97 - 1.00]","1152274393.340837"
"0xf9b71663d723d28fa455db659098e1dacde860a4","EQUILIBRIUM","will-the-iranian-regime-fall-by-march-31","P90","P70","P90","[0.60 - 0.80]","63229537.941050"
"0xf9e60f3fd62105dac25f15643979bd59eefb53ef","EQUILIBRIUM","presidential-election-winner-2024","P70","P90","P99","[0.40 - 0.60]","3686335059.295466"
"0xf9f207b77137caa79c6c4516abdef3133db45cba","EQUILIBRIUM","winter-games-2026-ice-hockey-gold-medal-winner","P90","P70","P70","[0.20 - 0.40]","19541942.551562"
"0xf9f5581d4d7a599b8e2f8d1b1b0e29ca0218227a","EQUILIBRIUM","presidential-election-winner-2024","P70","P90","P99","[0.40 - 0.60]","3686335059.295466"
"0xf9fe29004c5a905c7b78bbb930ac57feea67366b","EQUILIBRIUM","nba-champion-2024-2025","P90","P90","P99","[0.80 - 0.97]","1712132663.961605"
"0xfa1991cd8082174eedce066381c6565d6fbd4f3c","GRAVITON","presidential-election-winner-2024","BASE","BASE","P99","[0.60 - 0.80]","3686335059.295466"
"0xfa53065aeda716621f6e2939bea2a00d75cd0149","SIGNAL","nfl-mvp-1","P90","P90","P99","[0.20 - 0.40]","182452890.884702"
"0xfacd5eb6566d469f71fb42415177c74eb27d9109","VECTOR","ireland-presidential-election","P90","P90","P99","[0.40 - 0.60]","152026239.339043"
"0xfb1c3c1ab4fb2d0cbcbb9538c8d4d357dd95963e","EQUILIBRIUM","what-price-will-bitcoin-hit-in-2025","P70","P70","P99","[0.80 - 0.97]","188753254.123653"
"0xfb512d428db90455c9507d2578cc306b2701082d","GRAVITON","the-masters-winner-2026","P50","P50","P90","[0.80 - 0.97]","126018047.396663"
"0xfb681e23db8d1cca8a6b7e2a70a29e000ddfa240","ANOMALY","super-bowl-champion-2026-731","P90","P90","P90","[0.20 - 0.40]","704096822.722044"
"0xfb79181a9d9dcaceda40803c0aeb55f6c58ec2c6","EQUILIBRIUM","champions-league-winner-2025","P70","P70","P99","[0.80 - 0.97]","1001676674.300988"
"0xfb81f27f1c8758d477332f8e751322c424da1cf3","EQUILIBRIUM","will-zelenskyy-wear-a-suit-before-july","P70","P70","P70","[0.80 - 0.97]","242231180.272023"
"0xfbc1a68013513ccff9a78538bcf4f5434b4845a9","EQUILIBRIUM","romania-presidential-election-winner","P70","P70","P90","[0.20 - 0.40]","234266874.453681"
"0xfbfd14dd4bb607373119de95f1d4b21c3b6c0029","INSIDER","which-crypto-company-will-zachxbt-expose-for-insider-trading","P99","P99","BASE","[0.00 - 0.20]","39650755.318580"
"0xfc25f141ed27bb1787338d2c4e7f51e3a15e1f7f","ANOMALY","fed-decision-in-october","P99","P99","P99","[0.00 - 0.20]","252485550.016563"
"0xfc2f4f50ce2f6045d35558a5e2d8d4b2ac6610c7","EQUILIBRIUM","us-next-strikes-iran-on-843","P90","P90","P99","[0.80 - 0.97]","56607533.530307"
"0xfc3205a86c34ba398eafa3c39951bbfcc876996b","SIGNAL","romania-presidential-election-winner","P90","P90","P99","[0.20 - 0.40]","234266874.453681"
"0xfcb034faade540c47ad37e582f6e0c762feac865","EQUILIBRIUM","nba-champion-2024-2025","P90","P90","P99","[0.60 - 0.80]","1712132663.961605"
"0xfcbecc7e5186e88e03445b81f593685d62828f44","PASSENGER","what-price-will-bitcoin-hit-in-february-2026","BASE","P50","P90","[0.97 - 1.00]","121274308.347870"
"0xfcc6ba363f61dd06309cada198bd22b910c78283","GRAVITON","lighter-market-cap-fdv-one-day-after-launch","P50","BASE","P99","[0.80 - 0.97]","106735062.224516"
"0xfcf2378f20cf408d077c21e731272f21cccea469","SIGNAL","what-price-will-bitcoin-hit-in-february-2026","P99","P90","P90","[0.20 - 0.40]","121274308.347870"
"0xfd2b117412a698f322b0cd18d6827dad262b8e50","EQUILIBRIUM","stanley-cup-winner","P90","P90","P90","[0.80 - 0.97]","249254121.669859"
"0xfd39b573bc2aa618c9bc226624e985133c1d109d","GRAVITON","2026-ncaa-tournament-winner","P50","BASE","P90","[0.80 - 0.97]","27378307.673206"
"0xfd4263b3ad08226034fe1b1ea678a46d80b58895","SIGNAL","us-next-strikes-iran-on-843","P90","P90","P70","[0.20 - 0.40]","56607533.530307"
"0xfd691577dc6a9d21e9611b93ef9177d36738a2e1","EQUILIBRIUM","2025-national-heads-up-poker-championship-winner-845","P70","P90","P99","[0.80 - 0.97]","235976211.664435"
"0xfdc07e182e6f959256295567e450a8727272fa79","EXTRACTOR","fed-decision-in-march-885","BASE","BASE","P99","[0.97 - 1.00]","260075340.359646"
"0xfe175c90c4152392978fa402ed871657881298e9","GRAVITON","fed-decision-in-september","BASE","BASE","P90","[0.80 - 0.97]","220591460.745363"
"0xfea31bc088000ff909be1dfd8d0e3f2c7ef2d227","GRAVITON","the-masters-winner-2026","P50","P70","P99","[0.60 - 0.80]","126018047.396663"
"0xfeb581080aee6dc26c264a647b30a9cd44d5a393","VECTOR","what-price-will-bitcoin-hit-in-march-2026","P90","P90","P90","[0.40 - 0.60]","99554303.753586"
"0xfee561fbe96d2fdc5e7b3fe4e492f091e8bba679","OPERATOR","will-crude-oil-cl-hit-by-end-of-march","P70","P70","BASE","[0.60 - 0.80]","84160555.120290"
"0xfefb4ab20c207f11278c222e5276546727f74b5d","SIGNAL","super-bowl-champion-2026-731","P90","P90","P99","[0.20 - 0.40]","704096822.722044"
"0xff165cf8eb75ee77933a7544d7cd600ccb2c7511","SIGNAL","presidential-election-popular-vote-winner-2024","P90","P90","P70","[0.20 - 0.40]","628163458.451128"
"0xff2b870c02067bff6b4153bb7ad167680a2c527a","ANOMALY","romania-presidential-election-winner","P90","P90","P90","[0.20 - 0.40]","234266874.453681"
"0xff30ac5b2cb4822a1b15604ac90659ef71314a37","SIGNAL","fed-decision-in-december","P99","P90","P90","[0.20 - 0.40]","393905949.377453"
"0xff34c2cc46e7624310f3549ea355540d57a4694b","EQUILIBRIUM","nba-eastern-conference-champion","P70","P70","P90","[0.40 - 0.60]","287395629.769278"
"0xff48ad1a65008847c2b6fc41fab404ffba74b0ec","GRAVITON","presidential-election-winner-2024","P50","P70","P99","[0.40 - 0.60]","3686335059.295466"
"0xff91aff2e663ef5753063241755ae6de10a8a1ed","INSIDER","us-next-strikes-iran-on-843","P90","P99","P90","[0.00 - 0.20]","56607533.530307"
"0xffb0b9b292e406fd250854a35a0c9bd5612afa37","GRAVITON","iran-x-israelus-conflict-ends-by","P50","P70","P90","[0.60 - 0.80]","100611326.572539"
"0xffee68014e1789aee7e2f7e1545d7dc5c3395d13","GRAVITON","next-president-of-south-korea","BASE","BASE","P99","[0.80 - 0.97]","290745774.792026"
"0xfffadf38a520cd5a0035ff52d7fceb436a08864b","EQUILIBRIUM","fed-interest-rates-january-2025","P90","P90","P99","[0.80 - 0.97]","190915049.199301"
