proxy_wallet,rarest_archetype,event_slug,edge,yield,gravity,entry_bracket,volume,eoa_wallet,eoa_verdict
0x000d257d2dc7616feaef4ae0f14600fdf50a758e,EQUILIBRIUM,will-the-iranian-regime-fall-by-march-31,P90,P90,P99,[0.60 - 0.80],63229537.941050,0x13d70b3f090e393481eddeb3c7da7e1a31fe8a7e,OK
0x00425c692a667981118f679ef68fdc775257321e,GRAVITON,which-company-has-the-best-ai-model-end-of-february,P70,BASE,P99,[0.60 - 0.80],22455001.857654,0x628f5d8c988b58b37572545335108e26cff1cf77,OK
0x006cc834cc092684f1b56626e23bedb3835c16ea,GRAVITON,will-crude-oil-cl-hit-by-end-of-march,P50,P70,P99,[0.80 - 0.97],84160555.120290,0x6d1881a7bdef40dbb6364ede7365bd2a08a53718,OK
0x0070b32fbd894ad5447c6629d2c64b9b02410414,EQUILIBRIUM,what-price-will-bitcoin-hit-in-march-2026,P90,P90,P99,[0.60 - 0.80],99554303.753586,0xda0b7713d150999bbf56ab5f941777000504c702,OK
0x008bf350637ce1ea308b3622a0d44116f9f3b476,GRAVITON,presidential-election-winner-2024,P90,BASE,P90,[0.40 - 0.60],3686335059.295466,0x3620732d888f85072a428b261fcdd7586875dafb,OK
0x0097af953cf4441427142b5da7ac20ab69044a1d,EQUILIBRIUM,f1-drivers-champion,P70,P70,P90,[0.60 - 0.80],159090251.150985,0x1693920c4ab7b5cad607e6aef7b031be537eca99,OK
0x00e2d8f88b39d9b430c136c679369f41101cd56a,GRAVITON,nba-eastern-conference-champion,P70,BASE,P90,[0.80 - 0.97],287395629.769278,0x26a0c47d4b8d89e7003a17df85d808ef84e01769,OK
0x00ffb912f1bf01c0123869ddb92d4b6a6ad3f7ad,VECTOR,nba-eastern-conference-champion,P90,P90,P90,[0.40 - 0.60],287395629.769278,0x22f5a3dcebca514b19f85c04908d0902b1e2a749,OK
0x01014aa3d957f1cdc6744aebe0cb1618835627c8,OPERATOR,fed-decision-in-december,P70,P70,BASE,[0.80 - 0.97],393905949.377453,0x8bc902dde319c75749f7932b6ce0e17e9e16c851,OK
0x0108b937a5dc5981d6d90ba70a49109e949d0d26,VECTOR,us-x-venezuela-military-engagement-by,P90,P90,P90,[0.40 - 0.60],87408771.528641,0x9cb151f3cffa617dcdb0586a899e69412b2100e0,OK
0x011f2d377e56119fb09196dffb0948ae55711122,EQUILIBRIUM,nba-champion-2024-2025,P90,P90,P99,[0.80 - 0.97],1712132663.961605,0xe2264e10a52531512c5d33cd96bc0f9185a2d1e6,OK
0x012267b4a71f2df482223870e94c293d7c66d4ef,GRAVITON,presidential-election-winner-2024,BASE,BASE,P99,[0.60 - 0.80],3686335059.295466,0xf4eb069676f48e4b08d75274155e0f4b8253f69e,OK
0x014498fe4a8bf8316c00c9ff6b373c7512cf9db9,GRAVITON,presidential-election-winner-2024,BASE,P50,P99,[0.60 - 0.80],3686335059.295466,0x394df732e88f8a5d4782301c8da698bc48446046,OK
0x01542a212c9696da5b409cae879143b8966115a8,EQUILIBRIUM,what-price-will-bitcoin-hit-in-2025,P70,P70,P99,[0.80 - 0.97],188753254.123653,0x144964da4f50a194d435d4cfe2f6941bfd860ea3,OK
0x0172e87fa93125e9ebd3d657ed6ce62cc85884a4,EQUILIBRIUM,lighter-market-cap-fdv-one-day-after-launch,P70,P70,P99,[0.60 - 0.80],106735062.224516,0x555a7059c57fdb163417394f0ac2c87fec709050,OK
0x0224bb9eb0a5c9fd261ac9123a72cbdd5748292a,EQUILIBRIUM,which-company-has-the-best-ai-model-end-of-february,P70,P70,P99,[0.60 - 0.80],22455001.857654,0x393c5b91565aef922b27af89a030bc74b734b92b,OK
0x02589477c65d85d614f998a2284e6f6c87f8e791,EQUILIBRIUM,presidential-election-winner-2024,P70,P70,P99,[0.40 - 0.60],3686335059.295466,0xafc28a4f86253bac06bb5901f3b207c73e675651,OK
0x026985b67ade7ba199698b9d7d0451a22214cb2d,GRAVITON,superbowl-champion-2025,P50,P70,P99,[0.40 - 0.60],1152274393.340837,0x9cf099524bbc19fc4eec032e50776613cc46257f,OK
0x02d2b4fb6e7b8176fe70a103304ae4cdeb8cff27,GRAVITON,presidential-election-winner-2024,P50,P50,P99,[0.40 - 0.60],3686335059.295466,0x4f2b5981d89a1c60bc73ea23edef2797447b3c17,OK
0x02e7f29f3e612a95a9ccca7131ce7dd5d56b59e5,EXTRACTOR,iran-x-israelus-conflict-ends-by,BASE,BASE,P99,[0.97 - 1.00],100611326.572539,0x864e996c3143026b6c230945dd917de1922347b3,OK
0x030a01fff8762c0747b6dbc589b28ee6cea8acfc,EQUILIBRIUM,fed-interest-rates-november-2024,P90,P90,P90,[0.60 - 0.80],189537155.167586,0x45b7eb42d1a87dbc026f918ab20faf6ddc2714d1,OK
0x033a07b3de5947eab4306676ad74eb546da30d50,GRAVITON,presidential-election-winner-2024,P50,P70,P99,[0.40 - 0.60],3686335059.295466,0xeecb3bb814e507b7fabd1b0a220e2c94acf727bd,OK
0x033dc6e3e3e0a3ae55402576990392ae910aaf05,EQUILIBRIUM,fed-decision-in-july,P90,P90,P90,[0.80 - 0.97],136613627.403447,0xef829178555c559d34c5f75b2bc8dbd29cd8b52b,OK
0x033f0346c007323030eb420305ffede19a95618e,GRAVITON,the-masters-winner-2026,BASE,BASE,P99,[0.80 - 0.97],126018047.396663,0x4b3f7894cf324f63c32a53dfe648e689b367b781,OK
0x03626d34381b0337387b0e8464c898f772009661,EXTRACTOR,nfl-mvp-1,P50,P50,P99,[0.97 - 1.00],182452890.884702,0x9fd67c137fedb5f65b1e14337e491f69ac6db8a1,OK
0x036e3e41ee423583e62e2266a749de4fbdc39276,VECTOR,f1-drivers-champion,P90,P90,P90,[0.40 - 0.60],159090251.150985,0x7c2999074d54ba884110b83b2d479ec11e2435ab,OK
0x03af061de956e95386184d19685f640477fd619f,GRAVITON,presidential-election-winner-2024,P50,P70,P99,[0.40 - 0.60],3686335059.295466,0x32b83833cf5278d8678c3223af25c4f7903d4eed,OK
0x03e8a544e97eeff5753bc1e90d46e5ef22af1697,GRAVITON,winter-games-2026-ice-hockey-gold-medal-winner,BASE,BASE,P99,[0.60 - 0.80],19541942.551562,0x82985f19467f7e69e48375320788b888e1341958,OK
0x040f9c05080c9224e2c9127f2fc3dc5f194a807e,SUBSTRATE,next-president-of-south-korea,BASE,BASE,P50,[0.97 - 1.00],290745774.792026,0x0309730d4265858000611d71685a126c49e7ef1c,OK
0x04283f2fef49d70d8c55ab240450d17a65bf85b1,EQUILIBRIUM,what-price-will-bitcoin-hit-in-march-2026,P90,P90,P99,[0.60 - 0.80],99554303.753586,0xac458e5c7596b6c6b499eef85a4b48e0db24e8fd,OK
0x0435c4f3f81821697377c3e51445a5af8d217ffc,EQUILIBRIUM,presidential-election-winner-2024,P70,P70,P99,[0.40 - 0.60],3686335059.295466,0x811f417d1276ae0bd25826c2a142653ad8643a75,OK
0x0441a78d2fbc0b55b1d0141a7aa6054d724ab3aa,PASSENGER,fed-decision-in-july,BASE,BASE,P90,[0.97 - 1.00],136613627.403447,0x8f2cfac2272bf7864454daa82ec1fdd61df163f9,OK
0x04a39d068f4301195c25dcb4c1fe5a4f08a65213,EQUILIBRIUM,2026-ncaa-tournament-winner,P70,P70,P90,[0.60 - 0.80],27378307.673206,0xd1b3c16ce806657a2470684eee31182531e37291,OK
0x04b954ec5d65e0a855d31b5e695083f3c4ad79e0,VECTOR,what-price-will-bitcoin-hit-in-february-2026,P90,P90,P90,[0.40 - 0.60],121274308.347870,0x6c73c439854005248059293f1fd514dfb93413f9,OK
0x04bd900b9ef8a809e39b10a6207950a3f65a39a0,PASSENGER,us-x-venezuela-military-engagement-by,BASE,P50,P90,[0.97 - 1.00],87408771.528641,0x0ba9eedec32993412a70a04eca73e5e3858eb65e,OK
0x04d7c77a54dd1e75383e6cc0ca81814be8b6b035,ANOMALY,eurovision-winner-2025,P90,P90,P90,[0.20 - 0.40],105911052.705064,0x4270b7ae32664f045b03627a7d74593da95a167c,OK
0x04fcc9402174209e8859070407059693011eb9b1,EXTRACTOR,what-price-will-bitcoin-hit-in-january-2026,P50,P50,P99,[0.97 - 1.00],107746434.084592,0x85fcd3d768d759a78433c5c283f537758919ef94,OK
0x051b16ffac0f10a8df96b93cc03facce011ea5e5,GRAVITON,presidential-election-winner-2024,BASE,P50,P99,[0.60 - 0.80],3686335059.295466,0x5f8030629e48e7d05465760af90c5ea17670b317,OK
0x051d5b6187d0626193923866017abb2d31f07679,EQUILIBRIUM,ireland-presidential-election,P70,P70,P70,[0.80 - 0.97],152026239.339043,0x8bfdbd18dbeea794424a8dcd80453218b680269a,OK
0x0540f430df85c770e0a4fb79d8499d71ebc298eb,EQUILIBRIUM,fed-decision-in-december,P70,P70,P70,[0.60 - 0.80],393905949.377453,0x7ef9c44ee0f238de224bf7a5555bfad5ef4a0e01,UNVERIFIED_NO_PROFILE
0x054ec2f0ccfdae941886a3ed306635068c716639,EQUILIBRIUM,which-crypto-company-will-zachxbt-expose-for-insider-trading,P70,P70,P99,[0.60 - 0.80],39650755.318580,0xde82f32c8c8159f8894cb6de00e7be85ae7c0bb3,OK
0x0562c423912e325f83fa79df55085979e1f5594f,EQUILIBRIUM,electoral-college-margin-of-victory-in-the-2024-presidential-election,P70,P70,P90,[0.20 - 0.40],116208770.606470,0xbbde96aaf26a3730a2087bd043e702886cb67544,OK
0x05ab749a8554fb7c852238c271d384bae6798145,GRAVITON,fed-interest-rates-november-2024,P50,BASE,P90,[0.80 - 0.97],189537155.167586,0x3a432f7d35099d05cc3dece25887cf2861b8c045,OK
0x05b6fb6a698bcc1ebbc93abc64c472fa100f4b4f,EQUILIBRIUM,fed-decision-in-december,P70,P70,P99,[0.80 - 0.97],393905949.377453,0x60b03dc4cad6989e76a6466374dd12dd3de7f002,OK
0x05e26c775ecfe91b897d47f134c1bf5900ca6e12,EQUILIBRIUM,will-the-iranian-regime-fall-by-march-31,P90,P90,P99,[0.60 - 0.80],63229537.941050,0x750573034e537cf0f43626bc6798e0bc03f768ea,OK
0x05ff6e0a5596c0e65f91d7a48d66fbe278e66e4f,SUBSTRATE,nba-eastern-conference-champion,P50,BASE,P50,[0.97 - 1.00],287395629.769278,0x849939d78f990bcc99ac9d49cdb7cadbeae351c0,OK
0x063aeee10fbfd55b6def10da28e87a601e7deb4b,ANOMALY,nfl-mvp-1,P70,P70,P70,[0.40 - 0.60],182452890.884702,0x4a31825cb611e50350c0da979751e9857d29dfbd,OK
0x063bb5fcc55188f49704a5ffbefca037dc800711,VECTOR,pennsylvania-margin-of-victory,P90,P90,P70,[0.40 - 0.60],192916820.428426,0x75ce8fc0ce25f66a50e22de05eb86e2859e65d2d,OK
0x066d64fa7b2e352b9000a51c6b56f53128cce6e6,PASSENGER,fed-decision-in-september,BASE,BASE,P70,[0.97 - 1.00],220591460.745363,0x356b6e83e3e54c0f800551952a7f2ea3e920d2e7,OK
0x067f7f6e3d5363f1cf962499d1be2ca6de8be041,INSIDER,super-bowl-champion-2026-731,P99,P99,P90,[0.00 - 0.20],704096822.722044,0x196f239229aae65883802b5bb512e17084147ff6,OK
0x06c0d07d5b59b25316bf1e6007aca6ad8f20bc23,GRAVITON,new-york-city-mayoral-election,P50,P50,P99,[0.80 - 0.97],429614415.023426,0xf4fde5331b8a68e97448d53f39f1eed355b7d8a1,OK
0x06dcaa14f57d8a0573f5dc5940565e6de667af59,ANOMALY,eurovision-winner-2025,P90,P90,P90,[0.20 - 0.40],105911052.705064,0xe6eb47ab05aa7307a393d0c34be5e2b4a0165466,OK
0x06e8cb40376ff9f06d926e71a0740821f1914675,EQUILIBRIUM,fed-decision-in-september,P70,P70,P90,[0.60 - 0.80],220591460.745363,0xfdea1a64eef449a221c5e7d574c70f05b13de6ac,OK
0x06ecb7e739f5455922ce57e83284f132c7f0f845,EXTRACTOR,premier-league-winner-24-25,BASE,BASE,P99,[0.97 - 1.00],808665619.121059,0x21f9d4ce514ca6b220b59919644cd9a0c216cadf,OK
0x07046535ff9a910d7343a2c319a3e62234621858,SIGNAL,fed-decision-in-september,P99,P99,P99,[0.20 - 0.40],220591460.745363,0x930176cbc8f91cd6418259dd58704a8617a465e7,OK
0x073a8e7d5668f5d8986749cc68d6f852fae28fd7,EQUILIBRIUM,presidential-election-winner-2024,P70,P90,P99,[0.40 - 0.60],3686335059.295466,0x89334e22d224bbd53267695ef5a3b6bd49f0bf3f,OK
0x0767aa79d578aead1c849fd9f0fdc6cdb50336b0,EQUILIBRIUM,2026-ncaa-tournament-winner,P70,P70,P90,[0.60 - 0.80],27378307.673206,0x8abb9d9147599610425cb2b1ef602ef90157fc5f,OK
0x07ca072cb89bc5ffddef8f5f9cfd6d81630ba694,EQUILIBRIUM,what-price-will-bitcoin-hit-in-january-2026,P90,P90,P99,[0.80 - 0.97],107746434.084592,0x3860a1d4a8917a15089c2df96b417c7e676e7f72,OK
0x07e78f5f58f8fa839f298cfe3fefd258883aa343,INSIDER,super-bowl-champion-2026-731,P99,P99,P90,[0.00 - 0.20],704096822.722044,0xd36e9d430b61f1bf1cbd1741ecd0cde0328e1270,OK
0x0833b22c24995343357f32378cffcf0081977191,EQUILIBRIUM,premier-league-winner-24-25,P90,P90,P70,[0.80 - 0.97],808665619.121059,0x3085ba2f107f0c41d6c94f23cdbecea2dcfc05c3,OK
0x083c9431a63488e5b2ac93449b1c18e9fd023f02,GRAVITON,fed-decision-in-december,P70,BASE,P90,[0.80 - 0.97],393905949.377453,0x0bb9f7c03eb9c1a31c25b3b7e61e2c503c30b81d,OK
0x083d1ffdbdff648a4d8823c7f3b895e291941162,EQUILIBRIUM,presidential-election-winner-2024,P70,P90,P90,[0.40 - 0.60],3686335059.295466,0xeffaf3b774f3e24be2b3464b4114e3019ab79a2c,OK
0x08458f7e9d2858027de579e4c3ca305475496b6f,EQUILIBRIUM,what-price-will-bitcoin-hit-in-march-2026,P90,P90,P90,[0.80 - 0.97],99554303.753586,0x2a51a14437b14fe0217ef0ca0093b13e59d6600f,OK
0x088ffbbc6f2c0b3839d2832e75f37e1bcecbc9e7,GRAVITON,fed-decision-in-september,P50,P50,P99,[0.80 - 0.97],220591460.745363,0x307114da21e59881ce8dc5b2136c7aaa196b7aa1,OK
0x08c897e4780c299061fe683120e5bb18cf931da2,VECTOR,fed-decision-in-december,P90,P90,P90,[0.40 - 0.60],393905949.377453,0x4e20bb26e2db5a821f8d8d42cd8085dc9b2350c1,OK
0x08ce2678c929934de9edea698a998aea9dbc295e,GRAVITON,fed-decision-in-october,P50,P90,P99,[0.80 - 0.97],252485550.016563,0x0ceb1758fa64356915df9def09d9321e0934ae8d,OK
0x090a0d3fc9d68d3e16db70e3460e3e4b510801b4,VECTOR,nba-champion-2024-2025,P90,P90,P99,[0.40 - 0.60],1712132663.961605,0x7ccc6083bb2be4e0eb28eb22aa365bbb9863e76f,OK
0x094e3e7c5486ca7f5efd45de09857b873c70f10b,INSIDER,portugal-presidential-election,P99,P99,BASE,[0.00 - 0.20],136469386.189704,0x075e6feeb18dbed0c261efa830090a86b6e4e1c6,OK
0x098eddabb2d388f31e79aaf525e49588f22a6fa2,SIGNAL,lighter-market-cap-fdv-one-day-after-launch,P99,P99,P70,[0.20 - 0.40],106735062.224516,0x2bdefe7ea78009ce07fe2e696b0387bbdbbd74b5,OK
0x09abc5845c024a4f9a3abff29d95057e6b20e832,VECTOR,presidential-election-winner-2024,P99,P90,P99,[0.40 - 0.60],3686335059.295466,0x3b5684ca5c41c96e073d6b1e205451ede60de832,OK
0x0a6d26d31b28fd5a84c301f8b27296612f3b1d0a,EQUILIBRIUM,what-price-will-bitcoin-hit-in-january-2026,P90,P90,P99,[0.60 - 0.80],107746434.084592,0x5e3df1c4ef845ae1c13c10c6b53d95545d6081b6,OK
0x0a952634a357e2fdaaf2a251eebb0f0177476a76,GRAVITON,poland-presidential-election,P50,P50,P99,[0.80 - 0.97],128972884.206035,0xa23140cf539137fe9262086554b09fec228f39ae,OK
0x0aada11f3c5a78aa568f1053ceaf6f08d702db06,SIGNAL,eurovision-winner-2025,P90,P90,P70,[0.20 - 0.40],105911052.705064,0x05c1d606f4b3b6d1a64e68c667381c0d7210fc63,OK
0x0aae5c4ec45339a64a1dd2fe4ba98c2a19eb251c,EQUILIBRIUM,fed-decision-in-january,P70,P70,P99,[0.80 - 0.97],659499548.531115,0xba15e9b644685cb845af18a738abd40c6bcd78ed,OK
0x0ababd7750cce137dae84471b7ade3b19c87eea1,GRAVITON,presidential-election-winner-2024,BASE,BASE,P99,[0.60 - 0.80],3686335059.295466,0x917e8a76536e0e13ad7bc81ab29b5f315e5e6f78,OK
0x0ad7f1a66e6b6df6f5ea21852e0ff5d3ad878ad2,GRAVITON,khamenei-out-as-supreme-leader-of-iran-by-february-28,P50,P50,P90,[0.60 - 0.80],131114970.827221,0xa4de2e37c35ae6813c94049850177da6507cd5c4,UNVERIFIED_NO_PROFILE
0x0af037c59ede5b3b2a6625f23923057d8296d425,EXTRACTOR,what-price-will-bitcoin-hit-in-march-2026,P70,P90,P99,[0.97 - 1.00],99554303.753586,0x8d8704c49422167ea05446bdba236a4220337bcf,OK
0x0b219cf3d297991b58361dbebdbaa91e56b8deb6,EQUILIBRIUM,will-the-iranian-regime-fall-by-march-31,P90,P70,P90,[0.60 - 0.80],63229537.941050,0x69efeb0c8815bf77db9a3d934b398ff6e27afbac,OK
0x0b9cae2b0dfe7a71c413e0604eaac1c352f87e44,SIGNAL,super-bowl-champion-2026-731,P90,P90,P99,[0.20 - 0.40],704096822.722044,0x964237866e2b7efc02dc399e27302f6fbbfbd079,OK
0x0bb7c8e8758e98e5a735c841114256fd71062ec3,EQUILIBRIUM,romania-presidential-election-winner,P70,P70,P99,[0.20 - 0.40],234266874.453681,0x69dad64842c7934a7d762931838077b55a838918,OK
0x0c0e270cf879583d6a0142fc817e05b768d0434e,EQUILIBRIUM,fed-decision-in-july,P99,P99,P99,[0.60 - 0.80],136613627.403447,0xfe0d49f7ef9f7dff6b770f145c3d9f53789cc780,OK
0x0c101db716b0d39f7b7431e7f5edbc3cc9adf96a,EQUILIBRIUM,which-crypto-company-will-zachxbt-expose-for-insider-trading,P70,P70,P99,[0.60 - 0.80],39650755.318580,0x4cf86a850ac8380c8542bd3da73baec52a7d8fee,OK
0x0c6bfa23fdb29ad5339c8fa39e411547aaa409b6,GRAVITON,presidential-election-winner-2024,P50,P70,P99,[0.40 - 0.60],3686335059.295466,0xac4eba4667eeddb8ec0cf2db062168c4cc07597f,OK
0x0c8bc7db08d5fa2ceedb919c6a2d6ab60b7823de,SIGNAL,khamenei-out-as-supreme-leader-of-iran-by-march-31,P90,P90,P90,[0.00 - 0.20],63238697.721704,0xda6f341900d32d3b2165d31bda6206f1910983d5,OK
0x0cb10c40b0776e9ee8cef970af85724654dda76c,EXTRACTOR,will-zelenskyy-wear-a-suit-before-july,BASE,BASE,P70,[0.97 - 1.00],242231180.272023,0x81892ed76622885101ef20838557e94b87f1ea60,OK
0x0ddfd4f85fe7a11d67b9d692e719d2891270ab10,EQUILIBRIUM,2026-ncaa-tournament-winner,P90,P70,P90,[0.20 - 0.40],27378307.673206,0xa12ac794253a854e2b7ef231de38ddf42ef12eae,OK
0x0e5bd76779e74304d08e759072abf126d87da593,EXTRACTOR,fed-decision-in-january,BASE,P90,P99,[0.97 - 1.00],659499548.531115,0xe5c3a3bad46475dd53100cdbecb0a7541aba0391,OK
0x0e8d61f16a2373931ffbfc2993f046e33286dfcc,EQUILIBRIUM,highest-grossing-movie-in-2024,P90,P90,P99,[0.80 - 0.97],117998294.611533,0x0bfd7ae78ed2b89f7e7d85938e9317b5d494047b,OK
0x0e9b9cb7ee710b57fbcbefdcb518a3a986a16e75,EQUILIBRIUM,pennsylvania-margin-of-victory,P70,P70,P99,[0.80 - 0.97],192916820.428426,0xd17df067ae50a12cc2ea92a7e37c2e5a13a41ac0,OK
0x0f1b8f81fdcb47b6c3292b8dbf6c2c16b3c4d367,EXTRACTOR,will-zelenskyy-wear-a-suit-before-july,BASE,BASE,P90,[0.97 - 1.00],242231180.272023,0x7325ac71472245fd200644ab8c1f425d9658a72f,OK
0x0f37cb80dee49d55b5f6d9e595d52591d6371410,EXTRACTOR,super-bowl-champion-2026-731,BASE,BASE,P99,[0.97 - 1.00],704096822.722044,0x2ca0ba4eb2af714291ab7a902fd650e8ac82a11f,OK
0x0f863d92dd2b960e3eb6a23a35fd92a91981404e,VECTOR,next-prime-minster-of-canada,P90,P90,P70,[0.40 - 0.60],120985208.028161,0xe5d55e866a74609d9b84e12c9f3cb754c8d669c3,OK
0x0f9bf99cb7f86d70704edab6c7a234bc09bf7829,EQUILIBRIUM,fed-decision-in-july,P90,P70,P90,[0.80 - 0.97],136613627.403447,0x958832a5bea7f5ff77c974b4c05845ebde1c5484,OK
0x0fe40e887acbd0022f89d996acce26ab428501b7,EQUILIBRIUM,what-price-will-bitcoin-hit-in-february-2026,P90,P90,P99,[0.60 - 0.80],121274308.347870,0xcc0e9dffe8fa60ed831e6e93acf79c6ba72812a7,OK
0x0ffcad4963e25dc150774363f4061ebe840c8236,EQUILIBRIUM,fed-interest-rates-january-2025,P90,P90,P90,[0.80 - 0.97],190915049.199301,0x283f57de4a261e8935a2328b5ee176cc9db19481,OK
0x1057e7d3ddafc60a4aeb10a2bc5b543792449ea5,EQUILIBRIUM,new-york-city-mayoral-election,P70,P70,P99,[0.80 - 0.97],429614415.023426,0x0eb9ad7be35ade5f0e7c6d46ff340abd04e27f58,OK
0x10e1ae1bb2a3a495ab471c36068ad54b900ec51f,EQUILIBRIUM,presidential-election-winner-2024,P70,P90,P99,[0.40 - 0.60],3686335059.295466,0x143cdfe6fe4cce267a322469bcba7031b2c78a7e,OK
0x10e420926d84ddbb9042a573323d6a745d98b019,GRAVITON,iran-x-israelus-conflict-ends-by,P50,P70,P90,[0.60 - 0.80],100611326.572539,0xbe2ce5c0566a251485dfac51de829b909b0bd007,OK
0x10fbc3d2421e002f269089d15be6a56ce6ffc66c,INSIDER,nba-champion-2024-2025,P99,P99,P90,[0.00 - 0.20],1712132663.961605,0xacc87777896d5d829e932b50b4747adf70d0ce1d,OK
0x122cdd9db64fd8dc3ebab813218e3effe21f821f,EXTRACTOR,will-the-iranian-regime-fall-by-march-31,BASE,P50,P99,[0.97 - 1.00],63229537.941050,0x3834aa6187c6a241d8a8625ea45d7bd186bd8496,OK
0x124f7b74916d41460dc3dfefa0e5ef4b14783661,EQUILIBRIUM,us-x-venezuela-military-engagement-by,P70,P90,P99,[0.60 - 0.80],87408771.528641,0xe88a9333dc998c96899a327e6aa78f8f776f26d9,OK
0x125441fb96f0a849166417b371c3bcdea1fea764,SUBSTRATE,fed-interest-rates-january-2025,BASE,BASE,P50,[0.97 - 1.00],190915049.199301,0x11a577cd20bc7f2c1c62d5845300d5d15c25ed77,OK
0x1281d24ee91406bdc71fc94a2a89b464fe378d51,EQUILIBRIUM,fed-decision-in-september,P70,P70,P99,[0.80 - 0.97],220591460.745363,0xc2041ce736182ece50dbd70591386e8ec07dd00a,OK
0x128a251f2300694ae6ea9d77e076ea8ea4e097c2,EQUILIBRIUM,presidential-election-winner-2024,P70,P90,P99,[0.40 - 0.60],3686335059.295466,0x0c9c6cc45e7a821684fbd5d9dcd7ce10b1cbef3d,OK
0x12d6cccfc7470a3f4bafc53599a4779cbf2cf2a8,INSIDER,next-president-of-south-korea,P99,P99,P90,[0.00 - 0.20],290745774.792026,0x84b86689b0c6e84baafa5ff0373d60bd95a67f1a,OK
0x133ba4d001ae339bfb08631eead95c5dabe92f22,EQUILIBRIUM,premier-league-winner-24-25,P90,P90,P90,[0.80 - 0.97],808665619.121059,0xf29631609afa3a9e8a10e5cdaa3e18d647d2403d,OK
0x13414a77a4be48988851c73dfd824d0168e70853,ANOMALY,2026-ncaa-tournament-winner,P50,P50,P50,[0.60 - 0.80],27378307.673206,0xa602b2cad8155ceb7bbaa873f2b6bd3829707ae4,OK
0x134a63b764ac7b008356e8db1857db94e6b09e42,GRAVITON,poland-presidential-election,P50,P50,P99,[0.80 - 0.97],128972884.206035,0xd5072656ad682a8b63ffd133534f409855a40368,OK
0x1355fbfd5f3c3d8da9d8227964fc185f63686591,SIGNAL,elon-musk-of-tweets-february-3-february-10,P90,P90,P90,[0.00 - 0.20],30207146.519795,0xf3e181d0636a587283fb95d18ccf20b5918695ad,OK
0x14333d20e95f39472970d2feff6c9c4c16fd56a0,GRAVITON,khamenei-out-as-supreme-leader-of-iran-by-march-31,P50,P50,P90,[0.60 - 0.80],63238697.721704,0xaa6cdb7f8d6e33a8fe56d4e3769dcdc117cca649,OK
0x1461cc6e1a05e20710c416307db62c28f1d122d8,EQUILIBRIUM,what-price-will-solana-hit-in-february-2026,P90,P90,P99,[0.80 - 0.97],14604192.801218,0xdbe465f3957abf5752d5d8e457476277de9219ef,OK
0x1489046ca0f9980fc2d9a950d103d3bec02c1307,GRAVITON,germany-parliamentary-election,P50,P50,P90,[0.80 - 0.97],134617984.549357,0x6a904db9f3106af28c169fa2a0a2ea1b862c2b96,OK
0x14964aefa2cd7caff7878b3820a690a03c5aa429,GRAVITON,super-bowl-champion-2026-731,P50,P50,P99,[0.80 - 0.97],704096822.722044,0xac5d33a4dc95dfda99ddcf4174e6c37311c24c91,OK
0x14a1147ae7d206b835c1ee8f901e4e2eec111149,EXTRACTOR,what-price-will-bitcoin-hit-in-2025,P50,P70,P99,[0.97 - 1.00],188753254.123653,0xc5fdfa344d08e032b77d650bd4f0dbf508349542,OK
0x14ae1d1679fc048eaafadea39646755d528a0459,GRAVITON,f1-drivers-champion,P50,P70,P99,[0.60 - 0.80],159090251.150985,0xa7f5fe5091e10d6b1c748498a1bfc53a5e73f6a9,OK
0x14c32680ffc318892e0d019181e4161aa34cdf68,EXTRACTOR,what-price-will-bitcoin-hit-in-2025,P50,P70,P99,[0.97 - 1.00],188753254.123653,0x400958b3baaa4300e4b4f38abeeb16a263de3fd1,OK
0x14e3abe2054dfa9a726077841b74dcb4c11cce1f,EQUILIBRIUM,nba-champion-2024-2025,P90,P90,P99,[0.60 - 0.80],1712132663.961605,0x34e6071f67ca45aa4095a557eda1a73d16c75e6b,OK
0x1521b47bf0c41f6b7fd3ad41cdec566812c8f23e,GRAVITON,fed-decision-in-december,P50,BASE,P99,[0.80 - 0.97],393905949.377453,0x26c06ec7e6efbed4ecc21f567d1e876838c384ed,OK
0x153a9196135ee9ac4c202d1d25c558862bc19d6d,EQUILIBRIUM,what-price-will-bitcoin-hit-in-february-2026,P70,P70,P90,[0.80 - 0.97],121274308.347870,0xad9fc964befb6cf086b9db5ca09e358363e4b230,OK
0x154cf6bf7cf892f97b1870260b46f44c4329ce5e,GRAVITON,new-york-city-mayoral-election,BASE,P50,P90,[0.80 - 0.97],429614415.023426,0xf4129da8fb5b9848e069568df4c02b30a036e5ef,OK
0x15692550650de5817af4202681a4e38dcf34bf0c,GRAVITON,presidential-election-winner-2024,P70,BASE,P99,[0.40 - 0.60],3686335059.295466,0xa225ac2fabee3de73cacbe3de0d6dea5e94976ca,OK
0x1584cb3b5a84944bd0db072c43d67189397071b6,INSIDER,romania-bucharest-mayoral-election,P99,P99,P70,[0.00 - 0.20],134249665.397437,0x0c017f29d7b3b166217df1792a9acd324ee7ff56,OK
0x15960581ec91592c8090c59f4f6d4de12c8c3c02,OPERATOR,what-price-will-bitcoin-hit-in-february-2026,P70,P70,BASE,[0.80 - 0.97],121274308.347870,0x3d7903c7e78b9489acca5e717eb5a3775e6ccadb,OK
0x15a681d447124c90dbd85be526af18ca1611bf5d,EQUILIBRIUM,the-masters-winner-2026,P70,P70,P90,[0.40 - 0.60],126018047.396663,0x380d32d867087d5fc7e15c544e42bfc5bb5bd60f,OK
0x15ae79d7cd60b2a7f06ae46eb4c7a0eb16096ffd,EXTRACTOR,will-zelenskyy-wear-a-suit-before-july,BASE,BASE,P90,[0.97 - 1.00],242231180.272023,0xafdfff6166ed0f12eb2d7abaf077acd3cc6ff16a,OK
0x15e06a47d9c665bda1703ff965ea76f8e56e8d86,VECTOR,nba-champion-2024-2025,P90,P90,P99,[0.40 - 0.60],1712132663.961605,0x8203908cbcd078fee5960e1914d8ae278caca5e3,OK
0x1605938580047af71a6fd243957af068fe40956f,ANOMALY,romania-presidential-election-winner,P90,P90,P90,[0.20 - 0.40],234266874.453681,0xb7c82728c0ce9850644e6a637a7cd06110d06ce3,OK
0x160db9bb5bf012f21251a74737093bcdc36f5295,EQUILIBRIUM,nba-champion-2024-2025,P90,P90,P99,[0.80 - 0.97],1712132663.961605,0x398d40f5a65ebe454cb32eaf35f03ce8ef5dd918,OK
0x162f6fff88a52864f2ecc9833e58089d5254798d,EQUILIBRIUM,what-price-will-bitcoin-hit-in-february-2026,P90,P90,P90,[0.60 - 0.80],121274308.347870,0x3b845e71fc56f3d131796f3c9a508392a1bdaa6a,OK
0x1638095947833f43a732e0da2ca9c3548887339b,SIGNAL,nba-champion-2024-2025,P99,P90,P99,[0.00 - 0.20],1712132663.961605,0x3322ce0f688bfaf275aaa71092eccafddd752094,OK
0x16bd7cc71f6da1e77d1d8255677abc75b9bae288,ANOMALY,highest-grossing-movie-in-2025,P90,P90,P90,[0.20 - 0.40],124618231.928837,0x4f1ff230108a0163a577d3f002a03aba5e1367fc,OK
0x16cbe223607a6513ae76d1e3751c78e4eabc2704,EQUILIBRIUM,champions-league-winner-2025,P70,P70,P99,[0.60 - 0.80],1001676674.300988,0xbe5ba588ab7173b34efc0706b881794951014293,OK
0x16f91db2592924cfed6e03b7e5cb5bb1e32299e3,GRAVITON,presidential-election-popular-vote-winner-2024,P50,P50,P99,[0.20 - 0.40],628163458.451128,0x834ab393e1e192186b6d5916491ef4ca7c7076f6,OK
0x1776361dcbc5ee4c568bf81c2cd7cc55d6c801dd,GRAVITON,presidential-election-winner-2024,P50,P70,P99,[0.40 - 0.60],3686335059.295466,0xe3786bf25e15013fdda09dbe881529d44b9ca239,OK
0x17ce7c9a7f768bfa98946caf7d64c9e051f5beec,EQUILIBRIUM,new-york-city-mayoral-election,P90,P90,P99,[0.60 - 0.80],429614415.023426,0x7b0771c4aa9220d76c6d80d9c9d2e27977f0c592,OK
0x17db3fcd93ba12d38382a0cade24b200185c5f6d,GRAVITON,new-york-city-mayoral-election,P50,P50,P99,[0.80 - 0.97],429614415.023426,0x79024fc5930c04c97136fd32ff3728331fbbbf05,OK
0x17e0e9f06b4fdbee923598577af4d7fe69cc80ae,EQUILIBRIUM,f1-drivers-champion,P70,P70,P70,[0.60 - 0.80],159090251.150985,0x72e1327f5745e4c2bebda37abd7321bdba4dd15f,OK
0x17e5540bc696fd3e8b7da9101a93e4835c783d19,SIGNAL,fed-decision-in-january,P99,P99,P90,[0.20 - 0.40],659499548.531115,0x89f6a43366ba3620dd1f4322dfcd713cfca180f8,OK
0x17ed7dbfdcfe228016ac50571182f974d59ac087,EQUILIBRIUM,fed-decision-in-july,P90,P99,P90,[0.60 - 0.80],136613627.403447,0xd01aa40abc5239931f796b0b0711e05bba17451d,OK
0x18670d5a83b7b38d509398067c095d4c321992ca,VECTOR,superbowl-champion-2025,P90,P90,P70,[0.40 - 0.60],1152274393.340837,0xae097eb66d799ea5d6ef6bc8ae9634679c14a717,OK
0x188cf0eeba6585ceb612457a89383b17739cc62b,VECTOR,presidential-election-winner-2024,P90,P90,P90,[0.40 - 0.60],3686335059.295466,0xe15bcd2df2ffc27965092e2ffd1e2c07fbd3d1da,OK
0x18b9ff13d2564889685f268871b317e27b1e7d2f,GRAVITON,presidential-election-winner-2024,BASE,BASE,P99,[0.80 - 0.97],3686335059.295466,0xdda76634d0a9f9efcade31675b06d5a1bf4cf7ea,OK
0x1986a3e555dd2a334c33c34b0168170cff54ef06,EQUILIBRIUM,fed-decision-in-january,P70,P70,P99,[0.80 - 0.97],659499548.531115,0xe9c71badcc262756436375dca256714fca5b7249,OK
0x19b3823092892c026517fd0ff58df4889abe0b9b,EQUILIBRIUM,highest-grossing-movie-in-2025,P90,P90,P70,[0.60 - 0.80],124618231.928837,0xa2dd02d10d99b57264957182fff5ffd4b6e4f043,OK
0x1a29b75d4bfb5d62b343e4abdd10b60c0ce19b2e,EQUILIBRIUM,will-crude-oil-cl-hit-by-end-of-march,P90,P70,P99,[0.40 - 0.60],84160555.120290,0xc7f26132c0a7fb035c8f7c5413fb773194e6bc25,OK
0x1a475c96573121a913ae61cbc57005c6c0e4846f,OPERATOR,khamenei-out-as-supreme-leader-of-iran-by-february-28,P70,P50,P70,[0.20 - 0.40],131114970.827221,0x5770df97d9bcb51e7d01c2f658a341d9283f5929,OK
0x1abeb44ac776ffa55e320cbf5e9f578500fe8a07,GRAVITON,presidential-election-winner-2024,BASE,BASE,P90,[0.80 - 0.97],3686335059.295466,0xba56e0c0e31391504286b800abcddde0caeeddbf,OK
0x1aeebd7b0eb92037a630004f8eabc0759c36c139,EQUILIBRIUM,champions-league-winner-2025,P70,P70,P99,[0.40 - 0.60],1001676674.300988,0x3f92a116ecfef3543daea8df8487c6582d24a0d6,OK
0x1b1eb91359604ecd73bb0d77d7c5b113d9d2b7a5,PASSENGER,what-price-will-bitcoin-hit-in-february-2026,BASE,BASE,P90,[0.97 - 1.00],121274308.347870,0xa3df17c6298da05ca81e925e167d627b01a77774,OK
0x1b9035fd24c043e1be58a11f400db82397d1c4f8,INSIDER,which-company-has-the-best-ai-model-end-of-february,P99,P99,BASE,[0.00 - 0.20],22455001.857654,0xf1a87d5b5a755be68c6b3dcf61f2748c30f16c7c,OK
0x1bc0d88ca86b9049cf05d642e634836d5ddf4429,ANOMALY,winter-games-2026-ice-hockey-gold-medal-winner,P90,P90,P90,[0.20 - 0.40],19541942.551562,0xe58d1387b55b11d711887a49840787ef610ca077,OK
0x1bfdf7224c358405a486b5fd8489f13c2adcb5f3,EXTRACTOR,presidential-election-winner-2024,BASE,BASE,P99,[0.97 - 1.00],3686335059.295466,0xc24eeac1375c0b20b67091c57d561c7371cfd5d2,OK
0x1c006ea3d8ef20cca774dc9c8c9a95f54080b587,PASSENGER,what-price-will-bitcoin-hit-in-2025,BASE,BASE,P70,[0.97 - 1.00],188753254.123653,0xb4d3574a68c4c81fe7f386196a74fbfa1caeee91,OK
0x1c144e30f405a25f991cbd8baa15d40599090869,EQUILIBRIUM,new-york-city-mayoral-election,P70,P90,P90,[0.80 - 0.97],429614415.023426,0x4ab74bdc8222cf2047695192ce90aec9283a904b,OK
0x1c1e841584db14084e10e7dca2ad0ab7b60dbfe7,GRAVITON,fed-decision-in-september,P70,P50,P90,[0.80 - 0.97],220591460.745363,0xf93f669dc6fa5dbde40510c07d31548ce1cf82eb,OK
0x1c3cdc2caa24eeb9434100f82ac32c22a26b1b01,EQUILIBRIUM,new-york-city-mayoral-election,P70,P70,P99,[0.80 - 0.97],429614415.023426,0xf8e255accfba492512c11a780e5eac2d88dc3d06,OK
0x1c62cd70c36d94d6280b835a3ac414dd5a7a5d44,EQUILIBRIUM,next-president-of-south-korea,P90,P90,P99,[0.60 - 0.80],290745774.792026,0x7c99cd242989f97ccbba6d1182c8d5b2c1dccb93,OK
0x1c72797cd4b9b83f42e287144e334c4de347dfb6,EQUILIBRIUM,what-price-will-bitcoin-hit-in-january-2026,P90,P90,P99,[0.60 - 0.80],107746434.084592,0x00885465285511a69a045c14be134feef7607636,OK
0x1ca815edff36b725e6c63b20163d553de28ddc6d,PASSENGER,what-price-will-bitcoin-hit-in-2025,BASE,BASE,P70,[0.97 - 1.00],188753254.123653,0x76bbcb8ea63a7166c2e5863d2ce6b3a488d00834,OK
0x1cba7e44bcfd5acc4513f554ab9e86453d086a4c,ANOMALY,tiktok-banned-in-the-us-before-may-2025,P70,P70,P70,[0.40 - 0.60],119653357.735965,0x1534a4f7b225e61c91290f2aa90a5385b1eb9d1a,OK
0x1cc16713196d456f86fa9c7387dd326a7f73b8df,EQUILIBRIUM,champions-league-winner-2025,P70,P70,P90,[0.60 - 0.80],1001676674.300988,0x09a6b1df83089785f9a34228f1cfee5042fdcddf,OK
0x1cd24cc49782240413903b4b7e7694779f917f85,VECTOR,what-price-will-bitcoin-hit-in-january-2026,P90,P90,P99,[0.40 - 0.60],107746434.084592,0x5f8267dd8d33be4c49a85bfb924f824a36a8ce56,OK
0x1cdd071bb612de6d66d0c882b676c663697de595,SIGNAL,us-next-strikes-iran-on-843,P90,P90,P50,[0.20 - 0.40],56607533.530307,0x0dc98c5f18c82949b47a44d787790c53d9ac2c67,OK
0x1cfc6f041b5b8dad3c14b867be8482a69d45b8e0,SIGNAL,the-masters-winner-2026,P90,P90,P90,[0.00 - 0.20],126018047.396663,0xc44e7999d3fd1ebcde692afc0269eff7c9f3c902,OK
0x1d448f4357ec0a680ec4af0b192e3b98cc93b144,PASSENGER,what-price-will-bitcoin-hit-in-february-2026,BASE,BASE,P70,[0.97 - 1.00],121274308.347870,0x42d36ca9bc6f1928dde2bb161c4f0357692c7641,OK
0x1d854ccc47d157edd117732ba0be216b8876228e,EQUILIBRIUM,what-price-will-bitcoin-hit-in-2025,P70,P90,P90,[0.80 - 0.97],188753254.123653,0x482f33699fb7dc1c2fd7fb8b8870ba3ea71e6a1a,OK
0x1d8c256b15d3cd1f5db221e70c77f552eb8d757a,EQUILIBRIUM,nba-champion-2024-2025,P90,P90,P90,[0.60 - 0.80],1712132663.961605,0x5bdd6703eade51c93e3e807146bec398875fb0f1,OK
0x1d9af60c679cd0b577c3c4ccb4b1a4be4174426d,SIGNAL,which-crypto-company-will-zachxbt-expose-for-insider-trading,P90,P90,P99,[0.00 - 0.20],39650755.318580,0xd53b96dc76cde344c8ad6563db2d049604cad377,UNVERIFIED_NO_PROFILE
0x1dbd30000dd7dd051e8fc803fac38e8246d9af92,INSIDER,nba-eastern-conference-champion,P90,P99,P90,[0.00 - 0.20],287395629.769278,0xef04bc42439633707fb4d9a13f2b5c0ebab14ac9,OK
0x1dd197fa8bb4d6887ffecf89b75171aea7d7a156,GRAVITON,iran-x-israelus-conflict-ends-by,P50,BASE,P90,[0.80 - 0.97],100611326.572539,0x2720cd6ecfc48544714915159f78d2c7c5d98a23,OK
0x1e098a7a17517b8e936517d071f830b13f282a23,SUBSTRATE,fed-decision-in-october,P50,P50,P50,[0.80 - 0.97],252485550.016563,0x0bde666fc5d1725f4c60922ba30f2c1c68a35b7f,OK
0x1e1aed3928a9617e7c7ae674c4fa7aebbd9d7690,EQUILIBRIUM,elon-musk-of-tweets-february-24-march-3,P70,P90,P90,[0.80 - 0.97],46476194.322481,0x85cffcf294d3ab40e85394da49995e353a891623,OK
0x1e1f17412069c0736adfaadf8ee7f46e5612c855,INSIDER,electoral-college-margin-of-victory-in-the-2024-presidential-election,P99,P99,P90,[0.00 - 0.20],116208770.606470,0x3e72d5fd634a27aa8fbaf766efc064c414015ddb,OK
0x1e5642bb6e37c5f395c75c0cb332086c9f350833,SUBSTRATE,what-price-will-bitcoin-hit-in-february-2026,P70,P70,P50,[0.97 - 1.00],121274308.347870,0x1bf644746692ce4cc153f7f324e281fe3c200246,OK
0x1e82e3eb816aaf755ac9b44bc9d98f01b08aaf92,GRAVITON,2026-ncaa-tournament-winner,P50,BASE,P90,[0.80 - 0.97],27378307.673206,0xe1cf72582dc56042a6a75c204f7adc94824df766,OK
0x1f0a343513aa6060488fabe96960e6d1e177f7aa,GRAVITON,romania-presidential-election-winner,BASE,BASE,P99,[0.80 - 0.97],234266874.453681,0x2597c36ce477d6e28e81027be04ca41ce1b7442b,OK
0x1f2dd6d473f3e824cd2f8a89d9c69fb96f6ad0cf,GRAVITON,presidential-election-winner-2024,P70,P50,P99,[0.40 - 0.60],3686335059.295466,0x92fee51e468fcd2467e89300be7ca4b5ed7ccfb3,OK
0x1f85e6e3e41e5f1fe03f6cf22a52ae4e352ea51b,ANOMALY,superbowl-champion-2025,P90,P90,P90,[0.20 - 0.40],1152274393.340837,0x83ffe2cbe305ccd48836b64726bdfd1fb643a13a,OK
0x1fcf2aead9f142b49ee37996412eddcb27ae48e1,EXTRACTOR,champions-league-winner-2025,BASE,BASE,P99,[0.97 - 1.00],1001676674.300988,0x27b883db36702fe9091b0483ce40811a928a6755,OK
0x1fd50e9298ab99e6e427a2a3363bff480657cf04,EQUILIBRIUM,what-price-will-bitcoin-hit-in-2025,P70,P90,P99,[0.80 - 0.97],188753254.123653,0x12eb07c208f7aad142bd7976545fafe1ceb83519,OK
0x200544427dfc822652cb55ca5ca9f99476a9e414,EQUILIBRIUM,germany-parliamentary-election,P99,P99,P99,[0.60 - 0.80],134617984.549357,0x94bb45b966f43ec486bd32636c3e6060e6e7ab55,OK
0x2005d16a84ceefa912d4e380cd32e7ff827875ea,EQUILIBRIUM,super-bowl-champion-2026-731,P70,P70,P99,[0.60 - 0.80],704096822.722044,0x5d4fd194c4181ad61b1b5cb72dab8f9c4f9a2edc,OK
0x20322d5ab3ce70a98ef4c484c62a94147217d577,EQUILIBRIUM,speaker-of-the-house-for-the-119th-congress,P90,P99,P90,[0.60 - 0.80],188408380.572023,0x66635e54d81aab096a4a21c3660f064292b4a22a,OK
0x20d6436849f930584892730c7f96ebb2ac763856,GRAVITON,super-bowl-champion-2026-731,P50,P50,P90,[0.80 - 0.97],704096822.722044,0x77bebe0a99c8a1fd8097afc5c23ad2ca6990c7d0,OK
0x20f916251d422f5cb9a9dd041c4ce2097b96dad9,EQUILIBRIUM,new-york-city-mayoral-election,P90,P90,P70,[0.80 - 0.97],429614415.023426,0x885452e763592d708470f7b8f659cb6ad4ac58e4,OK
0x21378fd64736103b01685aee2b1e5acfdc4f0677,INSIDER,nba-eastern-conference-champion,P90,P99,P70,[0.00 - 0.20],287395629.769278,0xcd761db25a80729051246ed57a9153452e1328f4,OK
0x2139ff880571f8223a56544ca433756b8d014b34,EXTRACTOR,fed-interest-rates-january-2025,P50,P50,P99,[0.97 - 1.00],190915049.199301,0x8f51212dda1659104d38bdb464bb693afd6a3566,OK
0x216509be5332c6037105b4f871966eb97240f598,EQUILIBRIUM,nba-eastern-conference-champion,P70,P70,P90,[0.60 - 0.80],287395629.769278,0x12b3fe54384c86ccf20cd0f346bca22bd18b578e,OK
0x21d0c129deb8a7f7e1569045200d20e23862ce91,GRAVITON,will-crude-oil-cl-hit-by-end-of-march,P70,BASE,P90,[0.80 - 0.97],84160555.120290,0x5ab993c135a9aaa46c2eb889c4664147945f487d,OK
0x21e900bb48d7747c3d52fb206a45fa8aea34d1a0,SUBSTRATE,champions-league-winner-2025,P50,P50,BASE,[0.97 - 1.00],1001676674.300988,0x77c7b0f7765d911cf495c6ae73a0d2cf65c81932,OK
0x220ce36c47fa467152b3bd8d431af74f232243c8,GRAVITON,new-york-city-mayoral-election,BASE,BASE,P90,[0.80 - 0.97],429614415.023426,0x538badc73539b49bd5daa1bc075db79bdf11c43d,OK
0x22146a7a238685dbe4feb87661c21469b2675968,ANOMALY,super-bowl-champion-2026-731,P90,P90,P90,[0.20 - 0.40],704096822.722044,0xc4bba1bca69feb388266ca6bb5135f9821639381,OK
0x22271273b28d0d198a8e5ff9e7f9f75d0c24b572,EQUILIBRIUM,next-president-of-south-korea,P70,P70,P90,[0.80 - 0.97],290745774.792026,0xb9bc4eb82e22dcf556248b5a285eef02da8f7c9c,OK
0x22292decebf2e9146b27fe59404d162447ea6bf8,EQUILIBRIUM,highest-grossing-movie-in-2025,P70,P70,P70,[0.80 - 0.97],124618231.928837,0x24580969d15ac0c24a6479e998abee59ceddf4b7,OK
0x226bf1220731af372b1e7d572959414f31b4cad6,ANOMALY,winter-games-2026-ice-hockey-gold-medal-winner,P90,P90,P90,[0.20 - 0.40],19541942.551562,0xb2d635fd7990f4330de461da225f20f90520169a,OK
0x22dbd51e1a4e10fff072fa24300238c64033190f,EQUILIBRIUM,fed-decision-in-january,P70,P70,P90,[0.80 - 0.97],659499548.531115,0x8cf482ba2afc0b593fae430506a0859ed2ed6bc2,OK
0x22e4248bdb066f65c9f11cd66cdd3719a28eef1c,EQUILIBRIUM,will-the-iranian-regime-fall-by-march-31,P90,P90,P90,[0.60 - 0.80],63229537.941050,0x1138602c333aed6330bf4af4fdb91230e91e0d6e,OK
0x2326812917a7bfecb485bb768007c910ea31ab0e,SIGNAL,next-president-of-south-korea,P99,P99,P99,[0.20 - 0.40],290745774.792026,0xbc3c92652d3017c1de5c545d66aeacf193b876a5,OK
0x23786fdad0073692157c6d7dc81f281843a35fcb,EQUILIBRIUM,presidential-election-popular-vote-winner-2024,P70,P70,P99,[0.20 - 0.40],628163458.451128,0xa7abe6b50c2695e0f0e707f9e19ea4694ff38f87,OK
0x2388943872989848e8dd382889c111532603a93e,GRAVITON,next-prime-minster-of-canada,BASE,BASE,P99,[0.60 - 0.80],120985208.028161,0xf9e9b198de95da4d81a290eba9628caaa73abcfc,OK
0x23cb796cf58bfa12352f0164f479deedbd50658e,BURNER,fed-decision-in-october,P90,BASE,P90,[0.80 - 0.97],252485550.016563,0x7e2c6fd4d1de7c4daf96c429115e0331b4987297,OK
0x23f21995b500bd070687698640a46115f804a919,GRAVITON,new-york-city-mayoral-election,BASE,BASE,P99,[0.80 - 0.97],429614415.023426,0x300a19ddc3a5371086943e0c06667ea30c23d98c,OK
0x241f846866c2de4fb67cdb0ca6b963d85e56ef50,INSIDER,elon-musk-of-tweets-february-3-february-10,P99,P99,BASE,[0.00 - 0.20],30207146.519795,0x69332bacb63d15b752b192eb85ce9baf8b73dedf,OK
0x243c4768657cb73f87c864fca8a03269ecb42240,GRAVITON,romania-bucharest-mayoral-election,P90,P50,P90,[0.40 - 0.60],134249665.397437,0x35748ba2c9639a5e481226ada3129e58653206b9,OK
0x24630afca6bb49071660ded7aa0efa7f209ee21b,GRAVITON,presidential-election-winner-2024,P50,P70,P99,[0.40 - 0.60],3686335059.295466,0xe89daa8b1799b58e5a64eb6c55203e798f309205,OK
0x24b1e0c01d30b6e02a4de1ee82011a69893248ee,EQUILIBRIUM,fed-decision-in-september,P90,P70,P99,[0.40 - 0.60],220591460.745363,0x098292544091cd221070a1a84b5b742ecbfcbfcf,OK
0x24c8cf69a0e0a17eee21f69d29752bfa32e823e1,EQUILIBRIUM,fed-decision-in-january,P90,P90,P99,[0.60 - 0.80],659499548.531115,0xf6ae6df55d8108b2f22a13e14cfbdcdf62630439,OK
0x24f8474bafcdd8ccb5689235b81911c09fdbe07a,SUBSTRATE,what-price-will-ethereum-hit-in-february-2026,P70,P70,P50,[0.97 - 1.00],35823420.667874,0x4b98bd1aff4ba834b99621b21274fda40e55fe8c,OK
0x25257a6a89dba93dd0c536b6279365632a4eb919,GRAVITON,us-x-venezuela-military-engagement-by,P90,BASE,P90,[0.40 - 0.60],87408771.528641,0x9f15b3449492e4c01b9b2cc86ef44250fd101b57,OK
0x253da8157571bae06d6cf750eeb1b26830a43307,EQUILIBRIUM,fed-decision-in-july,P99,P99,P99,[0.60 - 0.80],136613627.403447,0x253da8157571bae06d6cf750eeb1b26830a43307,SELF_EOA
0x254972df46fd754a6750cb477dae38bcb4d0d0e6,GRAVITON,presidential-election-winner-2024,BASE,BASE,P99,[0.60 - 0.80],3686335059.295466,0x46c3b8f984c6d56906c5e25b4bc6d6fd9c9702c6,OK
0x257d131237eabd4d7bc947fa41677f8be3952a87,GRAVITON,presidential-election-winner-2024,BASE,BASE,P99,[0.60 - 0.80],3686335059.295466,0xed6ccc0499b9787c91530e79738e488011994bad,OK
0x25867077c891354137bbaf7fde12eec6949cc893,VECTOR,stanley-cup-winner,P90,P90,P99,[0.40 - 0.60],249254121.669859,0x5bfa6e72d09ff09bc2522406a65d4637eab274c6,OK
0x25dcf4635fe93082e0849fbbf81c95680cf5e33b,VECTOR,what-price-will-bitcoin-hit-in-february-2026,P90,P90,P90,[0.40 - 0.60],121274308.347870,0xc4b0f00660592819ed9a38b6affe76e15d0ce502,OK
0x264cbb7263b0c336c58fb5a5de1773896e6bbaca,GRAVITON,new-york-city-mayoral-election,P50,P50,P90,[0.80 - 0.97],429614415.023426,0x4f6772152f2d6c7bcb83d5ea1de7811ebc1a4f7e,OK
0x264cffcf483cf3531fd535cc47380cb51acc8250,EXTRACTOR,super-bowl-champion-2026-731,BASE,BASE,P99,[0.97 - 1.00],704096822.722044,0x9ba406efd7a8f37b92d4c8e17018c96fbcea2868,OK
0x265fb5e346a3b8d50f7c36b117682b50a5f5a448,BURNER,elon-musk-of-tweets-february-3-february-10,P90,BASE,P90,[0.60 - 0.80],30207146.519795,0x265fb5e346a3b8d50f7c36b117682b50a5f5a448,SELF_EOA
0x2663daca3cecf3767ca1c3b126002a8578a8ed1f,OPERATOR,will-zelenskyy-wear-a-suit-before-july,P90,BASE,P70,[0.60 - 0.80],242231180.272023,0x7bd061ea7c05b4133e5bdd301a6a8d426f5ce753,OK
0x2687cb380661a0041bf4c4cf3945a034b79e1363,PASSENGER,what-price-will-bitcoin-hit-in-february-2026,P70,P70,P90,[0.97 - 1.00],121274308.347870,0xce9e2936e2d037c6f0584ed2ee82c46e48eca870,OK
0x274c45994bfa0912cf8bee503190952e6af7da86,EQUILIBRIUM,khamenei-out-as-supreme-leader-of-iran-by-february-28,P70,P70,P90,[0.20 - 0.40],131114970.827221,0x8107daf70a08bc5b130d311a08275b13504432b2,OK
0x275575bb11522eb29f82fe0a601d7c4dc94b5016,INSIDER,popular-vote-margin-of-victory-in-presidential-election,P90,P99,P90,[0.00 - 0.20],124038744.446078,0x216cba867948086fcb2a3decb090c09226ec6b51,OK
0x27653cd5aab78f00563f50a03c12504a9b877ee4,EQUILIBRIUM,champions-league-winner-2025,P70,P70,P90,[0.80 - 0.97],1001676674.300988,0xb3503b9f778b24aee1e1cd08037b3df42bb5c64d,OK
0x2785e7022dc20757108204b13c08cea8613b70ae,EXTRACTOR,f1-drivers-champion,BASE,BASE,P99,[0.97 - 1.00],159090251.150985,0xba325e7069ad57592e81b6069c59181af38d7afc,OK
0x279d4e19d5be7bc6d25f3c6777b6802b47afbc0e,EXTRACTOR,highest-grossing-movie-in-2024,BASE,BASE,P99,[0.97 - 1.00],117998294.611533,0x7e82ac49562a9fc7f647b1f24c182df53c28ec9d,OK
0x2853240a0f4e9e11a949a5cfa6e0fe953a293482,OPERATOR,us-x-venezuela-military-engagement-by,P70,P50,P70,[0.60 - 0.80],87408771.528641,0x737362327589102ec1e4b99085866ee7aa3bc786,OK
0x2863ce4d826552cc8b3d0a14e25b781eef2c0e3e,EQUILIBRIUM,superbowl-champion-2025,P70,P70,P90,[0.40 - 0.60],1152274393.340837,0x64c1a51ca98f29c47517546bbda6ae505702dbec,OK
0x28d8426a4b21bbc05b028abaae5d542a21463d89,EQUILIBRIUM,highest-grossing-movie-in-2024,P70,P90,P90,[0.80 - 0.97],117998294.611533,0x66669b6ef6e00812bbf8876e0234fd28ef0a8039,OK
0x2974bd0059e48f215c391882976e0f1b4c8c9c23,EQUILIBRIUM,khamenei-out-as-supreme-leader-of-iran-by-february-28,P70,P70,P90,[0.20 - 0.40],131114970.827221,0x9b4173758fb45acf142610500c01474aeaeaf3f9,OK
0x29bcaf8c6eadb451e33cf0950a7494679f2a5127,BOT,fed-decision-in-october,BASE,BASE,BASE,[0.97 - 1.00],252485550.016563,0x8cf6f01ff33234bd2f86912065e7442d8cee9177,OK
0x29d337076f24d135b7b2b08796edfff4e32cb2ed,EQUILIBRIUM,will-crude-oil-cl-hit-by-end-of-march,P70,P70,P90,[0.80 - 0.97],84160555.120290,0x836f89d0e513617f499d56ddcdecd005b74ec520,OK
0x29d683970afb6f722ea1f9d4417c7ee7057cd57f,EQUILIBRIUM,fed-decision-in-january,P70,P70,P99,[0.80 - 0.97],659499548.531115,0xe7d963774a59b6799274e025539547166adc6c20,OK
0x2a019dc0089ea8c6edbbafc8a7cc9ba77b4b6397,EQUILIBRIUM,fed-decision-in-january,P90,P70,P99,[0.80 - 0.97],659499548.531115,0x8a2e858e11baf1865cdc9efe3717b53b9c9121ac,OK
0x2a1dfd1a8ba5271839847264559bc19d07cfd02f,OPERATOR,electoral-college-margin-of-victory-in-the-2024-presidential-election,P70,P70,P50,[0.80 - 0.97],116208770.606470,0x2f637b57ac8e1fd08a51e8dd6e6f549aa38a15e9,OK
0x2a21da2e20fa5b69381d7d44bd73f879c1aefb6c,GRAVITON,presidential-election-winner-2024,BASE,P50,P99,[0.60 - 0.80],3686335059.295466,0x63ef436f26e8e3b76732a9190be88d2d34fa610f,OK
0x2a21fec355312b609b9ac97ce4eda3e93ec3d307,GRAVITON,new-york-city-mayoral-election,P50,P50,P99,[0.80 - 0.97],429614415.023426,0x30bb6a5d572febae2b16a42df277baf0dd3ec736,OK
0x2a2c53bd278c04da9962fcf96490e17f3dfb9bc1,VECTOR,will-crude-oil-cl-hit-by-end-of-march,P90,P90,P90,[0.40 - 0.60],84160555.120290,0xffe94210b9227fc54d8089a5e3dd494ed9ca1637,OK
0x2aac99d0ee5b8d95fbd48e16ce37d90bbd7f1b36,EQUILIBRIUM,fed-decision-in-july,P90,P90,P99,[0.80 - 0.97],136613627.403447,0xc8003a6ef0d303d65b31f15d2fbf07c684e3e89e,OK
0x2ada299aaaf27c806424ec6dcb0c169d1a9c2f28,EQUILIBRIUM,us-x-venezuela-military-engagement-by,P70,P70,P70,[0.60 - 0.80],87408771.528641,0xdad4a60bca951b0a090ed0ea3568cebdb60186d9,OK
0x2b495e9d1c25794d6b38101ba44884e2ab90d0df,EQUILIBRIUM,pennsylvania-margin-of-victory,P70,P70,P90,[0.80 - 0.97],192916820.428426,0xd18de61e0450784d8bc7e1292cdc55e0dbe06015,OK
0x2bd2574062fb6d8556ddb1050955f43dd9d4c21b,EQUILIBRIUM,electoral-college-margin-of-victory-in-the-2024-presidential-election,P70,P70,P90,[0.20 - 0.40],116208770.606470,0xed883392a38a09efc3c767389a2e2a33414e2ce9,OK
0x2bdc0e8bf3b63b57ade2b6a408ebcba4b0a56a42,GRAVITON,presidential-election-winner-2024,P70,BASE,P90,[0.40 - 0.60],3686335059.295466,0xbaac031b25a99bebde35f53dd16540b506796130,OK
0x2bf309dd001df4f9b1f90c26432d6ff457a38c3d,EXTRACTOR,next-prime-minster-of-canada,BASE,P70,P90,[0.97 - 1.00],120985208.028161,0xdf08ffc4619e0324b3d38f85d5f07a5cf31f133f,OK
0x2bf64b86b64c315d879571b07a3b76629e467cd0,GRAVITON,presidential-election-popular-vote-winner-2024,P50,P50,P99,[0.20 - 0.40],628163458.451128,0x758455ee3f766398e4581a554b51a322ee2595dd,OK
0x2c335066fe58fe9237c3d3dc7b275c2a034a0563,GRAVITON,f1-drivers-champion,BASE,BASE,P99,[0.80 - 0.97],159090251.150985,0xc1c4c642be5aa0c433af0c5b3eafa4960d066dbe,OK
0x2c3928af89565c352afe8e2a1b25deed77a056dc,EQUILIBRIUM,lighter-market-cap-fdv-one-day-after-launch,P70,P70,P90,[0.60 - 0.80],106735062.224516,0x1bc0199324efbf74703ba817a72763ac54340370,OK
0x2c3eab37a5bfeeba3c8017049613d7a405163d75,GRAVITON,presidential-election-winner-2024,BASE,P50,P99,[0.60 - 0.80],3686335059.295466,0xa34104f86d72bdcc11a70fe3a2ec14b9d95adf93,OK
0x2c41d0ca2b4b2344912eead711f28cd4dcff133e,EQUILIBRIUM,next-prime-minster-of-canada,P70,P70,P90,[0.60 - 0.80],120985208.028161,0xd9b2750b965e0c3162096a2c04f7bdcd59ff3fde,OK
0x2cc0cd338a2ce6a17f6c398f4a2c671e3885f722,GRAVITON,college-football-champion-2025,P50,P70,P99,[0.60 - 0.80],114932366.863053,0x0f5a1c28a137b11b388ebea03308b34b20f45a35,OK
0x2cc5404d4e0623395f507ab1c0fd4b250bbe91d7,OPERATOR,next-president-of-south-korea,P90,P90,BASE,[0.60 - 0.80],290745774.792026,0xa8cc4db11888281af7e0c7431b2b6a4560022630,OK
0x2cde80346eed526242e266476cfcc65073635b98,EQUILIBRIUM,will-zelenskyy-wear-a-suit-before-july,P70,P70,P70,[0.80 - 0.97],242231180.272023,0xf59267236dbee493babbf8af1231f0fd52451cea,OK
0x2d27e4d20f3b8a2ee3bc861d9b83752f338676d8,SIGNAL,eurovision-winner-2025,P99,P90,P90,[0.00 - 0.20],105911052.705064,0x24fc59d0362fb91a6ec116a5740f635d8f4532b4,OK
0x2d4bf8f846bf68f43b9157bf30810d334ac6ca7a,ANOMALY,us-next-strikes-iran-on-843,P90,P90,P90,[0.20 - 0.40],56607533.530307,0x18556f299aaad7931c83c65dbde78d27e5e3591b,OK
0x2d8b401d2f0e6937afebf18e19e11ca568a5260a,EQUILIBRIUM,will-crude-oil-cl-hit-by-end-of-march,P70,P70,P90,[0.80 - 0.97],84160555.120290,0xf13ac1c70f92af1c8dbdfbf9e551477dcc6dc563,OK
0x2d99e29c4f066ba32098c65e4c7454b277d94ca3,GRAVITON,khamenei-out-as-supreme-leader-of-iran-by-february-28,BASE,P50,P90,[0.80 - 0.97],131114970.827221,0x6b4d0b9b25137ca56f342582fbe773c7cbc4be52,OK
0x2da9cdcfc041d3732e0b1d42a2c7b35ac565be13,PASSENGER,what-price-will-bitcoin-hit-in-february-2026,BASE,BASE,P70,[0.97 - 1.00],121274308.347870,0x97704778dd36e397d8a2f2c4d70dc0ec54a54778,OK
0x2e0b70d482e6b389e81dea528be57d825dd48070,SIGNAL,fed-decision-in-september,P99,P99,P90,[0.20 - 0.40],220591460.745363,0x780551e5943bf008d99f34f93d5df87bd9363380,OK
0x2e3ea056400d81c42e2ce26ef25fda4ec5caabea,INSIDER,super-bowl-champion-2026-731,P99,P99,P90,[0.00 - 0.20],704096822.722044,0x44da7efb94973f9eb7358602a2dca7852e88a593,OK
0x2e4d05beafd81a6e85bc0c6a94820d61ef34f703,EQUILIBRIUM,what-price-will-bitcoin-hit-in-march-2026,P90,P90,P99,[0.80 - 0.97],99554303.753586,0xf3a2e678a40a1a8cb532b11b236caf07cfce64c9,OK
0x2e4ead1dd053538976d1b9f61d5abad4793be29d,GRAVITON,us-x-venezuela-military-engagement-by,BASE,BASE,P90,[0.80 - 0.97],87408771.528641,0x0ae182439617cabed85c764559ce8741b475fcab,OK
0x2eb5714ff6f20f5f9f7662c556dbef5e1c9bf4d4,EQUILIBRIUM,what-price-will-ethereum-hit-in-february-2026,P90,P90,P99,[0.80 - 0.97],35823420.667874,0x16b8d68e317ce537822b9e69bee79da35ba6c04c,OK
0x2ef0e278354a971b4cacb02089e43526dea762fd,EQUILIBRIUM,2026-ncaa-tournament-winner,P70,P70,P90,[0.60 - 0.80],27378307.673206,0x684fbff8d11df324fbd5f8cfd8e8a3bd4a67959d,OK
0x2f633efb75256a2f2445110c8978684ab8936643,SUBSTRATE,fed-interest-rates-january-2025,P70,P70,BASE,[0.97 - 1.00],190915049.199301,0x5a146b3f8853a316aceed0b9f79e72b5207ac086,OK
0x2f84cf93a42d154d737614d13999b6486957800b,SUBSTRATE,which-crypto-company-will-zachxbt-expose-for-insider-trading,P50,P50,BASE,[0.60 - 0.80],39650755.318580,0xea3b0a8555576d872067801fe0372e124f24acf5,OK
0x2fb0f88ef5ba40e799b996e6f07b590d92b4abf8,ANOMALY,fed-interest-rates-november-2024,P99,P99,P99,[0.00 - 0.20],189537155.167586,0x7dbfa2e8a1cc0c4949b2b73df514b70cbd32991e,OK
0x3078755a25620dfa7684f9a8b9513017d4473e11,GRAVITON,superbowl-champion-2025,BASE,P50,P99,[0.80 - 0.97],1152274393.340837,0x52cf85641a2ce3bc224360f350f62d3c39fe2f62,OK
0x30ceffb3ac4ea49881e271d5a69883b60e0dfdce,GRAVITON,winter-games-2026-ice-hockey-gold-medal-winner,BASE,BASE,P90,[0.40 - 0.60],19541942.551562,0x4ab59c505eed8110c23bc5cb4365100cf89cd2f8,OK
0x30e443872ddf63b2908a49f92cd690c304a55102,EQUILIBRIUM,next-president-of-south-korea,P70,P70,P90,[0.80 - 0.97],290745774.792026,0x225a15d874b0c64469d01e0845d6dbea31f40948,OK
0x30f91b6df5a62ab2e504045e25fd449a23affbfc,VECTOR,will-crude-oil-cl-hit-by-end-of-march,P90,P90,P90,[0.40 - 0.60],84160555.120290,0xec3811fa348a33c8be5ef8fa19dddb716ac94bce,OK
0x31519628fb5e5aa559d4ba27aa1248810b9f0977,EQUILIBRIUM,nba-champion-2024-2025,P90,P70,P99,[0.80 - 0.97],1712132663.961605,0x330e3115560b0fb8caef28429bf2070f1c1638c5,OK
0x31646fb225a7743287e760e44923345644513033,OPERATOR,fed-decision-in-september,P70,P70,BASE,[0.60 - 0.80],220591460.745363,0x2193ff08a60c195e01a6a8ad84f4f41ee67a627a,OK
0x31a1b62d624943495222ee2a48dfb1ab17d3ec9a,PASSENGER,what-price-will-bitcoin-hit-in-january-2026,BASE,BASE,P90,[0.97 - 1.00],107746434.084592,0xfdd82246702feab18d79895cfbfdd88456b96c24,OK
0x31c518f864d1394361fec967b3daa9093a86ede4,INSIDER,super-bowl-champion-2026-731,P99,P99,P90,[0.00 - 0.20],704096822.722044,0x66339a4c857997b2cb3a1139cc37f68fbdf9a795,OK
0x31fc1ea26a74aafac1dc52289a86e919a9b44e30,EQUILIBRIUM,electoral-college-margin-of-victory-in-the-2024-presidential-election,P70,P70,P90,[0.20 - 0.40],116208770.606470,0x4a4ea621715bf214536ffa95564177bdba36211b,OK
0x3227b991405282ffe3a19178bc36fb9770262727,GRAVITON,will-zelenskyy-wear-a-suit-before-july,P50,P70,P90,[0.80 - 0.97],242231180.272023,0xd1880776038c947597296f096a3bd93830ae9e71,OK
0x325f64edd42ac179213e12bc2a8c4f00764dd8ac,EQUILIBRIUM,nba-champion-2024-2025,P90,P90,P90,[0.60 - 0.80],1712132663.961605,0x7be5fc63293e7b29dd5363e713f22ca9f61122f5,OK
0x32658d61f095d603fa7f8ea57799d392131334c3,EXTRACTOR,khamenei-out-as-supreme-leader-of-iran-by-february-28,BASE,BASE,P99,[0.97 - 1.00],131114970.827221,0x7bfc94cb2cfa46dc47bba1891f439719e11f0deb,OK
0x32b484581fc5606de9c1e43af4636b6be9bc8b21,BURNER,will-crude-oil-cl-hit-by-end-of-march,P70,BASE,P99,[0.60 - 0.80],84160555.120290,0x90d8fda719425b53c38bac4745fbac70882db925,OK
0x332f6e6b727c5737daf97cb9a032883eda341ee8,GRAVITON,presidential-election-winner-2024,BASE,P50,P99,[0.60 - 0.80],3686335059.295466,0x0daae6dc07e360e805c69af261467a4c92774eea,OK
0x335592400e402c26583ce8b56d12605e9548a126,EQUILIBRIUM,will-crude-oil-cl-hit-by-end-of-march,P70,P70,P90,[0.80 - 0.97],84160555.120290,0x43faff0aa9d5f0cc78ca5c531d4db25906a5ab83,OK
0x335ad660402270140a4f951360eeabf09bbc430a,GRAVITON,presidential-election-winner-2024,BASE,BASE,P99,[0.60 - 0.80],3686335059.295466,0xfc7c3d9aba6a6a35e441b4496d9094c5910608ef,OK
0x336151559e8c8b048de5231dc8313e196b314363,EXTRACTOR,what-price-will-bitcoin-hit-in-february-2026,P70,P70,P99,[0.97 - 1.00],121274308.347870,0x343f0e108adfc6b99c0256308f8fc20b636e2ae3,OK
0x33923327b314f1619102b5e2ba84ff3b0a06baa6,GRAVITON,presidential-election-winner-2024,BASE,P50,P99,[0.60 - 0.80],3686335059.295466,0x8cca7ae86131bab90425eb641d50913ba3a84295,OK
0x33ddd7bd7a9fb2ccb9e74c03d0aa597ca878cd2a,EQUILIBRIUM,poland-presidential-election,P70,P70,P90,[0.20 - 0.40],128972884.206035,0x8fbc2f55489f3bfd48b098081d4eb2685acc36ba,OK
0x33f6e35dcbe0d5881f19d723335f87cb56f68003,SIGNAL,presidential-election-popular-vote-winner-2024,P90,P90,P99,[0.20 - 0.40],628163458.451128,0x6cec3b5ae581bd57480415c507223335015ca862,OK
0x34026514e0bda25f0f9fbb053fe3070cdc8c9446,EQUILIBRIUM,lighter-market-cap-fdv-one-day-after-launch,P70,P90,P90,[0.60 - 0.80],106735062.224516,0xc5cb7e5a2292d7661683250c911ac6470c4ea7d1,OK
0x35377795d164116750f1f0175c013f82cc3d56ea,EQUILIBRIUM,premier-league-winner-24-25,P90,P90,P90,[0.60 - 0.80],808665619.121059,0x5cf2cc2c71231c23cd5c5a008b9339da33f0fa57,OK
0x35385f3ef6c95f83fc18aae11462d3726950eac8,BURNER,what-price-will-solana-hit-in-february-2026,P90,BASE,P99,[0.80 - 0.97],14604192.801218,0x7690319c51d2a213bf7c437b8632c855963e9e78,OK
0x3560b52772c8d15e20a4f3ee063fbca2c7fd1b93,GRAVITON,romania-presidential-election-winner,P70,BASE,P99,[0.40 - 0.60],234266874.453681,0x67fb7ed2ed8b6be5b8e02f5154a46133717493dc,OK
0x359a83eea50dc2125ed44a02408d5bcc906408d2,GRAVITON,romania-presidential-election-winner,P50,P50,P90,[0.40 - 0.60],234266874.453681,0x22c7bf8b78dafb92c781d81063d8d17b8a2d039e,OK
0x35bbbad2415fe5e39b12da9a316cdc80b022009b,GRAVITON,fed-decision-in-january,P70,BASE,P99,[0.80 - 0.97],659499548.531115,0x1a232a625429f6049981aaadbc2b7c643e6bf559,OK
0x368ba69507fd67972059fa178af5e459b72f2458,EQUILIBRIUM,will-the-iranian-regime-fall-by-march-31,P90,P90,P90,[0.60 - 0.80],63229537.941050,0x05fee6c5c6960689d5d4a1777012d62c64941bc0,OK
0x36901eb0f21519cc9055662a6d2483e96da1e16f,VECTOR,elon-musk-of-tweets-february-3-february-10,P90,P90,P90,[0.40 - 0.60],30207146.519795,0xf52cfe8eb6be7c064f0dadcbfd8850a4825032a1,OK
0x36f9b0d0db05b7ffe5ff69774d70eb3f78607e3b,INSIDER,highest-grossing-movie-in-2025,P99,P99,P50,[0.00 - 0.20],124618231.928837,0xeeceb3440ee8e04b2b3ca54a4e688bada7f27766,OK
0x370470be35523fb86b229a281b09d81f0a40bc56,SUBSTRATE,fed-decision-in-january,BASE,BASE,P50,[0.97 - 1.00],659499548.531115,0xc1591f2a4f18940e7057dce27651d219b4805d0b,OK
0x37d10ffb61998561c5f9fb941c42c952d8fb4e28,INSIDER,us-next-strikes-iran-on-843,P90,P99,P90,[0.00 - 0.20],56607533.530307,0x716e00d1988263de5eccea850f6601ec15faad68,OK
0x380002b00394456c8a247bcf115b5ee665f72325,EQUILIBRIUM,fed-decision-in-january,P70,P70,P99,[0.80 - 0.97],659499548.531115,0x8e84cc8bb9e589822b5ad844bae30b3cfe661e49,OK
0x382caa87e714afb16c2c8b9e2fc023d4b6b2a0d7,EXTRACTOR,what-price-will-bitcoin-hit-in-2025,P50,P70,P99,[0.97 - 1.00],188753254.123653,0xe4bb6ecb91a341063c142e1de5097e9f3f201578,OK
0x38e59b36aae31b164200d0cad7c3fe5e0ee795e7,SIGNAL,winter-games-2026-ice-hockey-gold-medal-winner,P99,P99,P90,[0.20 - 0.40],19541942.551562,0x5d9f10db4e9e502b594077f8c423b3a5858c72a5,OK
0x3928faf6e1bd6763ee13e89aca1cff401e9515e4,SUBSTRATE,what-price-will-bitcoin-hit-in-january-2026,P70,P70,P50,[0.97 - 1.00],107746434.084592,0x5c7e07be50970b5aef841810b590d63c1f12471a,OK
0x39932ca2b7a1b8ab6cbf0b8f7419261b950ccded,GRAVITON,winter-games-2026-ice-hockey-gold-medal-winner,P50,P50,P90,[0.40 - 0.60],19541942.551562,0x40756e24f756306c84b240c30a9ebb4d608f450e,OK
0x39a5f8b65504db7110d53dd56b8cb2087441c9a1,SIGNAL,super-bowl-champion-2026-731,P99,P99,P90,[0.00 - 0.20],704096822.722044,0xd6cb3150bcb26b1dfb387c65fe9252f750e5dc1c,OK
0x39d0f1dca6fb7e5514858c1a337724a426764fe8,SIGNAL,eurovision-winner-2025,P99,P90,P90,[0.20 - 0.40],105911052.705064,0x40dee3a0f3ba840f0db02d79de55a3df60b66971,OK
0x3a613cdb8f00f7afe0196cbbb91bdb597383b560,OPERATOR,fed-decision-in-september,P90,BASE,P70,[0.60 - 0.80],220591460.745363,0x3a613cdb8f00f7afe0196cbbb91bdb597383b560,SELF_EOA
0x3b4484b6c8cbfdaa383ba337ab3f0d71055e264e,GRAVITON,khamenei-out-as-supreme-leader-of-iran-by-february-28,BASE,P50,P90,[0.80 - 0.97],131114970.827221,0x7ba26dfaa6ccf11cca0b3c9a3e281e15b2ce9112,OK
0x3b6fd06a595d71c70afb3f44414be1c11304340b,EXTRACTOR,what-price-will-bitcoin-hit-in-2025,BASE,BASE,P99,[0.97 - 1.00],188753254.123653,0x7d6b7e4ecf206c4b37b23547f785587a52a2e33d,OK
0x3b7ed1242417f4b8f6992b5dd53aa9415a2c23eb,EQUILIBRIUM,what-price-will-bitcoin-hit-in-january-2026,P90,P90,P99,[0.80 - 0.97],107746434.084592,0x3998f134d6aaa2b6a5f723806d00fd2bbbbce891,OK
0x3bdbf89b0420924b99408841349a13d3cd7cde66,SUBSTRATE,fed-interest-rates-january-2025,BASE,BASE,P50,[0.97 - 1.00],190915049.199301,0x96d32596b3bcce64428785fb5c27100b72e57e75,OK
0x3c44d88a7dc50f069947f7bad214e405223d91b6,SIGNAL,nba-champion-2024-2025,P99,P99,P50,[0.20 - 0.40],1712132663.961605,0x3f995c7579361c78f45a84d5481cbf55fcb75be4,OK
0x3c593aeb73ebdadbc9ce76d4264a6a2af4011766,SIGNAL,us-x-venezuela-military-engagement-by,P90,P90,P70,[0.20 - 0.40],87408771.528641,0x11cc3925cf552e453425728166dae36ca0a98803,OK
0x3c918a8ef8c379304f744592120cbb4d76149af7,VECTOR,fed-decision-in-december,P90,P90,P99,[0.40 - 0.60],393905949.377453,0x0772dccf63c20de65138d928003ec3e7ff32e1ab,OK
0x3cf3e8d5427aed066a7a5926980600f6c3cf87b3,SIGNAL,popular-vote-margin-of-victory-in-presidential-election,P90,P90,P90,[0.00 - 0.20],124038744.446078,0xcfdd6663018840621fa812ba6043acb5b1fa29d1,OK
0x3d1ecf16942939b3603c2539a406514a40b504d0,EQUILIBRIUM,presidential-election-winner-2024,P70,P70,P99,[0.40 - 0.60],3686335059.295466,0x11d67fa925877813b744abc0917900c2b1d6eb81,OK
0x3dca854f147d9b9ecc56d37800f36b347ce23c13,EQUILIBRIUM,portugal-presidential-election,P90,P70,P90,[0.60 - 0.80],136469386.189704,0x756b76e9d7e3578b71f2ed9b0084d69aafec4cb0,OK
0x3dd2db2d398ff72c2c71c9ad6473368b941e9ab1,GRAVITON,super-bowl-champion-2026-731,P70,BASE,P99,[0.60 - 0.80],704096822.722044,0x2277d698039855212e3574006fe8a2c0282ef535,OK
0x3e04fbc51adb75418129f6ce2091ae633070564d,SIGNAL,stanley-cup-winner,P99,P90,P99,[0.00 - 0.20],249254121.669859,0xfe04d88cb8a7e49f184bfa479ee1eb53919a9fbc,OK
0x3e2391418438e76a76b6699474abf803cceb9b18,EXTRACTOR,fed-decision-in-january,BASE,BASE,P99,[0.97 - 1.00],659499548.531115,0xcedf2eb27881ef6de73a13e6315b2e8d0c6b78c2,OK
0x3e2489917065edd4700711bc7064a2011876f1bd,PASSENGER,which-crypto-company-will-zachxbt-expose-for-insider-trading,BASE,BASE,P70,[0.97 - 1.00],39650755.318580,0x861e1e9906449148a3902d079d5103e2eeaf6b1f,OK
0x3e73934b881659aa25a4f08bc8ab9067295bc4ec,GRAVITON,fed-decision-in-september,P50,BASE,P90,[0.80 - 0.97],220591460.745363,0x732cfb04b807f420c41c3e57b0d28e159ebcbc52,OK
0x3e8f9b935db8aa660853ce8cf340482ccc26e1eb,EQUILIBRIUM,what-price-will-bitcoin-hit-in-march-2026,P90,P90,P99,[0.60 - 0.80],99554303.753586,0x5efa3a8c5062467f236e1d0ee851c439e7d91db3,OK
0x3eba55f41f4064bc4b070d06a00fec7c2dd5849a,EQUILIBRIUM,what-price-will-bitcoin-hit-in-2025,P70,P90,P99,[0.80 - 0.97],188753254.123653,0x861eabb04e6d0c4645650a671fd65395d87db302,OK
0x3f2bebc298d6aac47c5ad5d49ac7d363c68727a9,EQUILIBRIUM,presidential-election-winner-2024,P70,P70,P99,[0.40 - 0.60],3686335059.295466,0x4fe56c2713883a96a1f42c2bf5c596b43f142bbc,OK
0x4040a0dd75f6633092907172af2a3d08dc91e8ab,SIGNAL,poland-presidential-election,P90,P90,P90,[0.00 - 0.20],128972884.206035,0xc62f73e7d65c6a5d37b18e0fe7a40256e0c762f8,OK
0x40471b34671887546013ceb58740625c2efe7293,INSIDER,which-crypto-company-will-zachxbt-expose-for-insider-trading,P99,P99,BASE,[0.00 - 0.20],39650755.318580,0x0b7b0324ae5b029d1cf11f52e921f3d46002a427,OK
0x40604cb1f958c03bea0b18aa43e4cb0d62f33ec3,EXTRACTOR,will-crude-oil-cl-hit-by-end-of-march,P50,BASE,P99,[0.97 - 1.00],84160555.120290,0x854c461ba1aa95bcb3ac11d8e902ee89983c6e21,OK
0x40cfb29411d29f4fa0908f2a121297042cccd21d,GRAVITON,which-crypto-company-will-zachxbt-expose-for-insider-trading,P70,P50,P90,[0.40 - 0.60],39650755.318580,0x9758aac6cb11b925a4a241996654898b7c4bbfaa,OK
0x411a2d42feff12a2c800766120e1f146d6c1bc76,GRAVITON,presidential-election-winner-2024,P50,P70,P99,[0.40 - 0.60],3686335059.295466,0x5988e041fdfde03dbd915d4bacb3b01eac55d46f,OK
0x421bf8e567f99bb544f317f38fe71719dbb6ac12,EQUILIBRIUM,what-price-will-bitcoin-hit-in-january-2026,P90,P90,P99,[0.80 - 0.97],107746434.084592,0x2247d9d48937e73d9f9b4259f6aa14617b4a1466,OK
0x42a6ddf7cf7032972b0bfe32775e8109c5171b64,VECTOR,fed-decision-in-june,P99,P99,P90,[0.40 - 0.60],106895985.982213,0x8e9a8267c7d5a592288c5f1a35b1b2ea5419d83c,OK
0x42b53f1fa44a03de5f9cb8586fa13ef5ac1cb5b6,EQUILIBRIUM,stanley-cup-winner,P90,P90,P99,[0.60 - 0.80],249254121.669859,0x461d0f957347349873c92aac7b78e5d0f1a29d3e,OK
0x42cb730fd89ab159c1b85fbb5412f2e7da318412,GRAVITON,presidential-election-winner-2024,P70,BASE,P99,[0.40 - 0.60],3686335059.295466,0x8a005fe3fa35248b3919ec823f9778609a5feda3,OK
0x430fc12ac13646b962c98dd73e159488812f5947,GRAVITON,fed-decision-in-december,P50,P50,P99,[0.80 - 0.97],393905949.377453,0x1860ca387f185480b1b8a02a3d04b539ad13b16a,OK
0x43372356634781eea88d61bbdd7824cdce958882,SIGNAL,fed-decision-in-july,P99,P99,P99,[0.20 - 0.40],136613627.403447,0xa5a5c488eb9a0f3889d61340f933dcd706432e84,OK
0x4344066fa99418555cd750de88883b703003caef,GRAVITON,champions-league-winner-2025,P50,P50,P99,[0.80 - 0.97],1001676674.300988,0xf9ed285bc970191454d0af82e5b4c11eae7b6fe3,OK
0x43440ab002eaac9fede6f9d21bea96d84228f90d,EQUILIBRIUM,eurovision-winner-2025,P70,P70,P90,[0.80 - 0.97],105911052.705064,0x7b29a9bc9c39e6b4e18077b6beaf95171f1a7fc3,OK
0x43ab32ab28b8d90372c9c8d4848aae73fbc57b95,GRAVITON,presidential-election-winner-2024,P50,P70,P99,[0.40 - 0.60],3686335059.295466,0xcb68110c43c97b6051fed5e2bacc2814adad1688,OK
0x444098cb1f542ac4cb10bd87c310ce588b75959a,ANOMALY,which-crypto-company-will-zachxbt-expose-for-insider-trading,P70,P70,P70,[0.40 - 0.60],39650755.318580,0x240d271cfb1cebcf8dc5a0696c3c3b070a2df2e3,OK
0x4478d7bd8a295691ac84f60a5ec2b47e122102a4,SIGNAL,us-x-iran-ceasefire-extended-by,P90,P90,P90,[0.00 - 0.20],210137726.510791,0x8a88d557c460c5e1b2340c297fe822694785ffac,OK
0x448861155279dbf833d041b963e3ac854599e319,EQUILIBRIUM,germany-parliamentary-election,P90,P90,P99,[0.80 - 0.97],134617984.549357,0xff3bfef5d024518d336282b33702f512a9b6a452,OK
0x44afb452e9faab51c16691ed4cdae11555d1c386,GRAVITON,presidential-election-winner-2024,BASE,BASE,P99,[0.60 - 0.80],3686335059.295466,0x490f54524ef4faab0c7c49dbe24c93591323225c,OK
0x44c1dfe43260c94ed4f1d00de2e1f80fb113ebc1,SIGNAL,popular-vote-margin-of-victory-in-presidential-election,P90,P90,P99,[0.20 - 0.40],124038744.446078,0x147d15ab6ad449428edb1cc99a1156897621dd02,OK
0x44c58184f89a5c2f699dc8943009cb3d75a08d45,SIGNAL,super-bowl-champion-2026-731,P90,P90,P90,[0.00 - 0.20],704096822.722044,0x31694beb3112a33337c4e71d7f5ebab12deeffb8,OK
0x44d4c6f385f1b0b738369e5a0b4ae4030e401970,EQUILIBRIUM,super-bowl-champion-2026-731,P70,P70,P90,[0.60 - 0.80],704096822.722044,0x4e57c822332fbfd085fb348e00297d8109c6a38b,OK
0x44d9200a6b0106d041f9460fa84d054736c14c1a,SIGNAL,electoral-college-margin-of-victory-in-the-2024-presidential-election,P90,P90,P70,[0.00 - 0.20],116208770.606470,0x7c154d5ae4b56475d5bc124cadf4c962150b6f09,OK
0x44fd6c291a43287728329b9b59c0a75c02c9b634,GRAVITON,winter-games-2026-ice-hockey-gold-medal-winner,P50,P50,P90,[0.40 - 0.60],19541942.551562,0x918fe0a3277e2318825b6039e03ee1b1210ee619,OK
0x4526964246242015bfa78c294033565be6797a45,EQUILIBRIUM,will-zelenskyy-wear-a-suit-before-july,P70,P90,P70,[0.80 - 0.97],242231180.272023,0xa7cedc1ea67ffc357f74a4b5aa72c2873b22d31a,OK
0x45580feac3b916a88b7513929e26f86b3adea2b3,SIGNAL,popular-vote-margin-of-victory-in-presidential-election,P90,P90,P90,[0.00 - 0.20],124038744.446078,0x6828687251a44fd0d817bb4c7364de5dab95dbb8,OK
0x45642ba37038647ede5b9388578edcb7e9cd63be,SUBSTRATE,fed-decision-in-january,BASE,BASE,BASE,[0.97 - 1.00],659499548.531115,0xf35432b34051c8b5343db0d00f496c0ef129538f,OK
0x45803b08b4373cce142a0112e57c31e1b42e0e9d,VECTOR,presidential-election-winner-2024,P90,P90,P99,[0.40 - 0.60],3686335059.295466,0x1e830ed61b6f1bb785481de18b06283d0736b955,OK
0x45b2cb2ae97f7dd81aa20058337a7a8b29b4cbc1,SIGNAL,will-crude-oil-cl-hit-by-end-of-march,P99,P99,P70,[0.00 - 0.20],84160555.120290,0x710031ab80ed8fc8791ec07cfb1b23947ad95c48,OK
0x45bc74efa620b45c02308acaecdff1f7c06f978b,EQUILIBRIUM,what-price-will-bitcoin-hit-in-march-2026,P70,P90,P90,[0.80 - 0.97],99554303.753586,0xa8feb541a8678119e4b70aafbd76b82c2959cbe5,OK
0x45d77f9e9a3215fa5aaf74888ba22348c340bc74,SIGNAL,champions-league-winner-2025,P90,P90,BASE,[0.00 - 0.20],1001676674.300988,0x3c21b4a7e9fe21805f34af8f586c8e7b77c6ee61,OK
0x45f2736ab887ab27f9d33b2855b22eccfe58ac3c,SIGNAL,us-next-strikes-iran-on-843,P90,P90,P90,[0.00 - 0.20],56607533.530307,0x939ccad9c41e55cce64c242fdc9c4b4e3c53b6ee,OK
0x460217afee68832b4262877bee64b012bc903315,INSIDER,us-x-venezuela-military-engagement-by,P99,P99,P70,[0.00 - 0.20],87408771.528641,0x8e367b49e38c2168f1c5662e76c733190b7f989f,OK
0x46d3d62ab3dd01fb8dc3b16f0141462c82df62e0,VECTOR,what-price-will-bitcoin-hit-in-2025,P99,P99,P99,[0.40 - 0.60],188753254.123653,0x5762b4c09b806c083ca37534659af2315dcb5f33,OK
0x471abf0558dcd381dcea2fdf54390760c9a30328,GRAVITON,fed-decision-in-september,P50,P50,P90,[0.80 - 0.97],220591460.745363,0xe4f57c76cfbc45f3089bacf8be02c1438779a8a3,OK
0x472be80809165b1ba999d5fbc5efef9f2e86c594,EQUILIBRIUM,what-price-will-bitcoin-hit-in-2025,P70,P70,P99,[0.80 - 0.97],188753254.123653,0x14a35782f3cbed0d2c4efc65af196220b1f52317,OK
0x4755188644460fc8140a18ccefc1e80b6a5e4158,EQUILIBRIUM,what-price-will-bitcoin-hit-in-february-2026,P70,P70,P99,[0.80 - 0.97],121274308.347870,0xcb9692bd831368b8b472e2d5ec936b49a8a2a3f9,OK
0x4762c329459b5bbf87e9fc9f65749efc7086ba70,GRAVITON,new-york-city-mayoral-election,BASE,BASE,P90,[0.80 - 0.97],429614415.023426,0x05b684cff2352a4f5c255039458b03b0fd4e0c43,OK
0x477f156a229f1a174fdf945c778b7362dd2b19aa,SIGNAL,fed-decision-in-june,P99,P99,P90,[0.20 - 0.40],106895985.982213,0x927d50ee1d9b1d3f782faa07a4fdad3c60444d1f,OK
0x47a0e1f2aec4b269382c094c5fd8a34247c61de0,GRAVITON,next-president-of-south-korea,P99,BASE,P90,[0.60 - 0.80],290745774.792026,0xe0b818ad91ec7d58cd0fa26fbc496d97a9702015,OK
0x47ab026767cc320ac6e62f6ec747d59cf4d795df,SIGNAL,superbowl-champion-2025,P90,P90,P70,[0.00 - 0.20],1152274393.340837,0x93a692fe5477902c3cf5f6997c1cf59a3712ced4,OK
0x47bc4b50a8d0c4a07b22bfd949f9c6afb8aec043,EQUILIBRIUM,will-zelenskyy-wear-a-suit-before-july,P70,P70,P90,[0.80 - 0.97],242231180.272023,0xeb605092406f037927d64d529b3a9cb9cbc7c6de,OK
0x47bc8458d60154c8a17c2d8ce332f088a602abd2,GRAVITON,speaker-of-the-house-for-the-119th-congress,P50,BASE,P99,[0.80 - 0.97],188408380.572023,0x65eac40bac865e493f0498cddcb42c66af13d3b0,OK
0x481885145076214e1e2d75119e89aea0ea871b32,GRAVITON,presidential-election-winner-2024,BASE,BASE,P99,[0.60 - 0.80],3686335059.295466,0x050fc5c4b6380b52797f6c042d62b782e5c506db,OK
0x482bf5accdecfaffa67c14d4d4fbb59f428a3266,EQUILIBRIUM,nba-champion-2024-2025,P90,P90,P90,[0.60 - 0.80],1712132663.961605,0x79689b2f8f1273d6fd62cf3e9e9631986d3e0798,OK
0x4851a13a61c99688c68191e8e8a8755ea5b81e94,EQUILIBRIUM,what-price-will-bitcoin-hit-in-january-2026,P90,P90,P99,[0.80 - 0.97],107746434.084592,0x6e82048f9d70dfdaf7dd42b3139128ec6d883381,OK
0x48afe8fbde091ff3e616901dc92ef20862c289cc,VECTOR,us-x-venezuela-military-engagement-by,P90,P90,P90,[0.40 - 0.60],87408771.528641,0x15bfe326feacef2e83a339d1afff21ced1e6e643,OK
0x48e7ca9d4754021dc8b32adcaec0234dd6c9d5f8,ANOMALY,highest-grossing-movie-in-2025,P90,P90,P90,[0.20 - 0.40],124618231.928837,0x5dc45ad5769d7567673051f6e0512c4e04cde268,OK
0x48ecc049f171a8c7758e5d351e5f6c3c6df58f36,VECTOR,iran-x-israelus-conflict-ends-by,P90,P90,P70,[0.40 - 0.60],100611326.572539,0xadb92aa4b2b227bc914a7f2177c168e83b8ef63d,OK
0x48fe10cd940a030eb18348ad812e0c382a4cb2b6,GRAVITON,fed-decision-in-december,P50,P50,P90,[0.80 - 0.97],393905949.377453,0x62be975ae003f0a86f08cdf9ddab55d643cc482f,OK
0x490e807c5a431752bee1a5b48cbfbcb4a45773ad,PASSENGER,what-price-will-bitcoin-hit-in-2025,BASE,BASE,P90,[0.97 - 1.00],188753254.123653,0xad142889c0984896c4dc461cbcd23b28dcb9ff81,OK
0x49adba6092a3288ef0ae2e5d5d1e77e69331f71a,EQUILIBRIUM,will-the-iranian-regime-fall-by-march-31,P90,P90,P90,[0.60 - 0.80],63229537.941050,0xa293afe27a26bcd9ead646e3d3aab4a7548b1dce,OK
0x49b60d2cda22653ddc8b6ef21bad6d012a7f170c,ANOMALY,champions-league-winner-2025,P90,P90,P90,[0.20 - 0.40],1001676674.300988,0xb3ca8633f7ebc8df8656f4346754b65434f0825e,OK
0x49dd109f63a08ca0abd31bc9f89fc5507d2a2a32,GRAVITON,2026-ncaa-tournament-winner,BASE,BASE,P99,[0.80 - 0.97],27378307.673206,0x45a3fe38e7260f66402191494ee678d46f097a8b,OK
0x4a2be7a7e6e3b41dc2de00706b4c09660ca9af20,VECTOR,will-crude-oil-cl-hit-by-end-of-march,P90,P90,P90,[0.40 - 0.60],84160555.120290,0x2b87e651ed7a8d0da7c0845a84d66d4adaacd90e,OK
0x4aa2661df2285ad3e17f4267c3469785d7ef3170,EQUILIBRIUM,will-crude-oil-cl-hit-by-end-of-march,P70,P70,P70,[0.80 - 0.97],84160555.120290,0x1859445ae1779d9278997deaabcfee8136433b3d,OK
0x4ad6cadefae3c28f5b2caa32a99ebba3a614464c,VECTOR,fed-decision-in-september,P90,P90,P90,[0.40 - 0.60],220591460.745363,0xcf12f5b99605cb299fb11d5eff4fb304de008d02,OK
0x4aefed77846f1b884bcbfb9e63acb351c2be9337,SIGNAL,la-liga-winner,P90,P90,P99,[0.20 - 0.40],277840555.158109,0x0d30e3c909ffb61ff417fab42a32e113ec107332,OK
0x4b0d7e74c0f4b0807da5ff0280cef9bc3b1f509c,SUBSTRATE,what-price-will-bitcoin-hit-in-2025,P50,P70,P50,[0.97 - 1.00],188753254.123653,0x4583b3cb717c6c9ee4ee195431a1270bf9d82683,OK
0x4b92a2d2fd3807981a5dddae7315122530a542e6,GRAVITON,new-york-city-mayoral-election,P50,P70,P90,[0.80 - 0.97],429614415.023426,0x99773bb2cbc3479f7a58f9bc9fc3261627e83996,OK
0x4bac379da2f29d87c01ff737843e396a2cec02b1,OPERATOR,la-liga-winner,P50,P70,P70,[0.60 - 0.80],277840555.158109,0x5ac5a3b35f5e85d57529748fa4b2627469ed8247,OK
0x4bb5d3f54c76aa52f39d3150b2ea33293775942c,GRAVITON,presidential-election-winner-2024,BASE,BASE,P99,[0.60 - 0.80],3686335059.295466,0x0e5db7d9a3fe64e73478dcc513f5157936590e2c,OK
0x4c0340f93e3c590118fc6e35215d51ce7dc80cc1,EQUILIBRIUM,premier-league-winner-24-25,P90,P90,P99,[0.80 - 0.97],808665619.121059,0x91d85d10424b4b5807e324863776b01c6f8d3378,OK
0x4c2966a198cd7ac982110d0219b037afa9997570,GRAVITON,us-x-iran-ceasefire-extended-by,BASE,BASE,P90,[0.80 - 0.97],210137726.510791,0x3d5a7ced16b618eb57d2badb83bada40b7db0936,UNVERIFIED_NO_PROFILE
0x4c54c453ae6b083bcc37ccbc2bccb84064eacc1e,VECTOR,college-football-champion-2025,P90,P90,P90,[0.40 - 0.60],114932366.863053,0x8f31de232d1bd8839eb2af564693b77e9ac18db0,OK
0x4c86cdfff0fcff0f6b56a9ddb9f805b4b28f6993,VECTOR,stanley-cup-winner,P90,P90,P90,[0.40 - 0.60],249254121.669859,0xe2919ff95ad510d5b9868c2f85fe7b0d26995031,OK
0x4cc3522b689a6bf1fb4a2444c523e7776db47552,EQUILIBRIUM,nba-champion-2024-2025,P90,P90,P99,[0.60 - 0.80],1712132663.961605,0xe388e29d4fffff222f6715510f85bbca68eff1af,OK
0x4ce73141dbfce41e65db3723e31059a730f0abad,ANOMALY,fed-interest-rates-november-2024,P99,P99,P99,[0.00 - 0.20],189537155.167586,0xbbcafe6710bd1bd9d84502efa45cf0ccddd51361,OK
0x4d0e9b029700163625c551a0073636f3dc5ec45b,GRAVITON,fed-decision-in-december,BASE,P50,P90,[0.80 - 0.97],393905949.377453,0x41745866d21496505bbca6a38c1b8ba5a96b7069,OK
0x4d3e59470cd241c4382cabbd2bfd10037cce58c7,EQUILIBRIUM,next-president-of-south-korea,P99,P70,P99,[0.60 - 0.80],290745774.792026,0x00026e8c71129ffbf76c2d5926400f71d10a8b73,OK
0x4d49acb0ae1c463eb5b1947d174141b812ba7450,EQUILIBRIUM,what-price-will-bitcoin-hit-in-2025,P70,P70,P99,[0.80 - 0.97],188753254.123653,0x76181f35532e555268c54152f808c3dc8987446a,OK
0x4da76bbf120899fc10fa6e0aad4bffdd19a7355e,SIGNAL,us-next-strikes-iran-on-843,P90,P90,P90,[0.00 - 0.20],56607533.530307,0x59b25023d05b88c0a0d6044b27d0fa11e258bbb7,OK
0x4df332e27f9ee3224f52ce30e3ce15c1075e788f,EQUILIBRIUM,nba-champion-2024-2025,P90,P90,P90,[0.60 - 0.80],1712132663.961605,0x344ea24beb99178b81dbd399581ea9d2bf72edd7,OK
0x4df7da721042bf8b75bd1cb7acbeb7f83aaf522d,SIGNAL,elon-musk-of-tweets-february-24-march-3,P99,P90,P50,[0.00 - 0.20],46476194.322481,0x2a239aa3231cae0f0340188fbf671d77c0ff5f81,OK
0x4df81d35f375124a59da17c91036d484261d1393,EQUILIBRIUM,presidential-election-winner-2024,P70,P70,P99,[0.40 - 0.60],3686335059.295466,0xcc907531db31dac206b5faac12702641225c7ae5,OK
0x4dfd481c16d9995b809780fd8a9808e8689f6e4a,SIGNAL,khamenei-out-as-supreme-leader-of-iran-by-march-31,P90,P99,P90,[0.00 - 0.20],63238697.721704,0x911a207592f6dad6a536d66b56685c6172d9f67a,OK
0x4e09ac04b37800d7643cee48642c646c1b9dd784,EQUILIBRIUM,nba-champion-2024-2025,P90,P90,P99,[0.60 - 0.80],1712132663.961605,0xe0550acf78c95c5f297a63c3432355a6d906b9a8,OK
0x4e25605fd905e9972efc0f4d8814530c655cd7a7,EQUILIBRIUM,2025-national-heads-up-poker-championship-winner-845,P90,P90,P90,[0.60 - 0.80],235976211.664435,ERROR: no_contract_creation_tx_and_polymarket_profile_404,
0x4e3c68cd55d2d83a8ac69d32d90c1f96222407bc,PASSENGER,what-price-will-bitcoin-hit-in-february-2026,BASE,BASE,P90,[0.97 - 1.00],121274308.347870,0xa0cd813b26ada1dc71820d6de7d9ed2b0a039a65,OK
0x4e56f1ddaa8f5328036c449b89e731ec748cdee1,EQUILIBRIUM,superbowl-champion-2025,P70,P70,P99,[0.40 - 0.60],1152274393.340837,0x0826cb4c00cc7ed7534bdc17062088d605ec1a19,OK
0x4e820a4b31acc9d0649fdef68f9239f0c997b85c,GRAVITON,next-president-of-south-korea,P50,BASE,P99,[0.80 - 0.97],290745774.792026,0xd6a0277cf98dfc9ac6fef27ff59f206a74fb814e,OK
0x4e948fa5d984c0077bb8f0d2f8d0f7779f656243,SUBSTRATE,fed-decision-in-july,P50,P50,BASE,[0.97 - 1.00],136613627.403447,0xcd6e7133cdaeae4d25956d4daa5dfccd08eb7f67,OK
0x4eda5363800925e7f56f8d9135227b3a7e1cf4b8,OPERATOR,superbowl-champion-2025,P50,P50,P50,[0.40 - 0.60],1152274393.340837,0x23b968103b55259f5da93dde4fc98ac82e832dad,OK
0x4ee29e4e7d4c380babeae5e22e5c02400c2246e1,EQUILIBRIUM,what-price-will-bitcoin-hit-in-january-2026,P90,P90,P99,[0.60 - 0.80],107746434.084592,0x8f2c8ca63e81f0ae4c6ef307fdf2daeeb441a3db,OK
0x4eefdace58cb68839530ff98ec567c7fc41d3fcb,GRAVITON,will-crude-oil-cl-hit-by-end-of-march,P50,P50,P90,[0.80 - 0.97],84160555.120290,0x15e5e285b2e717ec46e36053789c33d55573a89d,OK
0x4f2ba33b080882c0f6b296f48cfd07b6c326f448,EQUILIBRIUM,eurovision-winner-2025,P70,P70,P99,[0.80 - 0.97],105911052.705064,0xa6edee2ca0235a6e20c2dbbee5523e773d679e68,OK
0x4f315c1f2fcfbcbccc31fa28ae086babf309efa3,EQUILIBRIUM,what-price-will-bitcoin-hit-in-february-2026,P90,P90,P99,[0.80 - 0.97],121274308.347870,0x4069b5df1a5275833640a7d1c852e1196a9e7741,OK
0x4f43bae0ebaf4966b14193f7d8eb8b9b2d08f5db,EQUILIBRIUM,romania-presidential-election-winner,P70,P70,P90,[0.20 - 0.40],234266874.453681,0x2f520154be26f38f471543e53937753c3e32c9ec,OK
0x4f51bd37e0674d7194ed9a310dc19322822d695c,PASSENGER,what-price-will-ethereum-hit-in-february-2026,P70,P70,P70,[0.97 - 1.00],35823420.667874,0xb847806c3361f49dc2aff72d9b409f5932488bb4,OK
0x4f798b911568ff98e6e05c6f32bb62dc1ce9020d,GRAVITON,presidential-election-winner-2024,BASE,P50,P99,[0.60 - 0.80],3686335059.295466,0x4ebca83b7e9d4d6d3ac48a1328e0e73cb8904c84,OK
0x4fa51c79bab4e74770fef157af01f482de0697e8,GRAVITON,romania-presidential-election-winner,P50,P70,P90,[0.40 - 0.60],234266874.453681,0x9698f2631fa053e4bb9e70feac92811df564ccbc,OK
0x4ffe49ba2a4cae123536a8af4fda48faeb609f71,ANOMALY,what-price-will-bitcoin-hit-in-january-2026,P90,P90,P90,[0.20 - 0.40],107746434.084592,0x1628dbd0c09f3d51a81d018f413ebb4d912a11da,OK
0x506bce138df20695c03cd5a59a937499fb00b0fe,ANOMALY,super-bowl-champion-2026-731,P90,P90,P90,[0.20 - 0.40],704096822.722044,0x5212e3624649176d9e8016b9e5373c90b79ecfa6,OK
0x507e52ef684ca2dd91f90a9d26d149dd3288beae,EQUILIBRIUM,super-bowl-champion-2026-731,P70,P70,P99,[0.60 - 0.80],704096822.722044,0x7270ae1504a064896753a6baf91c06d742ce29d1,OK
0x509587cbb541251c74f261df3421f1fcc9fdc97c,EQUILIBRIUM,nba-champion-2024-2025,P90,P90,P99,[0.60 - 0.80],1712132663.961605,0x84c8855a9c4def842266ecf7e7533040e2a3f4b7,OK
0x510904c9a58f5c5ad799a1b44947077564175e9c,EQUILIBRIUM,us-x-iran-ceasefire-extended-by,P99,P70,P90,[0.00 - 0.20],210137726.510791,0xfb7a9b081dbcc46a3a7ac0b0b8032bd9b3cca7e1,OK
0x5116ee15e86bc8878b90ac8a8514e38511eb58c4,EQUILIBRIUM,what-price-will-bitcoin-hit-in-january-2026,P90,P90,P90,[0.80 - 0.97],107746434.084592,0xcbddd92f3a4485463dacbf4ab81b11a0e3052156,OK
0x51373c6b56e4a38bf97c301efbff840fc8451556,SIGNAL,fed-decision-in-october,P99,P99,P99,[0.20 - 0.40],252485550.016563,0x9af52bd9dbef9f94c6b70f9d480e5f79888719ea,OK
0x514550b8f94f24e3bd5fca1c8af19e985fb71f46,SIGNAL,khamenei-out-as-supreme-leader-of-iran-by-march-31,P90,P90,P90,[0.00 - 0.20],63238697.721704,0x35bad633735cf33260a44a6425de24c4197dc170,OK
0x51727cf649ff35f254a7975f90800dea4b290581,EQUILIBRIUM,will-zelenskyy-wear-a-suit-before-july,P70,P70,P70,[0.80 - 0.97],242231180.272023,0xc0dc714a70a172dbfb6e43464a27c1822f095332,OK
0x51729bf1b339d1c55216a01b087684e4e565ac35,EXTRACTOR,what-price-will-bitcoin-hit-in-february-2026,P70,P70,P99,[0.97 - 1.00],121274308.347870,0x9a7bffd2b4ec9ac47a1b74d65ab9e6bf7d752675,OK
0x5188fa0e8a77e87bc6a58e6781fdfc4e165cc804,EQUILIBRIUM,lighter-market-cap-fdv-one-day-after-launch,P90,P70,P90,[0.40 - 0.60],106735062.224516,0x44a3e929c68fe1441583549f64abc72e278e6e49,OK
0x51fd8f0358cc9e8a1ee5f87a0c7e3b07ed634272,ANOMALY,pennsylvania-margin-of-victory,P90,P90,P90,[0.20 - 0.40],192916820.428426,0xdedd75caab1fc3241f9e81a08e0988d333a4d4ff,OK
0x52171eb988cc1d8836cfbcc32b51c2e1689fec29,EQUILIBRIUM,will-crude-oil-cl-hit-by-end-of-march,P70,P70,P90,[0.80 - 0.97],84160555.120290,0xb2a36a4e40f8dd51e2e2db3426ed5fc0afc42422,OK
0x521a8c20563ccc9e1c8ebfe5cfe6c8f9b2f8d12f,EQUILIBRIUM,fed-decision-in-june,P90,P90,P99,[0.80 - 0.97],106895985.982213,0x3ed5ee56552c73c3339e9089a48281ca1e74d85b,OK
0x52482d38a41eff48e1bdb46233373caa99cbaabb,EQUILIBRIUM,the-masters-winner-2026,P70,P70,P90,[0.20 - 0.40],126018047.396663,0xf2ecf48aecabd4675cb127e5bee0c4b717236cc9,OK
0x52b74441def3510e1839eadac7875423c0b54597,SIGNAL,iran-x-israelus-conflict-ends-by,P90,P99,P90,[0.00 - 0.20],100611326.572539,0x098246d45cb0290e4980feacc50e2238001f383d,OK
0x52f518bd4e1fc7fdf25a366343d06127d27119da,GRAVITON,fed-decision-in-september,P50,P70,P90,[0.80 - 0.97],220591460.745363,0x71e735a89b8ddca6fa473aae2af5699bde285d41,OK
0x530e6c4f8250a4247173efb981d46d3081d1cc11,SIGNAL,what-price-will-bitcoin-hit-in-february-2026,P99,P99,P90,[0.20 - 0.40],121274308.347870,0xb37ec3977b4e67b1623c7f950ed162399539dd76,OK
0x5314305babb27b745f0d401076b97fbb2dae910c,EQUILIBRIUM,superbowl-champion-2025,P70,P70,P99,[0.40 - 0.60],1152274393.340837,0xd7aa1efd6bb64014741244bc5899f78d0978036b,OK
0x5371f1b6954e31c502064614649cea3568cb76eb,EQUILIBRIUM,what-price-will-bitcoin-hit-in-march-2026,P90,P90,P99,[0.80 - 0.97],99554303.753586,0x978f6f7077ec046c560df60e3700487dca55fd25,OK
0x538097d7b841c35d99de7be4aa9352a962ca28de,GRAVITON,popular-vote-margin-of-victory-in-presidential-election,P50,P90,P90,[0.60 - 0.80],124038744.446078,0x421091c0dc65950c359542abc3bf6575635f3db2,OK
0x53a4f5be7d64abd9c49835374b5686cb86454447,GRAVITON,fed-decision-in-september,P50,P50,P90,[0.80 - 0.97],220591460.745363,0x78bd3535f1c25d46f0df2c1c9463c3bbbc263528,OK
0x53d2d3c78597a78402d4db455a680da7ef560c3f,INSIDER,speaker-of-the-house-for-the-119th-congress,P99,P99,P90,[0.00 - 0.20],188408380.572023,0xc1f41271c1bfac63ae2959c0edc6b9163c2967a7,OK
0x53e55bc7cb3d67ad177c023ce891ad076a9d6177,SIGNAL,us-next-strikes-iran-on-843,P90,P90,P90,[0.00 - 0.20],56607533.530307,0xb3d9bf78226cf1104e8eb184d9e77d5f6ef79ced,OK
0x53ecc53e7a69aad0e6dda60264cc2e363092df91,ANOMALY,nba-eastern-conference-champion,P90,P90,P90,[0.20 - 0.40],287395629.769278,0x8a02936b8eaf2d663fb0c8a05732770f035a9720,OK
0x54520a0661afd0c6580ce45773097c0f0c2f6f80,EQUILIBRIUM,will-the-iranian-regime-fall-by-march-31,P90,P90,P90,[0.60 - 0.80],63229537.941050,0xc220d3fb6f9e57bb775c259615e74ba371db7ea7,OK
0x54525ee78bd513b0bf75f94e560158f6fc35d448,EQUILIBRIUM,nba-champion-2024-2025,P90,P90,P99,[0.60 - 0.80],1712132663.961605,0xf6954d05e33971038f5a3dd39017024ffc9cf570,OK
0x5487559b207c980f660774d06cd5ca144377a014,EQUILIBRIUM,nba-champion-2024-2025,P90,P90,P90,[0.60 - 0.80],1712132663.961605,0x0718eec350c2d714bbfe6faacc2f5e58e1e6228b,OK
0x54b56146656e7eef9da02b3a030c18e06e924b31,EQUILIBRIUM,us-next-strikes-iran-on-843,P90,P90,P90,[0.60 - 0.80],56607533.530307,0x5ddb57902ce6902111ba88087a6e52c4b6d85fb0,OK
0x54dbe14d342f129be293df83a12515065b6c0174,VECTOR,eurovision-winner-2025,P90,P90,P70,[0.40 - 0.60],105911052.705064,0x77e10926dc59782015bcd3cf5f16615d36dc014e,OK
0x551c8f09fffa54889974a101e2af2b92c13dfe91,SUBSTRATE,the-masters-winner-2026,P50,P50,P70,[0.80 - 0.97],126018047.396663,0x0117a64b3c944d616f3fbfccfaf5aa07fc1d386e,OK
0x551e72eda42a5ab39d6d78239a1d9bbb5db6b0e0,ANOMALY,nba-champion-2024-2025,P90,P90,P90,[0.20 - 0.40],1712132663.961605,0x3d17939c2e9f3de0ac5cc6bb7b6860871aca1418,OK
0x558f2f82cf0394c28ce3c8e117ee747aeab51a56,GRAVITON,the-masters-winner-2026,BASE,BASE,P90,[0.80 - 0.97],126018047.396663,0x5dd9649941df5a1d4c8b5ad9be50db9ac04ae5f4,OK
0x55be7aa03ecfbe37aa5460db791205f7ac9ddca3,EQUILIBRIUM,what-price-will-solana-hit-in-february-2026,P90,P90,P99,[0.60 - 0.80],14604192.801218,0x4191281be6a740ba59fffd4644199f5a3514f02f,OK
0x55e2436d747835c7e40b0c6cf92f632bf1215fc9,VECTOR,what-price-will-bitcoin-hit-in-march-2026,P99,P99,P99,[0.40 - 0.60],99554303.753586,0x6b44db2ece3d8adc5251aef8fdf680bebb440ec9,OK
0x560d10f991f5fd7f92a4d3e7115895240027a0aa,GRAVITON,presidential-election-winner-2024,BASE,BASE,P99,[0.60 - 0.80],3686335059.295466,0x3d7bf49b68adf53f54309d29b2ea63c74db4bb06,OK
0x561da78ed154ec53be6603eeae10160dbf634912,OPERATOR,eurovision-winner-2025,P70,P70,BASE,[0.80 - 0.97],105911052.705064,0xdfb4abfda88f4219bb70e8e8c7efb4e1e80661a6,OK
0x56687bf447db6ffa42ffe2204a05edaa20f55839,EQUILIBRIUM,presidential-election-popular-vote-winner-2024,P70,P70,P99,[0.20 - 0.40],628163458.451128,0x647c5d329792b2c097222312a358ff7b003f7b8d,OK
0x56d46e3f56750aaf97c95e74aab7795949539c57,ANOMALY,eurovision-winner-2025,P90,P90,P90,[0.20 - 0.40],105911052.705064,0xa1d7d777907becfbbc1425e3bc4a65e14f9e6a2d,OK
0x56ebe2a8eb1b9bccfd3059f981f9c987e45e076a,GRAVITON,iran-x-israelus-conflict-ends-by,P50,P70,P90,[0.60 - 0.80],100611326.572539,0xc26e12d631e69fa4de41de6dc988e80a75f2dc7a,OK
0x571713721a8894c40880da84a02353bf554fb1f0,SUBSTRATE,fed-decision-in-june,P50,P50,P50,[0.97 - 1.00],106895985.982213,0xb4e98819087b2b59713a5bafb4960ef4f422ace1,OK
0x571dbc37082936b2cb4a26e0d85ca835195d19d6,GRAVITON,presidential-election-winner-2024,P50,P70,P99,[0.40 - 0.60],3686335059.295466,0xfb96a40d981cc3e362871b990c5b7fc7c0bf5022,OK
0x5739ddf8672627ce076eff5f444610a250075f1a,EQUILIBRIUM,will-the-iranian-regime-fall-by-march-31,P90,P90,P99,[0.60 - 0.80],63229537.941050,0xb4a428bd045e34b2d923fda7240a241fba14ecaa,OK
0x5754becbe873d6ba9eefa4eedf214dd254ece515,SIGNAL,nba-champion-2024-2025,P99,P99,P90,[0.20 - 0.40],1712132663.961605,0x552594422e9e973a40b116175b5abdc222647c4f,OK
0x57580098505a802779ba8737b36d89bcc083da7b,EQUILIBRIUM,presidential-election-winner-2024,P70,P90,P90,[0.40 - 0.60],3686335059.295466,0x3926fca7e7d620da714a2f31007ffd022f981441,OK
0x578d665b6dd21abf12a393579699e35a2686fbb3,EQUILIBRIUM,premier-league-winner-24-25,P90,P90,P99,[0.60 - 0.80],808665619.121059,0x025d3a53d2c21348ae5e33a87a29689c041bb67f,OK
0x5792bdaa99c199ef461ca95abf46b70f2f5dd1d6,EXTRACTOR,fed-decision-in-january,BASE,BASE,P99,[0.97 - 1.00],659499548.531115,0xcda266aaa75bccd4d0cbd1d1e476c5cbc3579521,OK
0x57a8d63731277200ed26cfde9a8a830d94f36933,EQUILIBRIUM,super-bowl-champion-2026-731,P70,P70,P90,[0.60 - 0.80],704096822.722044,0x6a0e374af7e915796459f09e1c50cbb61bea9efa,OK
0x57b00c3ccef1b6bd6962fb9ca463c4e0b38e76f4,GRAVITON,will-the-iranian-regime-fall-by-march-31,P50,P50,P90,[0.80 - 0.97],63229537.941050,0x7a6b612637ffd18e394de74b5c9ef78356f95e8f,OK
0x57c5de7efafb020e589f80e0da6e16e9b5c907aa,EQUILIBRIUM,new-york-city-mayoral-election,P90,P90,P90,[0.60 - 0.80],429614415.023426,0x2a02930f8897bb987007b23a3e081d2830d64d30,OK
0x57cd939930fd119067ca9dc42b22b3e15708a0fb,GRAVITON,the-masters-winner-2026,BASE,P50,P90,[0.80 - 0.97],126018047.396663,0xae0fe6eb5b3a00379a98dff2cee976f09b4449f2,OK
0x5858196bbcb5059a7f67904deb06755dc2adfbbf,SUBSTRATE,us-x-venezuela-military-engagement-by,P50,P50,P70,[0.80 - 0.97],87408771.528641,0x4013eb7da81902a556146861dc50e9c0f515238d,OK
0x5869e74970b00eaabec8215ec77e40b559ffdf51,GRAVITON,presidential-election-winner-2024,BASE,BASE,P99,[0.60 - 0.80],3686335059.295466,0xf1d5b4d83eb7e99c5a70ab8115d654a28a4b8496,OK
0x587bcff09b7e887186a4e2b3086653f10dcd2622,OPERATOR,khamenei-out-as-supreme-leader-of-iran-by-march-31,P50,P50,P70,[0.40 - 0.60],63238697.721704,0x82477076d32a2b1ddf2258845c600fa409ffc001,OK
0x58b3a2d157f7ce32429b61121fbbfcc3dfb5be97,SUBSTRATE,fed-decision-in-july,BASE,BASE,BASE,[0.97 - 1.00],136613627.403447,0x4956e50871af104dbe99a7434160190e6086b47c,OK
0x58d8248b1d54ce937733eb4b64fd6a2932d07a4c,EQUILIBRIUM,fed-decision-in-october,P90,P90,P90,[0.80 - 0.97],252485550.016563,0x087669b074b68c54e4d2e88fb2ebe5d75166aa72,OK
0x594e7904aca0cb5fcf02650f66f9b1f8f915d0fa,SUBSTRATE,2026-ncaa-tournament-winner,P50,P50,P70,[0.80 - 0.97],27378307.673206,0x37d5af662bed90f1d7ece53df4600fe82fedb33a,OK
0x59a513a782dd4c1a98ef22932c52191129f5afc8,EQUILIBRIUM,super-bowl-champion-2026-731,P70,P90,P90,[0.60 - 0.80],704096822.722044,0x9708a6c584679bf14b68f1bec22f17645d7cedd8,OK
0x59cd67a7a9bbede54516474bed6f3bf6069e92d2,GRAVITON,us-x-venezuela-military-engagement-by,P50,P50,P90,[0.80 - 0.97],87408771.528641,0x1cc00cc60f0b031bb8d460358e27ab2857a07c0d,OK
0x59cf850d330f01ed5dbcf71b6243ca2e65664275,SIGNAL,nba-champion-2024-2025,P90,P90,P99,[0.20 - 0.40],1712132663.961605,0x245f1a550c8f1c102bf91e17ad9db74f75c83012,OK
0x59ee6c6a56d7b00223f0c30f8002c4df762b684d,GRAVITON,presidential-election-winner-2024,P70,BASE,P99,[0.40 - 0.60],3686335059.295466,0x887a0ec46f23f2783ded3c5976413b931290d0ea,OK
0x5a218c7ad04135830a45c41aaed7294df7809318,INSIDER,f1-drivers-champion,P99,P99,BASE,[0.00 - 0.20],159090251.150985,0xeb041b23ebb4ff5b8adca5465805b3da4b904765,OK
0x5aa981521b4e94fee3b3bf18fe441f62e865febe,EQUILIBRIUM,what-price-will-bitcoin-hit-in-2025,P70,P70,P90,[0.60 - 0.80],188753254.123653,0x2c2dca9fb8050c58367a6f6befd9b222eab7654b,OK
0x5b228f006f70e182531cb3d440359051aa4f0d9e,SUBSTRATE,fed-interest-rates-january-2025,P50,P50,BASE,[0.97 - 1.00],190915049.199301,0x8b471587b0ec6f0b6e3eb7ac3205a18e42293f02,OK
0x5b9115312cb4fc2b2b57c65045e611092f222709,EQUILIBRIUM,what-price-will-bitcoin-hit-in-january-2026,P90,P90,P90,[0.60 - 0.80],107746434.084592,0xdbc8e7d8a8bf5546a18b47f6d34ccba7dda121fb,OK
0x5ba14fa6711907d8f34b7903a94fb533a0c61171,SIGNAL,popular-vote-margin-of-victory-in-presidential-election,P90,P90,P90,[0.00 - 0.20],124038744.446078,0x148e84fb3254437f72e0d1702af01dfca84ff772,OK
0x5bffcf561bcae83af680ad600cb99f1184d6ffbe,ANOMALY,popular-vote-margin-of-victory-in-presidential-election,P90,P90,P90,[0.20 - 0.40],124038744.446078,0xbd788b69f105a4dd0b1dd137b0fbfb0c29225e9e,OK
0x5c1640a92fb8022554750f5c0112240132e8df3a,GRAVITON,superbowl-champion-2025,P90,P50,P90,[0.40 - 0.60],1152274393.340837,0x7b07f84ff4a77e9d4a171490dbe5ec783c5543b2,OK
0x5c3a1a602848565bb16165fcd460b00c3d43020b,GRAVITON,the-masters-winner-2026,BASE,P50,P99,[0.80 - 0.97],126018047.396663,0xc5597231a696c28a4180dc4a15db9fd7f42160b7,OK
0x5c57496c97dd151f54b2d727646aa796ced55b16,SIGNAL,super-bowl-champion-2026-731,P99,P90,P90,[0.00 - 0.20],704096822.722044,0xa3aef9dfaa897df86e63d818222328c11231e38c,OK
0x5cc5b031c7b8e43dc9cc9b6c4e496fd02815b83a,OPERATOR,what-price-will-bitcoin-hit-in-february-2026,P70,P70,P50,[0.80 - 0.97],121274308.347870,0xdbfa48cbe0ac4d708d3bad8443c2ec18e9f46d8a,OK
0x5cd3f7060163d2dce795a9405d47ae2e16087a5a,GRAVITON,presidential-election-winner-2024,BASE,P50,P99,[0.60 - 0.80],3686335059.295466,0x4db3c42a1756a3759b32ded89c464646051b359f,OK
0x5ce6724d79da1ee847a0d25d149e7f18d9ca0fc7,VECTOR,presidential-election-winner-2024,P90,P90,P99,[0.40 - 0.60],3686335059.295466,0xd6c78b1af405d68b3cdcb81c7a39fd4900c8e7dd,OK
0x5d1c0e7ec9ef13fcaf08241b604d10f727154d4d,SIGNAL,romania-bucharest-mayoral-election,P90,P90,BASE,[0.20 - 0.40],134249665.397437,0x0564dc600fb8831d7f4502e10e730e1955ff716b,OK
0x5d1d9cfd66ee3068c2a8a57dedf1e1b006dcafd2,GRAVITON,the-masters-winner-2026,P50,P50,P90,[0.60 - 0.80],126018047.396663,0x1e0fa155e320fb1662152dd978ed7ed5829f3454,UNVERIFIED_NO_PROFILE
0x5d4d3800cb347e766c7ada814cf0eddbeaf24a91,GRAVITON,presidential-election-winner-2024,BASE,BASE,P99,[0.80 - 0.97],3686335059.295466,0x84fbd50393c6d4b3e812950fd09b43e4d21d0366,OK
0x5d7639ed5fd3c5ebf0fc69d548e1046acd0f9168,SIGNAL,fed-decision-in-december,P99,P90,P90,[0.20 - 0.40],393905949.377453,0xc49fa689bb43563f4d0f3d72127d000553eec7a6,OK
0x5d861bcdd27e8a74d1aa14f2eade9e53e4500e96,GRAVITON,poland-presidential-election,P50,P50,P90,[0.40 - 0.60],128972884.206035,0x2ca116b35c7604cc5c7b85fc9a762c3a6f0251c0,OK
0x5dbea3ea1caed68d36703077c76bdd23d0fb41e9,GRAVITON,2026-ncaa-tournament-winner,P50,P50,P90,[0.80 - 0.97],27378307.673206,0x7c06f45a0f359a9d2232a3546adbbf29041154e7,OK
0x5e222c5667c429e79d0e36d580ed1110cc923993,SIGNAL,eurovision-winner-2025,P90,P90,P70,[0.20 - 0.40],105911052.705064,0xc39764b80aacb8a35629d0df3a0d8ad8cbedc4be,OK
0x5e691969a74194d6d6a770d3235ceec3f9c84ecd,SIGNAL,which-crypto-company-will-zachxbt-expose-for-insider-trading,P90,P90,P90,[0.00 - 0.20],39650755.318580,0x5c6050025906d87199dd31e0950d8bfa8e50e905,UNVERIFIED_NO_PROFILE
0x5e9176d57dd9cdc69eae446dc2ca0e20be471717,SIGNAL,lighter-market-cap-fdv-one-day-after-launch,P99,P99,P90,[0.20 - 0.40],106735062.224516,0xbb1edc84ac93dd1abf9c943b5563ca978871d5cf,OK
0x5e9c76f30788f31f6c6867f5f44b1e95a7a7cd75,EQUILIBRIUM,nba-champion-2024-2025,P90,P90,P99,[0.60 - 0.80],1712132663.961605,0x56cbc389f91e8f803bac92e4efb213839e531c53,OK
0x5ecde7348ea5100af4360dd7a6e0a3fb1d420787,SIGNAL,which-crypto-company-will-zachxbt-expose-for-insider-trading,P90,P90,P90,[0.00 - 0.20],39650755.318580,0x2d8eceb38e3defd2d4d75394d6cf07be7bf72978,OK
0x5ed340e8d96eb56b4fae82d18f94d584430b2d17,GRAVITON,romania-presidential-election-winner,P50,P50,P90,[0.40 - 0.60],234266874.453681,0xebf0fb688453698c155e5ef9e5b5ce3995d69e53,OK
0x5ee1c416fbe1c3e6a8bc51b74dd816c43276e116,SIGNAL,fed-decision-in-january,P99,P99,P99,[0.20 - 0.40],659499548.531115,0x7df15e08b9f7f4d7ae816ef91626702384277db8,OK
0x5ee8cc00eb174041df6c854b4ba7a8d822c2b5c0,OPERATOR,superbowl-champion-2025,P50,P50,P50,[0.40 - 0.60],1152274393.340837,0xef5e7f50b27d93893708884e4462dd550ad95b61,OK
0x5f176a980de5b25f89f17473e5e8adef565c519e,EQUILIBRIUM,premier-league-winner-24-25,P90,P90,P90,[0.80 - 0.97],808665619.121059,0x9e5f0c83ed403568d34a797dcbf0bc1c89abfe98,OK
0x5f390e4b7d6f06d6756a6c92afdbf7b3176aa78c,GRAVITON,winter-games-2026-most-gold-medals,P99,BASE,P90,[0.40 - 0.60],17239832.858499,0x2cdbc1c0f40ed07321dfd3ede236541e562355d6,OK
0x5f45b60c29d6e4d55c0bfd8ddd39ad45c5e0a77a,EQUILIBRIUM,us-x-iran-ceasefire-extended-by,P70,P70,P90,[0.40 - 0.60],210137726.510791,0x7ed72eb68cf1d0cf063f48717fe8090fae50798b,OK
0x5f8fe08245151828dc063df19ccbb3c9100d40cf,EQUILIBRIUM,iran-x-israelus-conflict-ends-by,P70,P90,P70,[0.40 - 0.60],100611326.572539,0x4bf8e8480018ffc1126c7d8fb2b3c0d6ca457c83,OK
0x5fbda3012b33020fd58265779b2836575d8cfb37,EQUILIBRIUM,what-price-will-bitcoin-hit-in-february-2026,P90,P90,P99,[0.80 - 0.97],121274308.347870,0x7b145dae8469a63680ad01f75438610181c89539,OK
0x5fc814d89c2aa979bd987add20d6eb39eb0439ef,INSIDER,the-masters-winner-2026,P99,P99,P70,[0.00 - 0.20],126018047.396663,0xfb147907a182a8f613af8afde0cf83b8101fb8b7,OK
0x6028325fcab0eedbbf7a3ea0111e9391adfd10ee,GRAVITON,next-president-of-south-korea,P50,P70,P99,[0.80 - 0.97],290745774.792026,0x13f2ca08112fd5b5df3c78c5e583d95d69900235,OK
0x6031b6eed1c97e853c6e0f03ad3ce3529351f96d,SUBSTRATE,romania-bucharest-mayoral-election,P50,P50,BASE,[0.60 - 0.80],134249665.397437,0x160617b00b22a5bebaaca8d76c0fbd2622ea9203,OK
0x60581f6fd33332a587718d0683b255eb7ba7d286,EQUILIBRIUM,next-president-of-south-korea,P90,P90,P99,[0.60 - 0.80],290745774.792026,0xbc85f16336e556e6607ee6d5ad501aa346913cee,OK
0x606d65fca4f80b75926c106d0ac8d3ce90bf1aaf,EQUILIBRIUM,what-price-will-bitcoin-hit-in-january-2026,P90,P90,P99,[0.80 - 0.97],107746434.084592,0xf3a8057b16c03f558298167d1edae57737c8a040,OK
0x607fec58640fcea5cb837adb09d658747720592c,GRAVITON,khamenei-out-as-supreme-leader-of-iran-by-march-31,P90,BASE,P90,[0.00 - 0.20],63238697.721704,0x918c36382c4146e71e5629e6507f2d9d7d53e7d4,OK
0x60889af507ec3f9da136f38b1c58080bec32f361,SUBSTRATE,iran-x-israelus-conflict-ends-by,BASE,BASE,BASE,[0.80 - 0.97],100611326.572539,0xb69a813bc1f867cdc772ee0afae6c6c4889e6f1b,OK
0x6091397fe0f621c4872632bc613eda4b6275972b,EQUILIBRIUM,next-president-of-south-korea,P70,P70,P90,[0.80 - 0.97],290745774.792026,0x1f245266fe07a5b0e959fe5f70412df68390a1af,OK
0x60a92c8620846d81f5ea17b0564e0d4b7c545a71,EQUILIBRIUM,what-price-will-bitcoin-hit-in-february-2026,P90,P90,P90,[0.60 - 0.80],121274308.347870,0x00f9040eee200d9fd896812e2e935291f98cc5da,OK
0x60c58f40b05649f76b82b71b29200c20b9251c09,SUBSTRATE,2026-ncaa-tournament-winner,P50,P50,P70,[0.80 - 0.97],27378307.673206,0xe3021ee41b12f259c9e4cf2fba8071ee0f65bdb0,OK
0x611c20bf7fdc4e88ec4f0172c99efcaa30d5c982,GRAVITON,new-york-city-mayoral-election,BASE,P50,P90,[0.80 - 0.97],429614415.023426,0xbab5ccf8609238d266346629d833ebfdffa43754,OK
0x612f07e76abb9d4d1804264a088a37a666ecaa53,SIGNAL,romania-presidential-election-winner,P90,P90,BASE,[0.20 - 0.40],234266874.453681,0x6758271d92f873dcb8e624813d28040130f715ca,OK
0x6138b966436f811bc0e3f0d35f1fb14b869b97a0,SIGNAL,what-price-will-ethereum-hit-in-february-2026,P99,P99,P90,[0.20 - 0.40],35823420.667874,0x3a8fd4aa08c7daad53be036891001eecfa7568f4,OK
0x6139c42e48cf190e67a0a85d492413b499336b7a,VECTOR,what-price-will-bitcoin-hit-in-february-2026,P90,P90,P90,[0.40 - 0.60],121274308.347870,0xba00940292f489bc655fbbe5ba1e29ac3d0808fb,OK
0x614dc8d3542c12103d2c6a3553fd761e391d1546,EQUILIBRIUM,what-price-will-bitcoin-hit-in-march-2026,P90,P90,P99,[0.60 - 0.80],99554303.753586,0x915bdbe3d6c8d66a8ca8ddf1456d53a26892276d,OK
0x61fefe72aebe7afc69d190bacfad8b561dc70956,SUBSTRATE,will-crude-oil-cl-hit-by-end-of-march,BASE,P50,BASE,[0.97 - 1.00],84160555.120290,0xb80ff3043d72216f601342135dc92f03242c8389,OK
0x629438379125bc67f5d7b62df08c307061ad33f3,EQUILIBRIUM,what-price-will-ethereum-hit-in-february-2026,P90,P90,P99,[0.80 - 0.97],35823420.667874,0x94e5621fbc9c02822e0733ec996ff3bf2d5edac6,OK
0x629bc4a1e53e1d475beb7ea3d388791e96dd995a,EQUILIBRIUM,portugal-presidential-election,P70,P70,P99,[0.60 - 0.80],136469386.189704,0x985dc35da0768d1f10ef4ef9d25ba0fa7dec099d,OK
0x62cf46cd4c3af254dccfc37a7f93de265b4b5826,EQUILIBRIUM,what-price-will-bitcoin-hit-in-march-2026,P90,P90,P90,[0.80 - 0.97],99554303.753586,0xc6c20d06e9e412d824335a5e52b787333831c843,OK
0x62d2bcd198bb6eab8b7eeb9d2061815dc02b9eb7,GRAVITON,presidential-election-winner-2024,BASE,BASE,P99,[0.80 - 0.97],3686335059.295466,0xc2363f45be17b7a7d61b86ee15fa1616fc29a47f,OK
0x630e844afb1297c7aece83a60f4f921b972c2f2f,EQUILIBRIUM,romania-presidential-election-winner,P70,P70,P99,[0.40 - 0.60],234266874.453681,0x9d5e231b38a279a588bb8550a7688a742db31517,OK
0x63b10df4bfa6d03b909ae728ee79964a594c1676,SIGNAL,eurovision-winner-2025,P90,P90,P99,[0.20 - 0.40],105911052.705064,0xb772a340e4a3e9efc118cd7e0c0d1be4e128442b,OK
0x63c652270a37e53a170303b6b264a2aa835743a5,VECTOR,fed-decision-in-june,P99,P99,P70,[0.40 - 0.60],106895985.982213,0x5bdcff6759416a5d94167939a130d4c04ecaa171,OK
0x63d43bbb87f85af03b8f2f9e2fad7b54334fa2f1,INSIDER,f1-drivers-champion,P99,P99,P90,[0.00 - 0.20],159090251.150985,0x09ecbc920461868b7c4b89787de8f27066f1347b,OK
0x64108693c93f94b2d15f40fed8a134fb2cf61ff4,EXTRACTOR,tiktok-banned-in-the-us-before-may-2025,BASE,BASE,P90,[0.97 - 1.00],119653357.735965,0xc2de5e6f13d60fc5c98a5a805ecd1317c1a8f76e,OK
0x641b56cd1de69da37e9bfefeddc7b277341c5433,GRAVITON,which-crypto-company-will-zachxbt-expose-for-insider-trading,P50,P50,P90,[0.80 - 0.97],39650755.318580,0xa1df4b7d4e60719e42695892d5c9ace5c2d74f2c,OK
0x6465185233a1a2c8b0c7309636d620e25d4aabff,OPERATOR,presidential-election-popular-vote-winner-2024,P50,P50,P50,[0.20 - 0.40],628163458.451128,0x1c4426b4a9e23549f96d05df33b5579e01eb53d9,OK
0x64e93f87d8a0c1b2cde6f20d71f211372a95eb4c,GRAVITON,us-x-venezuela-military-engagement-by,P70,BASE,P90,[0.60 - 0.80],87408771.528641,0x34b8e9ff1f503ec47a78cfdbe6ce6a66dced0028,OK
0x64f8d315efd2d03897a03985fc42719f56952daa,GRAVITON,presidential-election-winner-2024,BASE,P50,P99,[0.60 - 0.80],3686335059.295466,0xa576d9a76d350876466f7f6ca5f669e9fa976ef0,OK
0x650a96777ab0f6ba2d560d231745f9b6fff86eb2,GRAVITON,presidential-election-winner-2024,BASE,P50,P99,[0.60 - 0.80],3686335059.295466,0xcd7d7cfc2d0dc1316bbbd6a4f8f7af1e125b32ac,OK
0x658d3bb4220b5e5c559dde54d43f579af859b95d,EQUILIBRIUM,what-price-will-bitcoin-hit-in-2025,P70,P90,P90,[0.60 - 0.80],188753254.123653,ERROR: no_contract_creation_tx_and_polymarket_profile_404,
0x6597282ce8d8b81904621e6f75c9f3882a3bca42,GRAVITON,presidential-election-winner-2024,BASE,BASE,P99,[0.60 - 0.80],3686335059.295466,0x3302ca9605db5577e0aec7ff25208fd0fe42ffb0,OK
0x660622caad009a8cc1f38038c0913be658621338,EQUILIBRIUM,what-price-will-bitcoin-hit-in-january-2026,P90,P90,P90,[0.80 - 0.97],107746434.084592,0x84838a8c45a9572846ec1c7a7f7fd8183fca9d3f,OK
0x661daf6af6d884012dd6db73c09d72e8be224dc6,EQUILIBRIUM,super-bowl-champion-2026-731,P70,P70,P99,[0.60 - 0.80],704096822.722044,0x16e81a1f82bdec658a5c230692c93fd793e399e2,OK
0x662244931c392df70bd064fa91f838eea0bfd7a9,SIGNAL,nba-champion-2024-2025,P90,P90,P99,[0.20 - 0.40],1712132663.961605,0xa73096918bd38706f0ae5a9de9b6cd0b3b93f6e7,OK
0x6640bd87f6e4b6e8d62457448bd1b3a4711a2202,EQUILIBRIUM,will-the-iranian-regime-fall-by-march-31,P90,P99,P90,[0.60 - 0.80],63229537.941050,0x3c64791ef370ebbdc8431a7686e9f8e4b2c0ad02,OK
0x66fe8149ec5811c265b882fdade058b81e6ee123,EQUILIBRIUM,what-price-will-bitcoin-hit-in-2025,P70,P90,P70,[0.60 - 0.80],188753254.123653,0x8e0e95504db4f909324b30ce2b1001120d9153db,OK
0x6718abb58bd86a3fe1e65f5e3ae9140333c8a38e,EQUILIBRIUM,ireland-presidential-election,P70,P70,P99,[0.80 - 0.97],152026239.339043,0x05014e41a152ace7837e49be378d79ab766e9a7f,OK
0x67327ef4880d4050ead195ca23203c61d8c1d7f0,SIGNAL,us-next-strikes-iran-on-843,P90,P90,P90,[0.00 - 0.20],56607533.530307,0xaffd6d532c35e76115183381518127f78de9d238,OK
0x6765c1c000e3b99c7fffea752c561cb868f1fa0d,EQUILIBRIUM,what-price-will-bitcoin-hit-in-january-2026,P70,P90,P99,[0.80 - 0.97],107746434.084592,0x45363cdc81520702b34422f67def393401e5b81f,OK
0x6790a1b883a48eb09f2cc99acd45f054906f5e06,EQUILIBRIUM,nba-champion-2024-2025,P90,P90,P90,[0.60 - 0.80],1712132663.961605,0x9006eef759c79745509e8d99ebd84efd75975f3f,OK
0x67bb64fac5252df3f61ee2d91a4b1350e40eb6ef,VECTOR,lighter-market-cap-fdv-one-day-after-launch,P90,P90,P90,[0.40 - 0.60],106735062.224516,0x92ac2a779a636d48047a3a081496a0d6780c1134,OK
0x68146921df11eab44296dc4e58025ca84741a9e7,VECTOR,will-crude-oil-cl-hit-by-end-of-march,P90,P90,P90,[0.40 - 0.60],84160555.120290,0x589fcbb75cced19673d56aaba1501a55c77d0e0e,OK
0x6828e04b468e17d92fa1e5d60d59290278a81056,EQUILIBRIUM,fed-decision-in-june,P90,P90,P90,[0.80 - 0.97],106895985.982213,0xb5937ab69e023099c171e98eb546f3343072f221,OK
0x682e388668c2da2c40631665dea992b8a72b70bd,GRAVITON,fed-decision-in-september,P50,P50,P99,[0.80 - 0.97],220591460.745363,0x3271a213e0c97f6682ef4ae1701315cea8df5c71,OK
0x683a1b9966af05467ce87a6af003e3544c13792c,GRAVITON,presidential-election-winner-2024,BASE,BASE,P99,[0.80 - 0.97],3686335059.295466,0x4e095bb25b649a8fc88aafa4fb610218cb48f1f9,OK
0x68469ab9009f2783e243a1d0957f4cdd8939b797,EQUILIBRIUM,what-price-will-bitcoin-hit-in-january-2026,P90,P90,P99,[0.60 - 0.80],107746434.084592,0xadef6b10893e9cf9a94cf054cf77ad1a8e46499c,OK
0x684bc3eb000bff0979d14b60cc74861736150601,GRAVITON,presidential-election-winner-2024,P90,BASE,P99,[0.40 - 0.60],3686335059.295466,0xc658ed8bfdff3ba9578e05be4bdc6780550ae494,OK
0x685eff0c9641faaf8a142dcfcd4883b27cbb6f30,GRAVITON,new-york-city-mayoral-election,BASE,BASE,P90,[0.80 - 0.97],429614415.023426,0xe33eab98de01e9c925acc1c362da88d607988ad3,OK
0x689ae12e11aa489adb3605afd8f39040ff52779e,EQUILIBRIUM,elon-musk-of-tweets-february-3-february-10,P90,P90,P99,[0.60 - 0.80],30207146.519795,0x4934640a9aae3972d307806d37e38a6fb5a5cdfc,OK
0x68c24bf4a8ad4d79a6fe4b8eec6f93a02dfd1711,INSIDER,superbowl-champion-2025,P90,P99,P70,[0.00 - 0.20],1152274393.340837,0xaa2115b37aa01f4fe76a30ffe5c20f28785d7c52,OK
0x68c9623b8224c66632aded8159b7111614404c60,EQUILIBRIUM,what-price-will-bitcoin-hit-in-february-2026,P90,P90,P99,[0.80 - 0.97],121274308.347870,0x318eb298f078da60c18efdf42efc4d8db43f5644,OK
0x6916cc00aa1c3e75ecf4081df7cae7d2f3592fd4,EQUILIBRIUM,what-price-will-bitcoin-hit-in-january-2026,P90,P70,P99,[0.80 - 0.97],107746434.084592,0x8612914b3902cb3f0cfead5760efb2be01fe549c,OK
0x69645cea639e7a19cbde6c126a197bc1abafef53,EQUILIBRIUM,elon-musk-of-tweets-february-10-february-17,P70,P70,P99,[0.60 - 0.80],23970691.191498,0x2796c6eb57eee66447783a209fabc6c36f641b08,OK
0x69788e136500902559a2fb21883ab9baacbd08d8,EQUILIBRIUM,what-price-will-bitcoin-hit-in-2025,P70,P70,P90,[0.80 - 0.97],188753254.123653,0x1c471e911dcf6dc558246e103c1ec9f9b2be608e,OK
0x69adf268789f93b2c4da978870af74ae945f31e6,GRAVITON,will-crude-oil-cl-hit-by-end-of-march,P70,BASE,P90,[0.80 - 0.97],84160555.120290,0x122217f252a5e9358f58d860432c99fba808adbb,OK
0x69af2c46bccd6ce5d8e7dd6381fb8daa8a853210,SUBSTRATE,fed-interest-rates-january-2025,BASE,BASE,P50,[0.97 - 1.00],190915049.199301,0x7e1ab01c95fab12c9f3740c5882f58a48b0c1aef,OK
0x69b19d303388d8a163250098be818761d9a21ea7,SUBSTRATE,fed-decision-in-december,BASE,BASE,P50,[0.97 - 1.00],393905949.377453,0xe0cfdb59a2b593c0d3ab1f9fd9f7333c55f83e7f,OK
0x69c49cae990f6f3ab5a863257772fa521f025aea,EQUILIBRIUM,presidential-election-winner-2024,P70,P70,P99,[0.40 - 0.60],3686335059.295466,0x43999b6371550fcfb02ab86043bf80c09ec695ba,OK
0x69e7ad68b5f11e97927e4bd938baf7dfb60bd3b0,VECTOR,next-prime-minster-of-canada,P90,P90,P90,[0.40 - 0.60],120985208.028161,0x65c59370dda4be8fb24e039e8f57cb9ea5a7a89c,OK
0x69ea0d77ef34f1acb03aaed901df7620fc4215cd,EQUILIBRIUM,will-the-iranian-regime-fall-by-march-31,P70,P70,P99,[0.80 - 0.97],63229537.941050,0xba243219e9eb785092d3b791d977581ba694106f,OK
0x6a14233fb22785b5f147b260eef824d26ffae79f,VECTOR,stanley-cup-winner,P90,P90,P99,[0.40 - 0.60],249254121.669859,0xf6206e3940dcc3b9b9973ce4634d3a086cb8dad6,OK
0x6a72f61820b26b1fe4d956e17b6dc2a1ea3033ee,EQUILIBRIUM,super-bowl-champion-2026-731,P70,P70,P99,[0.60 - 0.80],704096822.722044,0x4879a9d9be67a2958d67e2171d99ef77e30bd4c5,OK
0x6a9b04663e24b275bf6258a53976eb1a516e4d6c,EQUILIBRIUM,fed-interest-rates-january-2025,P90,P99,P99,[0.60 - 0.80],190915049.199301,0xb5477b949d07a04b3c87b81e8dad225a93f68235,OK
0x6ade597c0e2b43c0bf3542cada8a5e330d73f5b0,EQUILIBRIUM,the-masters-winner-2026,P70,P70,P70,[0.20 - 0.40],126018047.396663,0x8c1a827d9898ce18e61bf7337fbb49944647ad66,OK
0x6b2c51fe14f3f80bce4c838885555c5a64555341,EQUILIBRIUM,fed-decision-in-january,P70,P70,P99,[0.80 - 0.97],659499548.531115,0xbeda4a785ae1a9463e363dd89582d1706e08964e,OK
0x6b3d278a0a62230364f55f1684ad24c1c12d76dd,GRAVITON,will-zelenskyy-wear-a-suit-before-july,P50,P70,P90,[0.80 - 0.97],242231180.272023,0xdc5d9a220799c7db60156bbd2deae2a7c62211f1,OK
0x6b7c75862e64d6e976d2c08ad9f9b54add6c5f83,GRAVITON,f1-drivers-champion,P70,P50,P90,[0.60 - 0.80],159090251.150985,0x414df2f9f9edc7cbce08ea34db5eee7f7cd9b2c7,OK
0x6b88b6a431c5ec9b3afdb76e69393d0404909856,GRAVITON,presidential-election-winner-2024,BASE,BASE,P99,[0.60 - 0.80],3686335059.295466,0xffd3537f8be1a146569476441424280c04c9eea1,OK
0x6bab41a0dc40d6dd4c1a915b8c01969479fd1292,SIGNAL,fed-decision-in-january,P99,P99,P90,[0.20 - 0.40],659499548.531115,0xd7f6ebdf0235f587154e2d7d38f9d80568494993,OK
0x6bc74c392c320cfe10d5be61db978a58c8444ad4,SIGNAL,us-next-strikes-iran-on-843,P90,P90,P50,[0.00 - 0.20],56607533.530307,0xc04d01e2c32c5c4bd224451b247db0b8d758e5ab,OK
0x6bd4f813091dc404809bdcd065cc81103bdc8aca,GRAVITON,fed-decision-in-september,P50,P50,P99,[0.80 - 0.97],220591460.745363,0x93d2f4f3a0445aa808c99cbd6ba05236a895379f,OK
0x6c7116b224e316e0e795cec224a957c62d3e3584,EQUILIBRIUM,next-prime-minster-of-canada,P70,P70,P90,[0.60 - 0.80],120985208.028161,0xe221d5371ef7334a76aac4f70b94dd80d1c18a00,OK
0x6c743aafd813475986dcd930f380a1f50901bd4e,EXTRACTOR,us-x-venezuela-military-engagement-by,BASE,BASE,P90,[0.97 - 1.00],87408771.528641,0xb9a6c1077cee2e06523dc76387844fbed47e67c5,OK
0x6c852cda2f54a7b802ea57382adb382acbfc94a4,EQUILIBRIUM,romania-presidential-election-winner,P70,P70,P90,[0.20 - 0.40],234266874.453681,0x2bfa4fba653450e1f5751f05192d1f77cdf85a3a,OK
0x6c928fabc03658485bd4f2b517e2bbed5a7ccc95,GRAVITON,next-prime-minster-of-canada,BASE,BASE,P99,[0.80 - 0.97],120985208.028161,0x5f8e50be79880b16bd75ebdab8638170511a0b5f,OK
0x6c979ffcc3528a5d2395a2f7c89135711da0988c,EQUILIBRIUM,elon-musk-of-tweets-february-10-february-17,P70,P70,P99,[0.80 - 0.97],23970691.191498,0x30a1a1665a639f6d23b391ba2fc6f05fec61c91b,OK
0x6c9d5dba833fc5ed5a154fd157631ca41499e2c7,GRAVITON,presidential-election-winner-2024,BASE,P50,P99,[0.60 - 0.80],3686335059.295466,0x03128e19b5b38bd48735f064c936fdeac44ef30a,OK
0x6ce22b6a995836c09871cdc9242b094d9e15e868,SIGNAL,will-there-be-another-us-government-shutdown-by-january-31,P90,P90,P70,[0.20 - 0.40],157296576.448084,0x1b9ea2c2d26db3c1aea74e4d1a917da31729d856,OK
0x6cff25615924313a189d3bcd5ca99db452cdc3da,GRAVITON,poland-presidential-election,BASE,P50,P99,[0.80 - 0.97],128972884.206035,0x66f45d71cf64971d7ef3337140bd7136a6baf76a,OK
0x6d3fa0200fec1dbcf4dd7e4408aa1e53779ca942,ANOMALY,presidential-election-winner-2024,P70,P70,P70,[0.40 - 0.60],3686335059.295466,0x31b555d450f9ae98a6d74d5dc49862dad2332f5d,OK
0x6d6affce1ed04a0e9611484daf1cef5cbcf3fb40,EQUILIBRIUM,which-crypto-company-will-zachxbt-expose-for-insider-trading,P70,P70,P90,[0.20 - 0.40],39650755.318580,0x695d7d65a7722d7e29d48993d6fc314b13f418b2,UNVERIFIED_NO_PROFILE
0x6d7776a0f954be1a7c975a1e8244de6268f7b72c,EQUILIBRIUM,fed-decision-in-january,P70,P90,P99,[0.80 - 0.97],659499548.531115,0xcb77bedce524aee115682794a956e60bfa2e557f,OK
0x6d79687084407c07761088ac216f8722da7a4725,GRAVITON,superbowl-champion-2025,P50,P50,P99,[0.40 - 0.60],1152274393.340837,0xcd82bb124734cb86321a82c9fdac526aa845a570,OK
0x6d9fc316c3b8377060a44b852ba664adbfd59790,ANOMALY,us-next-strikes-iran-on-843,P90,P90,P90,[0.20 - 0.40],56607533.530307,0xa05b1e594d0d26ac0ad9a9be19196e2e08e3348c,OK
0x6dd6314d1670f9f1ccccbd6746b0bf2f2fa0f5f4,EQUILIBRIUM,what-price-will-solana-hit-in-february-2026,P90,P90,P99,[0.80 - 0.97],14604192.801218,0x54c75dae7dfdcb9eec7c03ed5db86c3c56d70596,OK
0x6df6e2a9ba1e8d7609daada0a83138817f4a8458,VECTOR,iran-x-israelus-conflict-ends-by,P90,P90,P90,[0.40 - 0.60],100611326.572539,0x14c69aec0ac629215f8f0d99a60252bb9d5a577d,OK
0x6e021a82c12e01886444ab3e918114faaf11d70a,SUBSTRATE,the-masters-winner-2026,P50,P50,P70,[0.60 - 0.80],126018047.396663,0xe0156ab22f22b35c673d50d1980b5c00b410e768,OK
0x6e0254bd74e592700ef62d70201b936038dbbfce,SIGNAL,will-zelenskyy-wear-a-suit-before-july,P90,P99,P50,[0.20 - 0.40],242231180.272023,0x1266306e6fb9044fca9266a9ffda1c478a7880cb,OK
0x6e131d6c61216b4a5ec571db332ad3226e7fa801,ANOMALY,which-crypto-company-will-zachxbt-expose-for-insider-trading,P90,P90,P90,[0.20 - 0.40],39650755.318580,0x5d059ab2724308b565e23c1643e6c8e90ad7599a,OK
0x6e1d5040d0ac73709b0621f620d2a60b80d2d0fa,EXTRACTOR,what-price-will-bitcoin-hit-in-march-2026,P70,P70,P99,[0.97 - 1.00],99554303.753586,0x41eae8772ced519dac872865c07a8d4a03f07d16,OK
0x6e4ec81dce3c1c0713781bb392a14ec5dc50ec98,EQUILIBRIUM,presidential-election-winner-2024,P70,P70,P99,[0.40 - 0.60],3686335059.295466,0xde6b2a06407575b98724818445178c1f5fd53361,OK
0x6e82b93eb57b01a63027bd0c6d2f3f04934a752c,VECTOR,nba-champion-2024-2025,P90,P90,P99,[0.40 - 0.60],1712132663.961605,0x24357454d8d1a0cc93a6c25fd490467372bc2454,OK
0x6ef3bd71e0133a5aebec7621adedc6d48c96d8a2,GRAVITON,presidential-election-winner-2024,BASE,P50,P99,[0.60 - 0.80],3686335059.295466,0x51a125f89cbe0bfbfd62fee8a750aaec8fabc441,OK
0x6f1bf845ca86b8fa14027c0e93ea44509a13262a,SUBSTRATE,what-price-will-ethereum-hit-in-february-2026,P70,P70,BASE,[0.97 - 1.00],35823420.667874,0xf04f993e93b54340bdfcdfe3de2286a24003dce6,OK
0x6f2628a8ac6e3f7bd857657d5316c33822ced136,EQUILIBRIUM,what-price-will-bitcoin-hit-in-2025,P70,P70,P99,[0.80 - 0.97],188753254.123653,0xb15e1e502f52d28780be8e7587f6fe770f970525,OK
0x6f87226f46d8511fb169fdba58589e8184d9f277,GRAVITON,will-the-iranian-regime-fall-by-march-31,P90,P50,P90,[0.60 - 0.80],63229537.941050,0x69734444a9c9954c21d83b5f062802909dc5112b,OK
0x6fd5d4fbf614f0c6b338d5974459b301f1ad2a3f,OPERATOR,la-liga-winner,P70,P70,BASE,[0.40 - 0.60],277840555.158109,0x92ec452590afddc50a748d992c8f7a406d335772,OK
0x6ffb4354cbe6e0f9989e3b55564ec5fb8646a834,SIGNAL,popular-vote-margin-of-victory-in-presidential-election,P90,P90,P90,[0.00 - 0.20],124038744.446078,0x0db5aea9f41ce8398104e9d4694cfb18f146c493,OK
0x701187150980c2421bc3c87a74dbdef31d75c6da,GRAVITON,will-crude-oil-cl-hit-by-end-of-march,P50,P50,P99,[0.80 - 0.97],84160555.120290,0x08cdad58a357375583334a418214a02278f49c8a,OK
0x7058c8a7cec79010b1927d05837dcf25f1a53505,GRAVITON,presidential-election-popular-vote-winner-2024,P70,P50,P99,[0.20 - 0.40],628163458.451128,0xde11a4bfdca88046ef847b4cf8cb1ff63e1b17f8,OK
0x706b963cfc0aeaaf68c1ebea4cc75277214f4230,EQUILIBRIUM,nba-champion-2024-2025,P90,P90,P70,[0.60 - 0.80],1712132663.961605,0x67e3ace9eb925f581630afe8591cead564f40b63,OK
0x7072dd52161bae614bec6905846a53c9a3a53413,EQUILIBRIUM,fed-decision-in-october,P90,P90,P99,[0.80 - 0.97],252485550.016563,0x64a4fbb71858f681f3fa10a42b34180a9a48088d,OK
0x707ee69ecae91e2486ec33a906d3ddd17af51960,EQUILIBRIUM,what-price-will-bitcoin-hit-in-february-2026,P90,P70,P99,[0.60 - 0.80],121274308.347870,0xbabaadef90ce3997903e0e032720152f8cd2da2f,OK
0x70d94a4ff67ed919a8480885cf0808afefe7a684,SUBSTRATE,fed-decision-in-march-885,BASE,BASE,BASE,[0.97 - 1.00],260075340.359646,0x4624b4ccb76f6d2df49dbedc9ed4725f0278476c,OK
0x712f47fcc0d828bffe121dbf485f9e29e76db93b,SIGNAL,new-york-city-mayoral-election,P99,P99,P90,[0.20 - 0.40],429614415.023426,0x4e3e477c3334375ed4058fc20cde9887e69a3213,OK
0x7131cb618fb195c70e8e629c45199096833c29cc,EQUILIBRIUM,fed-decision-in-september,P90,P90,P99,[0.60 - 0.80],220591460.745363,0x746d8749296710759f201a8ef40e5f8d96b4d565,OK
0x716445fe00d0a78172b8be46d216e08d15159db6,EXTRACTOR,will-the-iranian-regime-fall-by-march-31,BASE,P50,P90,[0.97 - 1.00],63229537.941050,0x725d385e1d5bcb5d976c9e756bceb1b8cdd097d6,OK
0x7177a7f5c216809c577c50c77b12aae81f81ddef,EQUILIBRIUM,will-the-iranian-regime-fall-by-march-31,P90,P90,P90,[0.80 - 0.97],63229537.941050,0x1fdf6ed4fb0c391577211820b170bcbabeb6a083,UNVERIFIED_NO_PROFILE
0x71a2e95b5f519491879239bcbed02ac18a944bc1,GRAVITON,presidential-election-winner-2024,BASE,BASE,P99,[0.60 - 0.80],3686335059.295466,0x7f563f230e351c484acc4e50a4fd279cdbd7783e,OK
0x71abe97b83eaba3f06cb04fd4d9a03ee37d2f015,EQUILIBRIUM,what-price-will-bitcoin-hit-in-february-2026,P90,P90,P70,[0.60 - 0.80],121274308.347870,0xdef6a784b9cb294801d0a3003fc9619e5c562bf8,OK
0x71ca04d689bc38c5e4dcda8a4d743f279c5a3501,VECTOR,premier-league-winner-24-25,P90,P90,P70,[0.40 - 0.60],808665619.121059,0x40cfb9f4bb82668ad6ad0da930493d5b6b01915a,OK
0x71dd2d539a793687451d4af8c43169369b47d61c,EQUILIBRIUM,fed-decision-in-january,P90,P90,P90,[0.80 - 0.97],659499548.531115,0x9e524f7fb14d4ad7d62dec326edb894e3f088f61,OK
0x71e11e0fc20a2adf27026fbf8674b38f8ff945f0,SIGNAL,fed-decision-in-september,P99,P99,P90,[0.20 - 0.40],220591460.745363,ERROR: no_contract_creation_tx_and_polymarket_profile_404,
0x71ed0bc95433cdf1be29f43219725fce9addd9eb,VECTOR,fed-decision-in-january,P99,P99,P99,[0.40 - 0.60],659499548.531115,0x26b34e8b7289c517ee5ed938d62b61edaebefbdc,OK
0x71edffd0d70a1da823ff07a3c6fc81457294d338,EQUILIBRIUM,fed-decision-in-october,P90,P90,P99,[0.80 - 0.97],252485550.016563,0x132687616d427134da64836fc703f3bf9b1cce20,OK
0x724db3c436dcc7b26fbe1ae0c0d6af538b588dea,EQUILIBRIUM,fed-decision-in-january,P90,P90,P99,[0.80 - 0.97],659499548.531115,0xccb0b782743ecfd8dc94bf02bf040a46e4a9b1eb,OK
0x72a22d4d155079da8f50c89d4c6c03b6428e7b65,EQUILIBRIUM,fed-decision-in-january,P90,P90,P99,[0.60 - 0.80],659499548.531115,0x5d4564a439600bd862bb012cdbaf7dbd9b5a63aa,OK
0x72b40c0012682ef52228ad53ef955f9e4f177d67,EQUILIBRIUM,super-bowl-champion-2026-731,P70,P70,P99,[0.60 - 0.80],704096822.722044,0xd5bd042c9c5d3f671526f2dc6b8e0cb428144ffb,OK
0x72e1010877721439e4fd2ebddb1f553ab7077d89,EQUILIBRIUM,portugal-presidential-election,P70,P70,P90,[0.80 - 0.97],136469386.189704,0x93c0e5a54361209d65a8ac9007e1922263c7238d,OK
0x72e4daa9b93fd3786f231c3b73c1bdbc4c48740a,GRAVITON,us-x-iran-ceasefire-extended-by,BASE,BASE,P90,[0.80 - 0.97],210137726.510791,0xa3c274d558658538f76661e403ad71aaf342f493,OK
0x734b87214a9b5020639bff5443664a7bd7a10e0d,GRAVITON,presidential-election-winner-2024,P50,P70,P99,[0.40 - 0.60],3686335059.295466,0xc4db070de324db906105b83489d014a39103b00e,OK
0x737a7e98e3ff588481d6e0fa6a14bd16a2a61699,SUBSTRATE,fed-decision-in-september,BASE,BASE,BASE,[0.97 - 1.00],220591460.745363,0x34939ffff8da5021a19cb898dbfc8c81250b3cee,OK
0x73d3bde14b125334334d088de0be053607d3e9fa,PASSENGER,popular-vote-margin-of-victory-in-presidential-election,BASE,P50,P90,[0.97 - 1.00],124038744.446078,0x232a958ed53657a3dc31f879c71e4ccbcc112ad6,OK
0x73f8dd50a114884493dbf4a5ea1503f96f348234,GRAVITON,presidential-election-winner-2024,BASE,BASE,P99,[0.60 - 0.80],3686335059.295466,0x82bad52e832a7dd7a5c48062bf26d0af2ae9dcb7,OK
0x74416687453b92a843de6d05810d6d1a12a15ed5,EQUILIBRIUM,fed-decision-in-january,P90,P90,P99,[0.60 - 0.80],659499548.531115,0x60de7ff4379931ca19f34e4bcdb6bab979a7da30,OK
0x744c072005bde6ddab8764a7477f61d3d22ae37f,EQUILIBRIUM,what-price-will-bitcoin-hit-in-2025,P70,P70,P99,[0.80 - 0.97],188753254.123653,0x05d8fa8346470be95c8fa94300ccb313c0775c6c,OK
0x748f8bc6db49da87f131e073f68aaefc4edbc80b,GRAVITON,presidential-election-winner-2024,BASE,P50,P99,[0.60 - 0.80],3686335059.295466,0x5a54ad9860b08aaee07174887f9ee5107b0a2e72,OK
0x74b7937435e1b3c392520e6defbe588bf6d8cdcf,SUBSTRATE,what-price-will-ethereum-hit-in-february-2026,BASE,BASE,BASE,[0.97 - 1.00],35823420.667874,0x8a9cbe7cd02cce50a306b9476d6f1590cc7727af,OK
0x74f1b8944c7b10f7239e3dda0de6b8ee42e816a8,VECTOR,super-bowl-champion-2026-731,P90,P90,P99,[0.40 - 0.60],704096822.722044,0x90e6965374ceda07623047cfa2f1d372b21fcaaa,OK
0x75049bd489194be19c45c31ed311e556411c9c69,GRAVITON,next-president-of-south-korea,BASE,BASE,P99,[0.80 - 0.97],290745774.792026,0x2e09f3f1d2c36cb8f74ceb7657df365da06fab08,OK
0x751a2b86cab503496efd325c8344e10159349ea1,EXTRACTOR,fed-interest-rates-january-2025,P70,P70,P99,[0.97 - 1.00],190915049.199301,0x613bff13e2fd9489359899db604940d83b808ceb,OK
0x7523cafcee7bcf2db9a79d80e0d79b88a9a54c4c,EQUILIBRIUM,fed-decision-in-january,P70,P70,P99,[0.80 - 0.97],659499548.531115,0xc918c71ab2922e4588d1c29e89956b588b7d3310,OK
0x75253f58071564ba95f36258fcfb1e918552cde1,GRAVITON,khamenei-out-as-supreme-leader-of-iran-by-february-28,P50,P50,P90,[0.60 - 0.80],131114970.827221,0xb58d4b7f6cb4b7d585293dd0367f0a47d085ee11,OK
0x75acf1aa88a3f5c613f2214486b91fa9fc1f33d7,GRAVITON,presidential-election-popular-vote-winner-2024,P50,P50,P90,[0.40 - 0.60],628163458.451128,0xd99985fbedd31a4fb6aba5cbc0715e4d14e52602,OK
0x75d1b199a96801338e67a6efaa35c0028ea87a5f,SIGNAL,will-there-be-another-us-government-shutdown-by-january-31,P90,P90,P50,[0.20 - 0.40],157296576.448084,0xdc24c4e821360fd5850572b0a9810cd21470a038,OK
0x75e765216a57942d738d880ffcda854d9f869080,SIGNAL,will-there-be-another-us-government-shutdown-by-january-31,P90,P90,P70,[0.20 - 0.40],157296576.448084,0xda9be0ced1a730c7ad00ae3e73834f5f960b8c07,OK
0x7671deab19823bf122b81e1060c553b4c33e7244,EXTRACTOR,us-x-venezuela-military-engagement-by,BASE,BASE,P90,[0.97 - 1.00],87408771.528641,0xfda1215797d29414e588b2e62fc390ee2949aaaa,OK
0x76ccd18183a933a4a8e6aa5493a7e629479e9dcb,GRAVITON,presidential-election-winner-2024,P70,BASE,P99,[0.40 - 0.60],3686335059.295466,0xdb2d8a632b18928836250f97d44c711ee0c1eebe,OK
0x76ed2caa9604f3a3b3770d47161190d871f1fa48,GRAVITON,winter-games-2026-ice-hockey-gold-medal-winner,P50,BASE,P90,[0.40 - 0.60],19541942.551562,0x23a60f58610e11f4bafe9af0bd51a10197a349ba,OK
0x7744bfd749a70020d16a1fcbac1d064761c9999e,EQUILIBRIUM,fed-decision-in-december,P90,P90,P99,[0.60 - 0.80],393905949.377453,0x8fe17a16b4b8a7fa55fa3fd7324c30ed5621db38,OK
0x777fae71d2ff9ec48a1213d48ba1d9d91024a1bb,SIGNAL,what-price-will-bitcoin-hit-in-january-2026,P90,P90,BASE,[0.20 - 0.40],107746434.084592,0x8b80028c8c644c7de49031aefa327b75c29f65b0,OK
0x77b0b896910b3388e01708521d1f92d1f5c2ba0b,VECTOR,what-price-will-bitcoin-hit-in-february-2026,P90,P90,P90,[0.40 - 0.60],121274308.347870,0x246bc81b24370ad2fa65198bcae72508c2f89931,OK
0x77c812f7735ad07e3ce58fd466a0e1b4346bbc8c,OPERATOR,f1-drivers-champion,P70,P70,BASE,[0.60 - 0.80],159090251.150985,0x707684041e4ef6042163d97b3684a452d2f60726,OK
0x7803ca2b11703f82c96b103d9dd94114232f1004,PASSENGER,what-price-will-bitcoin-hit-in-2025,BASE,BASE,P70,[0.97 - 1.00],188753254.123653,0x81a263647bdacd84f0d571bf8df502b84c4eb8d4,OK
0x7811a52f2f81dd88f79838b6e8dea9d086bf3b47,EQUILIBRIUM,poland-presidential-election,P70,P70,P90,[0.20 - 0.40],128972884.206035,0xc1c66de6c6175ee39923487e8e6a68cf9005becf,OK
0x781caf04d98a281712caf1677877c442789fdb68,EQUILIBRIUM,super-bowl-champion-2026-731,P70,P70,P99,[0.60 - 0.80],704096822.722044,0x9cfd054d65af9772e2f979e694aff33f1223e44a,OK
0x7846e489e11c7d2b9d6c15a955c1df93d041c08d,EXTRACTOR,what-price-will-bitcoin-hit-in-january-2026,P70,P70,P99,[0.97 - 1.00],107746434.084592,0x32cce0f565954a29d06bf9bcf6a93f33f49a4e2a,OK
0x784feec38475dc47e63c3a16cbd24b905dab5df9,EQUILIBRIUM,romania-bucharest-mayoral-election,P90,P70,P90,[0.40 - 0.60],134249665.397437,0xef076f3167215d16a9a2e1be6223c9083db526c6,OK
0x78659d1fc23620991b949558c33761014b224af9,EQUILIBRIUM,fed-decision-in-december,P70,P70,P70,[0.60 - 0.80],393905949.377453,0x1f55149a13da3b86c3d514f20d096fc27dc0c994,OK
0x78b9ac44a6d7d7a076c14e0ad518b301b63c6b76,GRAVITON,presidential-election-popular-vote-winner-2024,P50,P50,P99,[0.40 - 0.60],628163458.451128,0xfc314de03ad8aa7ec16db7342d5bd42857fc1be7,OK
0x791976e861822c1f6d13f719d2c80e8deb9b72b2,EQUILIBRIUM,portugal-presidential-election,P70,P70,P99,[0.80 - 0.97],136469386.189704,0xfbd4ebe1ac227c5669a1ab92f16cd8bb1bde2858,OK
0x7990f8702e1ee17a97fd719580f5c8ed050464b8,OPERATOR,next-prime-minster-of-canada,P70,BASE,BASE,[0.60 - 0.80],120985208.028161,0xf2cd9774e9d7e080d19196958436edb620b2d649,OK
0x79929dfb11820a017fb7a51faf536a55bdbd48bf,GRAVITON,fed-decision-in-december,P70,P50,P99,[0.80 - 0.97],393905949.377453,0xb98dbd9ada8211a7c10a472e11b588eed94b0a60,OK
0x799c2267096b7523577d1d30564f914e649637f7,SUBSTRATE,fed-interest-rates-january-2025,P50,P50,P70,[0.97 - 1.00],190915049.199301,0xb3d4bce6be0d1c091b7c021bd21e6650c81f2ba8,OK
0x79a1e4587a7144a882d62e94edc3c7ad93a55801,VECTOR,college-football-champion-2025,P90,P90,P90,[0.40 - 0.60],114932366.863053,0x8867e2b13c0e954b573198049941e61ec3de5c7a,OK
0x79add3f87e377b0899b935472c07d2c3816ba9f1,EQUILIBRIUM,will-zelenskyy-wear-a-suit-before-july,P70,P70,P70,[0.80 - 0.97],242231180.272023,0x5ce43a3e2082da79590bcb034f5cf7337673922f,OK
0x79f365b8973887b4d5606650edf6948fcd0bd803,EQUILIBRIUM,which-company-has-the-best-ai-model-end-of-february,P90,P90,P99,[0.60 - 0.80],22455001.857654,0x9322604549a9a894b1a7306db4ae3bf7999eb7ce,OK
0x7a146c5e70c092d06be27097a5c770b49d0bd748,EQUILIBRIUM,which-company-has-the-best-ai-model-end-of-february,P90,P90,P99,[0.60 - 0.80],22455001.857654,0xd61126fbc2b40a526f264e32a1d2d232844c55a0,OK
0x7a2180022d383bd514276b7a2083a97e51e6ac9c,EQUILIBRIUM,what-price-will-bitcoin-hit-in-february-2026,P90,P90,P70,[0.60 - 0.80],121274308.347870,0xba799f70e7220333ff2f972871d5a6a88684230a,OK
0x7a5d94f83ff0195387eaf9f4463433d03eda54db,GRAVITON,the-masters-winner-2026,P50,BASE,P99,[0.80 - 0.97],126018047.396663,0x40f136d4a5bc1f0c58fb10bc19595e63177a6072,OK
0x7a6192ea6815d3177e978dd3f8c38be5f575af24,ANOMALY,eurovision-winner-2025,P90,P90,P90,[0.20 - 0.40],105911052.705064,0x0655fab65354fccf8d2c5dabdf8bbe579d0fce3d,OK
0x7ab480c23d8a0d5a6e95c2b10a5b82bf55aa716b,EXTRACTOR,fed-decision-in-january,BASE,BASE,P99,[0.97 - 1.00],659499548.531115,0xcb921a7687f8ae0534da8202f583a37f32d9cac5,OK
0x7abe2e7eac6f63b1bf4c21eeae71b03e9bd9b47e,EQUILIBRIUM,nba-champion-2024-2025,P90,P90,P99,[0.60 - 0.80],1712132663.961605,0xd63a5cb13cb1027acbf4a52796cb9b8c2164fc6d,OK
0x7ac83882979ccb5665cea83cb269e558b55077cd,EQUILIBRIUM,poland-presidential-election,P90,P70,P70,[0.20 - 0.40],128972884.206035,0x0522d20e345806be8ff7c836d6e578a52987c759,OK
0x7b02b2bac2a30ed5e40b7094e734f4c3dc2a4991,GRAVITON,khamenei-out-as-supreme-leader-of-iran-by-march-31,BASE,BASE,P99,[0.80 - 0.97],63238697.721704,0x95df6af870c16ac6e4deda057e04500387aac96f,OK
0x7b473d72f1da195c2e9d5933cb41f219c8494fb9,EQUILIBRIUM,what-price-will-bitcoin-hit-in-2025,P70,P90,P99,[0.60 - 0.80],188753254.123653,0x0d4a36ece1ca214a09402ff896c4a0633ddb9e42,OK
0x7b676d5a6379855773d405fcf19b9aa577651b07,INSIDER,elon-musk-of-tweets-february-3-february-10,P99,P99,BASE,[0.00 - 0.20],30207146.519795,0x311c54da245f2d6b93adcaa3ffdc1bb753352118,OK
0x7b75e76b13a8d792bd4ce25d76a50be61ced3fd1,EQUILIBRIUM,highest-grossing-movie-in-2025,P70,P70,P90,[0.80 - 0.97],124618231.928837,0x1813ff0bc4eff377d2c57a2ff8ad9df2a592e7a1,OK
0x7b86ee2cb888acdc2234f1e7b0882a2edb3b73dd,GRAVITON,presidential-election-winner-2024,BASE,BASE,P99,[0.60 - 0.80],3686335059.295466,0xd3ef83e2d6250e1c79b354d8bdc83ce3c8e06c84,OK
0x7b8c7b55d8c9229911d26f28752ae4f92895445f,OPERATOR,stanley-cup-winner,P70,P70,BASE,[0.80 - 0.97],249254121.669859,0x16a809a67da14dcb953b829b8dec8eff969da73a,OK
0x7bb5686910e22c4348265ab86e38b06f7579db04,GRAVITON,presidential-election-winner-2024,BASE,P50,P99,[0.60 - 0.80],3686335059.295466,0x6604c3e5e377a2904ebd68fca174a69f786dc4d3,OK
0x7c156bb0dbb44dcb7387a78778e0da313bf3c9db,GRAVITON,fed-decision-in-october,P70,P50,P99,[0.80 - 0.97],252485550.016563,0x2ef9320fabd0daf6b9c6fae4e9d879e82efaacf1,OK
0x7c3db723f1d4d8cb9c550095203b686cb11e5c6b,EQUILIBRIUM,what-price-will-bitcoin-hit-in-2025,P70,P90,P99,[0.80 - 0.97],188753254.123653,0x1f64f2739a19fc5cdfd7c3f50c42463aa8983e82,OK
0x7c8b2af934eed0bad9b7437e927ef09c0ebca211,SIGNAL,fed-decision-in-june,P99,P99,BASE,[0.20 - 0.40],106895985.982213,0x99bb540b72a620e7b1a2109fdd5b29ded47d6a30,OK
0x7cc618ca9a1af6b36096def79cec3dc5d3a127d0,EQUILIBRIUM,presidential-election-winner-2024,P70,P90,P99,[0.40 - 0.60],3686335059.295466,0x48e190513f65d6dbaa52a19f77e78662d6c21b7f,OK
0x7cf93583951552553bc0d243a8582a3410ed2798,EXTRACTOR,khamenei-out-as-supreme-leader-of-iran-by-february-28,BASE,P50,P99,[0.97 - 1.00],131114970.827221,0x2569e10700d06fe7474d3065aabf89d12cf8be1e,OK
0x7d0a771ddd2c63255013a1efb5f0e42659b38c6c,EQUILIBRIUM,will-the-iranian-regime-fall-by-march-31,P70,P70,P99,[0.80 - 0.97],63229537.941050,0x9c1f9b97cd995a9c0cf0ffe20f4d2f5e9c830c09,OK
0x7d2299a379eb0b1c6077c7c419a383da6fb7f0cf,EQUILIBRIUM,fed-decision-in-january,P70,P70,P99,[0.80 - 0.97],659499548.531115,0x58f102306b4904a3b934976361173027a36114ee,OK
0x7d5d15335ec60449995971a563fd94e060f091d8,GRAVITON,us-x-venezuela-military-engagement-by,P70,BASE,P99,[0.60 - 0.80],87408771.528641,0xbc1c33b9e9fd0c5e3d8dcdaf1ce6ba95920d1483,OK
0x7dc64a570c7b76831cf25e31c526f2337a050fa2,GRAVITON,presidential-election-winner-2024,BASE,BASE,P99,[0.60 - 0.80],3686335059.295466,0x8747d9eb39085f082ab40a9975001276296027dd,OK
0x7e30c3a56d89edac738d788dd218a9e64fb91e50,GRAVITON,fed-decision-in-september,P50,P50,P99,[0.80 - 0.97],220591460.745363,0xe80a7a1335e51d1069f1799cbc373ce38e994876,OK
0x7e35a2a8cfd1eb1e69dacd043206db5a787f1a6c,BURNER,will-crude-oil-cl-hit-by-end-of-march,P70,BASE,P70,[0.60 - 0.80],84160555.120290,0x3c497339f2610197334783e876128f076d08f8cf,OK
0x7e5e420a5cde8a322f3b5b93a12a164827f47315,VECTOR,lighter-market-cap-fdv-one-day-after-launch,P90,P90,P50,[0.40 - 0.60],106735062.224516,0x34e2cb7513a50b19f450a067ed5230a86c13a2e9,OK
0x7e6fda10646a4343358c84004859adfea1c0c022,EQUILIBRIUM,2026-ncaa-tournament-winner,P70,P70,P70,[0.60 - 0.80],27378307.673206,0x1ca79d94729ded7728b172f5a00e9112afad4de7,OK
0x7e97bd09c2ccc632fb728d91b7c37d8ec5f34d54,EQUILIBRIUM,fed-decision-in-july,P70,P70,P99,[0.80 - 0.97],136613627.403447,0x52b3ed56ea6d4c2ac0f79e8ff5e8e54ec4736cce,OK
0x7efa5e5d8be22d98663037f7cfe168c0c6b8acbe,SUBSTRATE,premier-league-winner-24-25,P50,P50,P70,[0.97 - 1.00],808665619.121059,0x30a8b6a4c40260bbb15ca2ac070b8a61bc210d4a,OK
0x7f3c8979d0afa00007bae4747d5347122af05613,EQUILIBRIUM,what-price-will-bitcoin-hit-in-february-2026,P70,P70,P99,[0.80 - 0.97],121274308.347870,0x418aa6bf98a2b2bc93779f810330d88cde488888,OK
0x7f692340bcc1d90b3ca3c8436e3973adb0279c7a,EQUILIBRIUM,fed-decision-in-july,P90,P90,P99,[0.80 - 0.97],136613627.403447,0x76505c8e59e712dec0c9b2325ec195c59a82d9a3,OK
0x7f9e2d1df78614564a70becc7fa14aa9a6623a0e,EQUILIBRIUM,iran-x-israelus-conflict-ends-by,P70,P70,P90,[0.60 - 0.80],100611326.572539,0xf6bddf38f4fe419f1be9b829c97dfb342ceaea33,OK
0x7fb88c725907620aa8cd8732a7ac95fd9365d906,SIGNAL,portugal-presidential-election,P90,P90,BASE,[0.20 - 0.40],136469386.189704,0x9ca75c1d0120e8ea27d21f06eb4e8efeb0782116,OK
0x802215d8c38066aef3f925c22999777c069f51f7,OPERATOR,presidential-election-popular-vote-winner-2024,P50,P50,P50,[0.40 - 0.60],628163458.451128,0x5c9c3df2a2b3f688ff475eee06f93fce0107ded9,OK
0x80584be01a1dee8df189954c7413d0319139d023,EQUILIBRIUM,what-price-will-bitcoin-hit-in-2025,P70,P99,P99,[0.40 - 0.60],188753254.123653,0x2e544d2a0d4f46a2cc99b5a115f5543946455f7d,OK
0x805a922574d7d6b158b7bbb49a6fa8925eb60635,INSIDER,poland-presidential-election,P99,P99,P70,[0.00 - 0.20],128972884.206035,0x40017a085e93e1da80590890a8c1da7e905a7f6a,OK
0x80a0da00fbdc8440b0ef601341f14c3e24795708,ANOMALY,us-x-venezuela-military-engagement-by,P90,P90,P90,[0.20 - 0.40],87408771.528641,0x2d0a342fbe76ce4a1783756981bc3902aa4f7de5,OK
0x80c228786e4940904fccdd54999edce5d3cbec5e,ANOMALY,presidential-election-popular-vote-winner-2024,P90,P90,P90,[0.20 - 0.40],628163458.451128,0xeea93c9b4b805a0a09b9aee7a39fc8c9e1bdd763,OK
0x8119010a6e589062aa03583bb3f39ca632d9f887,GRAVITON,presidential-election-winner-2024,P70,BASE,P99,[0.40 - 0.60],3686335059.295466,0xf9a907d1d9c44e537558de0cd77632d2a3248105,OK
0x81525952f172646a4104030e9a9ef1e769c7bfda,EQUILIBRIUM,fed-decision-in-january,P90,P90,P99,[0.80 - 0.97],659499548.531115,0x38ecfba9994bbf4ce3025cb82c3b0e246e334c79,OK
0x8166fcbb0515494f66b68a3cfb3fa888765a91ab,EQUILIBRIUM,presidential-election-popular-vote-winner-2024,P70,P70,P90,[0.20 - 0.40],628163458.451128,0xc80a8217e680a7f43e9ba00dc0be4ee286c9ca57,OK
0x81e639365bd144b95a0007dac7b2092092c1beb9,GRAVITON,presidential-election-winner-2024,P50,P70,P99,[0.40 - 0.60],3686335059.295466,0xef93df023a237d23616150268ab36396cee03064,OK
0x8247f6d658b0afe22414a12e9f6c57058a9dd8cc,EQUILIBRIUM,highest-grossing-movie-in-2025,P90,P70,P99,[0.40 - 0.60],124618231.928837,0xe35c3f0ad5972ec28773b31598527a9a0d0b22a6,OK
0x826160c85f0d92dafbc2e9cd782a487c7ea606a3,OPERATOR,what-price-will-bitcoin-hit-in-2025,P70,P70,BASE,[0.80 - 0.97],188753254.123653,0x09024caa4ec2df3e6af966cd2964efd595dbafb1,OK
0x8262ffa70186af8656abb788bdb778e3f67ba815,OPERATOR,fed-decision-in-december,P70,P70,BASE,[0.60 - 0.80],393905949.377453,0x8eacca3fa0bf1c45a4509a95faa702d631b72562,OK
0x82a7183f93447d7a8ff5b4bd08eb0d74de266ed8,SIGNAL,fed-decision-in-september,P99,P99,P90,[0.20 - 0.40],220591460.745363,0x41670eaf54980d4a52fd0985d6eb78854d0ac504,OK
0x83960a48a453edd4f220a4079826873466c0e909,EQUILIBRIUM,what-price-will-bitcoin-hit-in-2025,P70,P90,P90,[0.80 - 0.97],188753254.123653,0x454606de18ad6871025d433660319bb8c5cfbef2,OK
0x843a6da3886cf889435cf0920659a00a68db8070,EQUILIBRIUM,next-president-of-south-korea,P70,P90,P99,[0.80 - 0.97],290745774.792026,0x0917e6cf8c4f334ff6d2acf052217867f5aaf506,OK
0x84571f1bf97a5c710cbe51daff2dd4556cc887fd,EXTRACTOR,us-x-iran-ceasefire-extended-by,BASE,BASE,P99,[0.97 - 1.00],210137726.510791,0x1ca8f858e6af81e82781a4fe99ba29eafcb89d16,OK
0x848921be10e51b1547d50548a54b38a1778ec184,GRAVITON,iran-x-israelus-conflict-ends-by,P50,P70,P90,[0.60 - 0.80],100611326.572539,0x2ee98845bb74a002d1b6c7e70f4373894a7d9be3,OK
0x84dbb7103982e3617704a2ed7d5b39691952aeeb,BURNER,the-masters-winner-2026,P50,BASE,P99,[0.80 - 0.97],126018047.396663,0xf0f131bfa0b5b1eab153e79cfc7bf57ab9a3a4bc,OK
0x853c37a959a5791b849e3f3225c7f5963746bd03,OPERATOR,us-x-venezuela-military-engagement-by,P70,P70,BASE,[0.80 - 0.97],87408771.528641,0x064b8894d3560f5c8f6690f50317ab3ef6e1d237,OK
0x858d551d073e9c647c17079ad9021de830201047,EXTRACTOR,us-next-strikes-iran-on-843,P50,P50,P90,[0.97 - 1.00],56607533.530307,0x1a53b48f7728571df8b187cd08535f3ba4588467,OK
0x8597ca63e722d6216bfc3057591fdc67ec49daee,EQUILIBRIUM,fed-decision-in-july,P70,P70,P90,[0.80 - 0.97],136613627.403447,0x3407dd332f3cb2877906c005d7fec3d13c6d09ac,OK
0x85b8b010ac6e24a23625621724a15513c80d6b6a,EQUILIBRIUM,f1-drivers-champion,P70,P90,P99,[0.40 - 0.60],159090251.150985,0xb26c5fd781e3c0c0fb2d04103dfd830bc11b88c9,OK
0x85d575c99b977e9e39543747c859c83b727aaece,GRAVITON,will-crude-oil-cl-hit-by-end-of-march,P50,P50,P99,[0.80 - 0.97],84160555.120290,0x59305d18b53a58d759cbbe7e11c948b462e6435e,OK
0x85d7f978b9ac0140d00de9388b48e1208d210501,EQUILIBRIUM,the-masters-winner-2026,P70,P70,P99,[0.20 - 0.40],126018047.396663,0x8aca4debddf9afb91c5dde00fbdf44158389c3df,OK
0x863134d00841b2e200492805a01e1e2f5defaa53,GRAVITON,presidential-election-popular-vote-winner-2024,P50,P70,P99,[0.20 - 0.40],628163458.451128,0x93fca460ac9b739e9b8201e8a1fa6d9d3173158f,OK
0x8633c1c6844c5928b284a71e211584739474a08d,GRAVITON,2026-ncaa-tournament-winner,P70,P50,P99,[0.60 - 0.80],27378307.673206,0x7e86d59a71189cce55f692b14ef4bed389ab2712,OK
0x86793ad1e8f33ae23bcaf93200ec5c7bd2664659,VECTOR,stanley-cup-winner,P90,P90,P99,[0.40 - 0.60],249254121.669859,0xdc0f07e80113a4b4205d623e1718bc93490bba1f,OK
0x86b1464dad224ecbe7e59f31f41e049b11becea7,GRAVITON,presidential-election-winner-2024,P50,P70,P99,[0.40 - 0.60],3686335059.295466,0x323506550923c0501c89d14c4103ab18701769a8,OK
0x86fbea68d619daf670185ecd38a69aa90f7703d4,GRAVITON,the-masters-winner-2026,P50,P50,P90,[0.80 - 0.97],126018047.396663,0x14672e028056339396d0b261c83b748db3e57ed7,UNVERIFIED_NO_PROFILE
0x87311fcc3bfefe5a6a29987d825bf9be0f591181,EQUILIBRIUM,what-price-will-bitcoin-hit-in-2025,P70,P90,P90,[0.60 - 0.80],188753254.123653,0x7062cece6beb0682c066d4a915aa06f3db21e8e8,OK
0x87650b9f63563f7c456d9bbcceee5f9faf06ed81,INSIDER,us-next-strikes-iran-on-843,P99,P99,BASE,[0.00 - 0.20],56607533.530307,0x9bef402eed6280c86f9b492ae169f927c2750e82,OK
0x8795bcb2fe129d1ea3e3d73bc13a3d8078047544,EQUILIBRIUM,next-prime-minster-of-canada,P70,P70,P99,[0.60 - 0.80],120985208.028161,0x594add86be1a012296e51a293b9190c99f5c96b7,OK
0x87fab8d03ed3923e31e4fe90fffa03b2dffae23b,GRAVITON,presidential-election-winner-2024,P99,BASE,P99,[0.20 - 0.40],3686335059.295466,0x10c64b84e139e590ebb72ea91c7f119d9c4a4bcb,OK
0x885783760858e1bd5dd09a3c3f916cfa251ac270,EQUILIBRIUM,presidential-election-popular-vote-winner-2024,P70,P70,P99,[0.20 - 0.40],628163458.451128,0x6eddf3cccabe8987453c745aa9f3b0be64af3489,OK
0x88779f7c8dff51f9c9dcea958fbcc14b5a1f5d9d,GRAVITON,presidential-election-winner-2024,P50,P70,P99,[0.40 - 0.60],3686335059.295466,0xb54073869c558ef10fb7ca59d87f5d3d8f31fb43,OK
0x889e7f0464c72eb8cda1525ebc12b6aaba9d09e0,INSIDER,super-bowl-champion-2026-731,P99,P99,P90,[0.00 - 0.20],704096822.722044,0x7a18ae50cbf1d669eabcfc91128ab2bc0440ee1b,OK
0x88a2a07dd6298a8e3463f6aec0217877852bd974,GRAVITON,new-york-city-mayoral-election,BASE,BASE,P90,[0.80 - 0.97],429614415.023426,0x46188c8d9fea46c92e4cd0a5c95daead5f83465a,OK
0x88be0553c9de90db290d925c51a8f1062be2652d,EXTRACTOR,next-president-of-south-korea,BASE,BASE,P99,[0.97 - 1.00],290745774.792026,0xf521c7937250bee02c515569ef35e7bfd15a338a,OK
0x88c4919de76e526d55a32c1f8afb439dd1f1129a,EQUILIBRIUM,will-crude-oil-cl-hit-by-end-of-march,P70,P70,P99,[0.80 - 0.97],84160555.120290,0x7437d9431eb890d90df8ed771cf105df8a90b7e4,OK
0x89961868837749331b85636b9f93f318ea3dfbce,GRAVITON,fed-decision-in-september,P50,P50,P90,[0.80 - 0.97],220591460.745363,0x3a291d43119b27c9b9bac02e88c6411747b0fdf1,OK
0x89cd944aa9cf528142e3557099c6992eb7ce4d7d,EQUILIBRIUM,what-price-will-ethereum-hit-in-february-2026,P90,P90,P99,[0.80 - 0.97],35823420.667874,0x89cd944aa9cf528142e3557099c6992eb7ce4d7d,SELF_EOA
0x8a480b60cb78213fdf34842160dc956a831a2558,EXTRACTOR,us-next-strikes-iran-on-843,P50,P50,P99,[0.97 - 1.00],56607533.530307,0xdd157fa47a2fd8bb9af7371ec18407dbe738c2b4,UNVERIFIED_NO_PROFILE
0x8a4c788f043023b8b28a762216d037e9f148532b,EQUILIBRIUM,new-york-city-mayoral-election,P90,P90,P99,[0.60 - 0.80],429614415.023426,0x067e2069acf2a133c71b453da8e7a13c66eeeb2a,OK
0x8a859543e4673e4cc396c2388d8c281c0dd37905,VECTOR,presidential-election-winner-2024,P90,P90,P90,[0.40 - 0.60],3686335059.295466,0x11d222409ebde1293562fbf07a03bac19d4cb5ba,OK
0x8aaaac8e8523492db360b722af35177f4d4d51df,SIGNAL,us-next-strikes-iran-on-843,P90,P90,BASE,[0.00 - 0.20],56607533.530307,0xaf155ba3fc824d12d7ebad39ba89738b7595ed23,OK
0x8b24a5e26873c9674fbb073b79941c29ca93c4be,EQUILIBRIUM,will-crude-oil-cl-hit-by-end-of-march,P70,P70,P90,[0.80 - 0.97],84160555.120290,0xb8ed8b3fe2921f6d59560a26f21dd4d07eb8eb73,OK
0x8b3234f9027f4e994e949df4b48b90ab79015950,SIGNAL,f1-drivers-champion,P90,P90,P70,[0.20 - 0.40],159090251.150985,0x335316ef23b640ef30ee349cc48c11542785b3be,OK
0x8b5a7da2fdf239b51b9c68a2a1a35bb156d200f2,EQUILIBRIUM,superbowl-champion-2025,P70,P70,P99,[0.40 - 0.60],1152274393.340837,0x0225d94cf433ebfa3114dcee1afb97ac25bb70d2,OK
0x8bd8c81803ce2c7e884cc18406d92829d5c4f306,OPERATOR,what-price-will-bitcoin-hit-in-2025,P70,P90,BASE,[0.80 - 0.97],188753254.123653,0x893af4a424b2473f0c6e81cadf7ff368027f9164,OK
0x8c818a866e6a4e5821a4faac8418903e33e3dcd3,GRAVITON,germany-parliamentary-election,P50,P50,P90,[0.80 - 0.97],134617984.549357,0x3031e06a851111757def6663e019b0235edcfbd0,OK
0x8de5e02553b6afba268e0ccf91f50d881d1f2b04,EQUILIBRIUM,super-bowl-champion-2026-731,P70,P70,P90,[0.60 - 0.80],704096822.722044,0x8ed6cbf42a3e0f3dd66a701159dff5ee38aa0eb8,OK
0x8e0b7ae246205b1ddf79172148a58a3204139e5c,SIGNAL,nba-champion-2024-2025,P90,P90,P99,[0.20 - 0.40],1712132663.961605,0xd0030aa3c9902d305b74d7c039e5f2dbee1e81c3,OK
0x8e5c0cc55cda93d6cae14becb3b738a44dcaa68a,GRAVITON,presidential-election-winner-2024,P90,BASE,P99,[0.40 - 0.60],3686335059.295466,0x95c1ef2c9e9cbfb2cec341e09c1467311cbbfb3e,OK
0x8e77537e059837d3c2ca5b4efe75e74e9498c4f3,EQUILIBRIUM,what-price-will-bitcoin-hit-in-january-2026,P90,P90,P99,[0.80 - 0.97],107746434.084592,0x956a2725e42dd701ef115bab50a06ee5bb9da8c2,OK
0x8e8cf968a888c72a45627be3660d1c815d4c6657,ANOMALY,the-masters-winner-2026,P50,P50,P50,[0.60 - 0.80],126018047.396663,0x3efd5cdb46c700481f40058341aa220ac2552660,OK
0x8e9eedf20dfa70956d49f608a205e402d9df38e4,INSIDER,super-bowl-champion-2026-731,P99,P99,P90,[0.00 - 0.20],704096822.722044,0xbe0cc63f064eb89c61bb652ee0dbc71d7a64e9ff,OK
0x8ebfdc251c6c378d4a3a54a8f15cebfa4b9183ce,EQUILIBRIUM,what-price-will-bitcoin-hit-in-january-2026,P70,P70,P90,[0.80 - 0.97],107746434.084592,0xa476daa07258daf9d16e18886e20fd4f8cf931c7,OK
0x8ed2e5858c81e56cef5f500b0dd5d70e6bd83422,EQUILIBRIUM,new-york-city-mayoral-election,P70,P70,P99,[0.80 - 0.97],429614415.023426,0xb27ec1471f446cb81b7a3d22019a4dea13dd8386,OK
0x8f037a2e4fd49d11267f4ab874ab7ba745ac64d6,EQUILIBRIUM,which-company-has-the-best-ai-model-end-of-february,P70,P70,P99,[0.60 - 0.80],22455001.857654,0x270f310b24ec8c64980041435e7d4851bcb66683,OK
0x8f053ac26c46b27f304cb51ae35dc6f677e3c0b8,EXTRACTOR,will-zelenskyy-wear-a-suit-before-july,BASE,BASE,P90,[0.97 - 1.00],242231180.272023,0xe84c4b8ff876e64b57017ca1be9e688e6e12cd21,OK
0x8f23aead02f055b69c7f7db51a2d74187bb2c7d0,SIGNAL,college-football-champion-2025,P99,P90,P90,[0.00 - 0.20],114932366.863053,0x90d8f1351a20f3af51ceda31369eac85260a2a31,OK
0x8f29522666063bc74f208b21f8957512cfb9dd03,EQUILIBRIUM,fed-interest-rates-january-2025,P90,P70,P99,[0.80 - 0.97],190915049.199301,0x50c167c65e7d5088541197b512a6280243a59b74,OK
0x8f2f04f6a10a8ffadb8b39999b5b3ef40adeb226,SUBSTRATE,us-x-venezuela-military-engagement-by,P50,P50,P70,[0.80 - 0.97],87408771.528641,0x64d17a8f3b64ce0fde4aa84b82222604f8d7ebdd,OK
0x8f42ae0a01c0383c7ca8bd060b86a645ee74b88f,EQUILIBRIUM,fed-decision-in-december,P70,P70,P90,[0.60 - 0.80],393905949.377453,0xe08fa54c5e19aa62418f356b7c3f9633b979e8ac,OK
0x8f6287a005b61b759b05c7e7a2f804d4cd7702ef,SIGNAL,presidential-election-popular-vote-winner-2024,P90,P90,P70,[0.20 - 0.40],628163458.451128,0xf9f6ca2041fd0de4bbda029c8f9abacb3cdbe688,OK
0x8f69269039b9a401de28a38c2f1c3001364b7df1,EQUILIBRIUM,will-the-iranian-regime-fall-by-march-31,P90,P99,P90,[0.60 - 0.80],63229537.941050,0xed2ffaf53e7b3c3db9e54ba6ee821d6ca4f67884,OK
0x8f7a4b414417911e7e9bd738399874792cdbdb40,EQUILIBRIUM,new-york-city-mayoral-election,P90,P90,P99,[0.60 - 0.80],429614415.023426,0x29716ef798c8ace4cda83537c4f593a53321efe6,OK
0x8f7bb1d97c28278e28943b8481f1a1651605154b,EQUILIBRIUM,us-x-venezuela-military-engagement-by,P90,P70,P70,[0.40 - 0.60],87408771.528641,0x4cb8dc54a5dcd93bdf6df91cd52da1ad41df4fe6,OK
0x9055a9e36aa73274e3a92dc2dbb081bb4d9e756a,EXTRACTOR,will-crude-oil-cl-hit-by-end-of-march,BASE,BASE,P90,[0.97 - 1.00],84160555.120290,0x882dfb66bec724023562055f0c9e4fd00b21499d,OK
0x90ed5bffbffbfc344aa1195572d89719a398b5bc,SIGNAL,us-x-venezuela-military-engagement-by,P99,P99,P90,[0.00 - 0.20],87408771.528641,0x82ed7586b41321e45b6f6f9916b7fcf320bf1957,OK
0x9106cf79b02f85d8f1e546802ed916648f44afcb,GRAVITON,super-bowl-champion-2026-731,P50,BASE,P99,[0.80 - 0.97],704096822.722044,0x7769bad2c5e92ea5b1edae3d943071c9fbf781a3,OK
0x91168ddb61315a38c13f26b7d74764e21cfc6fda,EQUILIBRIUM,fed-decision-in-january,P70,P70,P99,[0.80 - 0.97],659499548.531115,0x61448759365f1a9a361e18e12016035c9f81fa71,OK
0x912a58103662ebe2e30328a305bc33131eca0f92,EQUILIBRIUM,ireland-presidential-election,P90,P70,P70,[0.60 - 0.80],152026239.339043,0x7cfc46ed116ae008511241f94377f0d51a634556,OK
0x9175cafef50f45e618258750d74e84eae60969a8,EQUILIBRIUM,presidential-election-winner-2024,P70,P70,P99,[0.40 - 0.60],3686335059.295466,0x59f1df2163989884d741ea60fa93d603302c84e4,OK
0x9180d46bd2a46c7955ec9df091698ac76a0ff0da,GRAVITON,romania-presidential-election-winner,P50,P50,P99,[0.40 - 0.60],234266874.453681,0xed6450052d96dec0d400c6e0da55083149d6442a,OK
0x91b0b236258f4622c4634649c19d019e4105f0b6,EQUILIBRIUM,nba-champion-2024-2025,P90,P90,P99,[0.80 - 0.97],1712132663.961605,0x2bc1fd0f320ee27ae4981ec2100738487bdfec73,OK
0x91c702f141502ecf64a18dd8b4fb07037b6a28cc,SIGNAL,college-football-champion-2025,P90,P90,P50,[0.20 - 0.40],114932366.863053,0x3932fb1c750e6c04bf802c3d2bce0a52088ef053,OK
0x9238743eeba8bbfe9e85ac7ba2e1e3d77877b73e,VECTOR,la-liga-winner,P90,P90,P90,[0.40 - 0.60],277840555.158109,0x0bda5d16f76cd1d3485bcc7a44bc6fa7db004cdd,OK
0x9256dc04d6a9af8410c253bb5c52a8ff6eb62e8b,GRAVITON,us-x-venezuela-military-engagement-by,P50,P50,P90,[0.80 - 0.97],87408771.528641,0x627a6c54ebe47ef9af564ec86f1431333cbace81,OK
0x92672c80d36dcd08172aa1e51dface0f20b70f9a,VECTOR,stanley-cup-winner,P90,P90,P99,[0.40 - 0.60],249254121.669859,0x278f5a16c7d287156c5934fc25de5e051cc6908c,OK
0x92e53057ef2872722a53fe807245bd387e1defee,EQUILIBRIUM,iran-x-israelus-conflict-ends-by,P70,P90,P90,[0.60 - 0.80],100611326.572539,0x18980c70db0caff25938ccaadc7eda5d512e9fae,OK
0x9317fa2a50f67d96c23fa7d51864bf4cce8d75d9,SUBSTRATE,which-company-has-the-best-ai-model-end-of-february,BASE,BASE,P50,[0.97 - 1.00],22455001.857654,0x6e8b78df8d75b24a4dab4f064dbfca860090ebdf,OK
0x938673ccaa2dabaab91080c0c591628187bbfdfe,EQUILIBRIUM,next-president-of-south-korea,P90,P99,P90,[0.60 - 0.80],290745774.792026,0x4ddd7485e11a4d2eb7309437be6f657236f0f5aa,OK
0x93abbc022ce98d6f45d4444b594791cc4b7a9723,EQUILIBRIUM,the-masters-winner-2026,P70,P70,P90,[0.20 - 0.40],126018047.396663,0x1a954edd8ae35843917f5ebca06024e4ebbaed49,OK
0x93e6c5609f2babef7f581324608dac69d8da4fa4,EQUILIBRIUM,khamenei-out-as-supreme-leader-of-iran-by-march-31,P90,P70,P90,[0.20 - 0.40],63238697.721704,0xe4806c02bd306338ed9ab2309b1b01ab0ef267bf,OK
0x944e0472b99926f4f712fc97dc0a846a8c5d8c94,VECTOR,winter-games-2026-most-gold-medals,P99,P99,P90,[0.40 - 0.60],17239832.858499,0x07883ebd6f178420f24969279bd425ab0b99f10b,OK
0x94a428cfa4f84b264e01f70d93d02bc96cb36356,GRAVITON,presidential-election-winner-2024,BASE,BASE,P99,[0.60 - 0.80],3686335059.295466,0xb6b9d23c196d1ca33f03d27bac74171e3b139642,OK
0x94cff0a688ca7b2e5b2602343c49bcd812123db3,EQUILIBRIUM,fed-decision-in-january,P70,P70,P99,[0.80 - 0.97],659499548.531115,0x22b9a3617a83d92a6977dafeb1d2e0cf3cc8776f,OK
0x95074f700f93bdf6e62fc965e0832064c0877b04,EQUILIBRIUM,portugal-presidential-election,P70,P70,P90,[0.80 - 0.97],136469386.189704,0x564974921fffff3660ba9ec3dd126b0894ec0fd7,OK
0x9524e6caca4da8aa811b57564a0a5a6d9fc286cf,EQUILIBRIUM,portugal-presidential-election,P70,P70,P90,[0.80 - 0.97],136469386.189704,0xedce018df543a70929eef13d15fb881874a1c772,OK
0x95bf944dd22691364154fb436ee922798566e00b,EQUILIBRIUM,fed-decision-in-january,P70,P70,P90,[0.80 - 0.97],659499548.531115,0xd682fb159a2cbc47de97a046d76391ddae104988,OK
0x963137a0ba0b02ebf6f37710023cc1b0303289a1,SUBSTRATE,us-x-venezuela-military-engagement-by,BASE,BASE,BASE,[0.97 - 1.00],87408771.528641,0x560b71f6f7423cfad1f74e17f7f50a46f10efe0a,OK
0x96a45b19604cd6238a38e5b818fa166f5a5d4d01,EXTRACTOR,superbowl-champion-2025,BASE,BASE,P99,[0.97 - 1.00],1152274393.340837,0x23ca24b522eada13c904e5c15f80ef388fa6397b,OK
0x96b59f71f635da5da031e3e93448c54fe226f5e7,EQUILIBRIUM,germany-parliamentary-election,P99,P99,P99,[0.80 - 0.97],134617984.549357,0x6b61091504821442d4c7697d390fc6ab293baa7a,OK
0x96c6740f9b58c5a38c9172147cd6266da06c34a2,INSIDER,electoral-college-margin-of-victory-in-the-2024-presidential-election,P99,P99,P70,[0.00 - 0.20],116208770.606470,0xee0d05e0740f247df7d3078e7557ad9fda4887b9,OK
0x9703676286b93c2eca71ca96e8757104519a69c2,SIGNAL,pennsylvania-margin-of-victory,P90,P90,P70,[0.00 - 0.20],192916820.428426,0xf50e764a777e142dcb2469ebffb2cf694e50abc1,OK
0x9708fd9556116218fd29c778e9d81d255b61925b,EQUILIBRIUM,nba-champion-2024-2025,P90,P90,P99,[0.60 - 0.80],1712132663.961605,0xd506f5e469caba24c2929a4ac736dd71d3a4d47b,OK
0x972bf37cae72a169e17ae0e6179821d5778b78ba,SUBSTRATE,winter-games-2026-ice-hockey-gold-medal-winner,BASE,P50,P70,[0.80 - 0.97],19541942.551562,0xe9c4cfbec33760cbffe1c996b7d56adede150cf0,OK
0x97317409bfd9e992611596acee93e8b938019b35,EQUILIBRIUM,what-price-will-bitcoin-hit-in-january-2026,P90,P90,P90,[0.60 - 0.80],107746434.084592,0x1dbe4425aba5d024a21279607b074b7a8bbce3ef,OK
0x973faa4db3b0529bf1e1b7e0c78d96d405a9b68d,EQUILIBRIUM,presidential-election-winner-2024,P70,P70,P99,[0.40 - 0.60],3686335059.295466,0xbab7306c337e7efa467622ebc5c28322dcc7a9d1,OK
0x97e12cc7391a50e49042b44a2d4a0cef54c8017b,EQUILIBRIUM,champions-league-winner-2025,P70,P70,P99,[0.60 - 0.80],1001676674.300988,0x16caf384c4099ee89389b3f01949b78990ec86c7,OK
0x97e1e8027dd31b5db1467bb870c4bc0d1637ae74,EQUILIBRIUM,which-crypto-company-will-zachxbt-expose-for-insider-trading,P70,P70,P90,[0.40 - 0.60],39650755.318580,0x4d32f926253c70c38e499ad78fc75dde413e4489,OK
0x97eb7ddf9139a3db0be99e81217e20546e219fbe,EXTRACTOR,which-crypto-company-will-zachxbt-expose-for-insider-trading,BASE,P50,P90,[0.97 - 1.00],39650755.318580,0x9b07316fc549cb2b05927c788b86ffd98c18c008,OK
0x98049e1caa4bfe9a5f46456182705e1e09286896,EQUILIBRIUM,highest-grossing-movie-in-2025,P70,P70,P99,[0.80 - 0.97],124618231.928837,0x6f455b8293b4a9c6bcb4108c771b01b0d0dea0b1,OK
0x988463f1a6b17c2bac5f36715a3e1f211e88b165,EQUILIBRIUM,presidential-election-winner-2024,P70,P70,P99,[0.40 - 0.60],3686335059.295466,0xd96460cab0852b80bbc0cf1a23130f57ef663287,OK
0x989b67c86daa5675c2a7d0ee4107d2a38f628ef3,EXTRACTOR,fed-decision-in-july,P50,P50,P99,[0.97 - 1.00],136613627.403447,0x6dbde1a1e0f199b0252e593a422b9340af03075a,OK
0x98f7207b2461aaa89f89945ddc1f0bee628fb3e4,GRAVITON,super-bowl-champion-2026-731,P50,P50,P90,[0.80 - 0.97],704096822.722044,0x76f272117155e6ecbbbc508e6944b4b0b36b5865,OK
0x993c072519306017fe9a6b3ee6fa4a02b3056787,GRAVITON,will-crude-oil-cl-hit-by-end-of-march,P99,P50,P90,[0.00 - 0.20],84160555.120290,0x7328cfb3601ac37413a16d8c92929dadfd40d7f7,OK
0x993f451b6d5c21996b1bf688493cea9c4c823ee3,EQUILIBRIUM,the-masters-winner-2026,P70,P70,P70,[0.20 - 0.40],126018047.396663,0xa46ad4440d989e8b8c84cf3e26879a9265626579,OK
0x994e3e768b592cd326a3dd6be283e95a833e9cf5,GRAVITON,next-prime-minster-of-canada,BASE,BASE,P90,[0.80 - 0.97],120985208.028161,0xff011f70e8f4be2bdca210b3237d0440d3c9cd7c,OK
0x9977760c6bd6f824cac834d1a36ee99478d63020,GRAVITON,la-liga-winner,P90,P50,P90,[0.40 - 0.60],277840555.158109,0xf680f8ccf2c9e5cc673c9700c3320f103b182cb6,OK
0x997cda7b31612e3c394bfb55440619f3f689251e,BURNER,what-price-will-bitcoin-hit-in-march-2026,P70,BASE,P99,[0.97 - 1.00],99554303.753586,0x7a03bd726d6a2b89b8ad59c26e627324c37d74ab,OK
0x998154d8eb4ba7c4b34b10d76b9742d922d7dec4,EQUILIBRIUM,what-price-will-bitcoin-hit-in-february-2026,P90,P90,P99,[0.60 - 0.80],121274308.347870,0x83e8f4c2b6d95d74a5d03747e6c91133148d432a,OK
0x99bd18bf3b49a82cbd5749eafb3bfb117406238e,EQUILIBRIUM,winter-games-2026-ice-hockey-gold-medal-winner,P70,P70,P99,[0.20 - 0.40],19541942.551562,0xa53ec9542aeae33be4ec3d5af9587ca771799e92,OK
0x9a4a4764d10916b32040f5c145e61e98ccb5170f,GRAVITON,germany-parliamentary-election,P50,P50,P99,[0.80 - 0.97],134617984.549357,0xfa3ebc8d839952ed1e8e0650941f632425019eb6,OK
0x9a753d12065a8143ac69ea1732f67daab67b4347,EQUILIBRIUM,nba-champion-2024-2025,P90,P90,P99,[0.60 - 0.80],1712132663.961605,0x32e348a414aba66dd52565a094df93e6c363ad3b,OK
0x9ac5c8496bc84f642bac181499bf64405a5c6a3d,EQUILIBRIUM,fed-decision-in-september,P90,P90,P70,[0.60 - 0.80],220591460.745363,0xdc65c5c9f6e863152554bc4d4a7c18a386b1a4b1,OK
0x9aeb26fffc9ce02d02390ffc6035bfb809542f31,VECTOR,fed-decision-in-december,P90,P90,P90,[0.40 - 0.60],393905949.377453,0xc2df18c53f3fdf3ddf940bc2873ba54ff046ed93,OK
0x9aeb534c42b58b21673d5e03e9da14fbd15b2729,VECTOR,which-company-has-the-best-ai-model-end-of-february,P90,P90,P99,[0.40 - 0.60],22455001.857654,0x64f8ed99e96c98bd926b97b1af62938ecf8d14fe,OK
0x9b3dcd99eec7fe11602e6534e6302c0f318d7422,VECTOR,stanley-cup-winner,P90,P90,P99,[0.40 - 0.60],249254121.669859,0xdfbbe915eadc7d73a1153091199b56347a6c35da,OK
0x9b979a065641e8cfde3022a30ed2d9415cf55e12,ANOMALY,fed-decision-in-october,P99,P99,P99,[0.00 - 0.20],252485550.016563,0x8dcd34aef17ab9f121d5198e80d8d683a2274eae,OK
0x9bbf8abf929eddbb4da10535cf4c02db33f4c59f,EQUILIBRIUM,what-price-will-bitcoin-hit-in-march-2026,P90,P90,P99,[0.80 - 0.97],99554303.753586,0xd3a842233b3fdd7567808b652bd45515620910f1,OK
0x9bcada74fbcaa331afecdf7e861fbc9532ecca1f,EQUILIBRIUM,fed-decision-in-january,P70,P70,P99,[0.80 - 0.97],659499548.531115,0x79b94c17d8178689df8d10754d7e4a1bb3d49bc1,OK
0x9c2617462567859fcf5764e03b9a687ebca274bc,GRAVITON,will-crude-oil-cl-hit-by-end-of-march,P50,P50,P90,[0.80 - 0.97],84160555.120290,0x635e876d6928a7812c49d0ad2603c9b6f3021e84,OK
0x9c42eb8b88cf9c1d267e905b6904aca205f2da3c,PASSENGER,fed-decision-in-october,BASE,BASE,P90,[0.97 - 1.00],252485550.016563,0xb8f8f83aae1f954e5c19737dff51ba5d40a19082,OK
0x9c667a1d1c1337c6dca9d93241d386e4ed346b66,OPERATOR,us-x-venezuela-military-engagement-by,P70,P70,P50,[0.60 - 0.80],87408771.528641,0x6b39e21cd4098c26ee020a298ea3ef1681d6e970,OK
0x9c6cecbb5541e2706d26b01389992af0db5b00b9,EQUILIBRIUM,new-york-city-mayoral-election,P70,P70,P90,[0.80 - 0.97],429614415.023426,0xad6153034b174437a9e470b21f1a2d9c8c60927e,OK
0x9c76cdb43fb46454da005fbc82047a64a18ec926,SUBSTRATE,fed-decision-in-december,P50,P50,P50,[0.80 - 0.97],393905949.377453,0x1df43c18ffb2ca2a1459d7b544ff959cc5c345e2,OK
0x9c82c60829df081d593055ee5fa288870c051f13,EQUILIBRIUM,fed-decision-in-december,P70,P70,P90,[0.80 - 0.97],393905949.377453,0xff32a35835e70ba4a6e8936ea5796c5b531a2e29,OK
0x9c95df82fe2f55f522cee739cefb08f528dded41,EQUILIBRIUM,poland-presidential-election,P70,P70,P70,[0.20 - 0.40],128972884.206035,0x4c7236833fcfe4ffb6986c1517a3cdeef2a393d2,OK
0x9c99d17ed70d628cff56c5d7bec2eaf567137250,EQUILIBRIUM,new-york-city-mayoral-election,P70,P70,P99,[0.80 - 0.97],429614415.023426,0x2d2419e6252729121c70285b045da2557128a131,OK
0x9ca119b8cd7bdb890aecf1ff3b0f6e3a45cc13b5,ANOMALY,iran-x-israelus-conflict-ends-by,P70,P70,P70,[0.40 - 0.60],100611326.572539,0xe21f8fec8a23168bde3ec7e5e4e1c332acbd2602,OK
0x9cd5612308098866b7bb4b1634ec86cc5428ed17,EQUILIBRIUM,what-price-will-bitcoin-hit-in-2025,P70,P90,P99,[0.80 - 0.97],188753254.123653,0xaf791402cd9170c3eed200687e0cac8b5e8b0fce,OK
0x9cdda449d7cedf1072d74982a5dc2349df3d3e97,EQUILIBRIUM,nba-champion-2024-2025,P90,P90,P90,[0.60 - 0.80],1712132663.961605,0x54f84bf02ae548193e0cb02b46f5c458997e67dc,OK
0x9d333d3122c0e38de533b2e59343a92df9e1fa02,EQUILIBRIUM,presidential-election-winner-2024,P70,P70,P99,[0.40 - 0.60],3686335059.295466,0x37fec9522a1d180d5cf1e104fb9d82bebc0fdd02,OK
0x9d84ce0306f8551e02efef1680475fc0f1dc1344,VECTOR,highest-grossing-movie-in-2024,P90,P99,P99,[0.40 - 0.60],117998294.611533,0x182a098bda4b4dbf25ff1943c84142a699c05085,OK
0x9da54c66299338b1a5ca2d082d62e2a402948d11,SUBSTRATE,fed-decision-in-january,BASE,BASE,BASE,[0.97 - 1.00],659499548.531115,0x5d6b6d76066821928bfb2c44eb87d2b71e5673b4,OK
0x9def9524630e31ff90f884eed32c3eecfbf8d1a5,EQUILIBRIUM,fed-decision-in-september,P70,P70,P90,[0.80 - 0.97],220591460.745363,0xa9a9085d876c4dcd40ed9b94c5c2e2eb0ca1c961,OK
0x9dfe2f73d3c988a9d69df8fa0beb85651340b3dd,VECTOR,iran-x-israelus-conflict-ends-by,P90,P90,P70,[0.40 - 0.60],100611326.572539,0x44819268b5a66c2e4fb7829ab6407ec160cce357,OK
0x9e5c74c0bf46f0bf3fcd1064d17e6201c67fd8e6,GRAVITON,champions-league-winner-2025,P90,P50,P99,[0.40 - 0.60],1001676674.300988,0x1f3f345780e5be498d486206186e9aa7f20d7989,OK
0x9e7e57fbc4dd03dc7b0eea98f1f01bc100083e1d,EQUILIBRIUM,next-president-of-south-korea,P70,P70,P99,[0.80 - 0.97],290745774.792026,0x0597f26df461f2ddf7cd852d70c98ef3b40f720c,OK
0x9e875b707889a9d3d240177fcecafb0208bdcaa2,EQUILIBRIUM,new-york-city-mayoral-election,P90,P90,P90,[0.80 - 0.97],429614415.023426,0x5d5a5bed11b37f1bf88eb3fa84b371522b19e765,OK
0x9e8ecc4cb3c4e48f544cba2fbbb252a6a65e8db8,ICARUS,will-there-be-another-us-government-shutdown-by-january-31,P70,BASE,P70,[0.40 - 0.60],157296576.448084,0x307bf760966084a71ad49c790fea3f110075c659,OK
0x9ec7da81a2da3d47a47dd281b1ecf2cf2b3a35c0,GRAVITON,will-crude-oil-cl-hit-by-end-of-march,P50,P70,P99,[0.80 - 0.97],84160555.120290,0x0c8298964e57ceca60600141dd459e0f3501f08e,OK
0x9efd3eb7b39a3989ec262c7f9790cab9c33880f3,OPERATOR,fed-decision-in-september,P50,P70,P70,[0.80 - 0.97],220591460.745363,0xa0cf98e9ad4b40602c9210e140af97bb56bcb936,OK
0x9f47f1fcb1701bf9eaf31236ad39875e5d60af93,ANOMALY,pennsylvania-margin-of-victory,P90,P90,P90,[0.20 - 0.40],192916820.428426,0x3649ebf22e9280d2c63b86f8cb7f6fdfe4e4eeb2,OK
0x9f996a00929384dd8299c6a1447e105f665f69e2,EQUILIBRIUM,fed-decision-in-october,P90,P90,P99,[0.80 - 0.97],252485550.016563,0x9219e5840b07351a6525fe958603bd0986cb24b8,OK
0x9fad8308ef6b6ed5320e53a290a3bd4ad91f5a9f,EQUILIBRIUM,khamenei-out-as-supreme-leader-of-iran-by-february-28,P70,P70,P70,[0.00 - 0.20],131114970.827221,0x47a183c1ca15b6b7c82d3b0de676e6d0c2353dea,OK
0x9fefb57d21e15950df03246cde50ddbc521b361b,GRAVITON,lighter-market-cap-fdv-one-day-after-launch,BASE,P50,P99,[0.80 - 0.97],106735062.224516,0xd6d0c535a13001a871f064b2535139aeb966f0fa,OK
0xa022ba0a68e11a78348382ff168601012d4d77f8,EXTRACTOR,iran-x-israelus-conflict-ends-by,BASE,P50,P99,[0.97 - 1.00],100611326.572539,0x8cb29001338c4dee6f14b6619f43e90ddd3bffe5,OK
0xa0275889acf34a77ae9b66ea6a58112f6101e1d5,INSIDER,next-president-of-south-korea,P99,P99,P90,[0.00 - 0.20],290745774.792026,0x29e2e9a7644ac37400a316536af641083675e857,OK
0xa0839548d1eab561ea484c7ce466678592cf0795,PASSENGER,what-price-will-bitcoin-hit-in-2025,P50,P70,P70,[0.97 - 1.00],188753254.123653,0x49b7ad6d6f33e161ab3786346bed4d0e57274b6d,OK
0xa0ac4f760efc4ed637d099d74fad92aa424792fe,OPERATOR,stanley-cup-winner,P70,P70,P50,[0.80 - 0.97],249254121.669859,0x7d8588148fc17838c2e181324ae8071194150088,OK
0xa0bac72021f5d8fb959d7965c65d7a213c38e7eb,EQUILIBRIUM,what-price-will-bitcoin-hit-in-january-2026,P90,P90,P99,[0.60 - 0.80],107746434.084592,0x9e3c50b8be8b78f36f5bf70782a655a219db9e52,OK
0xa0bca9bdd8540da95060ed1fafb78aa03835d428,EXTRACTOR,iran-x-israelus-conflict-ends-by,BASE,P50,P90,[0.97 - 1.00],100611326.572539,0x915dbe52a9c644b5092df6809f891d51eec32437,OK
0xa102b434ce441a3119e146f75ed6276ee1a836d9,SIGNAL,germany-parliamentary-election,P99,P99,BASE,[0.00 - 0.20],134617984.549357,0x5195396556aa51e4c123bacc9fe965fd102d1947,OK
0xa14b10b083b4ab5bfd0d80c749fb0a01d50cb944,EXTRACTOR,will-zelenskyy-wear-a-suit-before-july,BASE,BASE,P90,[0.97 - 1.00],242231180.272023,0x304faa5e22a074cb6c52d8bd33b03158c47227cc,OK
0xa16a1302ca05463f30faebeb5c045767fde233a1,EXTRACTOR,elon-musk-of-tweets-february-3-february-10,BASE,BASE,P99,[0.97 - 1.00],30207146.519795,0xc2e171a2a79c0fcb157912d54ec62ace75a50da2,OK
0xa1d75a199ef084ee3ec9ae60dc986b439fe6e17e,GRAVITON,college-football-champion-2025,BASE,P90,P90,[0.60 - 0.80],114932366.863053,0x45c449ff10a165fd180f6345cfeabb648c072f0a,OK
0xa2b5bafa01d0f81926a2a88e5628a95b59fc4582,SIGNAL,super-bowl-champion-2026-731,P90,P90,P70,[0.20 - 0.40],704096822.722044,0x2ae4593cd8a41fe056b34ba24170385c2e63e192,OK
0xa2c97a854993d3f4935334f89d7dada6a6269c10,EQUILIBRIUM,what-price-will-bitcoin-hit-in-january-2026,P90,P90,P99,[0.60 - 0.80],107746434.084592,0x0ad73671797b3291628a1e3c9aac87ed9bda5aa5,OK
0xa2f1fecf1cc7db65a46588f764b6691533052d22,INSIDER,germany-parliamentary-election,P99,P99,BASE,[0.00 - 0.20],134617984.549357,0xa2f1fecf1cc7db65a46588f764b6691533052d22,OK_SELF
0xa38a455bbdd4b68486548b7e19da99903f4f821d,GRAVITON,2026-ncaa-tournament-winner,P50,P50,P90,[0.80 - 0.97],27378307.673206,0xfa7b142aa29726628860e0cd5c00941543767385,OK
0xa3a39a3746dbd55f3a33ae38bd27ae2804c2c2f9,EQUILIBRIUM,fed-decision-in-december,P90,P70,P99,[0.60 - 0.80],393905949.377453,0x5403b71c370e4150552ab4fe2003769f9ad219b6,OK
0xa3a417e434923aeaf97afe9a61b10ff9364e5106,INSIDER,2026-ncaa-tournament-winner,P99,P99,P70,[0.00 - 0.20],27378307.673206,0x2b6777c41777ad7ca2e953c661204bde0352f36d,OK
0xa3ad70cf48a2f2b44163e798223c01a2c2536866,ANOMALY,which-company-has-the-best-ai-model-end-of-february,P99,P99,P99,[0.00 - 0.20],22455001.857654,0x89b566f8332d403717eebe8ca8c30b00316fb983,OK
0xa3d48312c4c35c66752b19670fefbd2f18419969,SIGNAL,will-crude-oil-cl-hit-by-end-of-march,P99,P99,P90,[0.00 - 0.20],84160555.120290,0xf2fec76723212935c57ad188296038261aa0f335,OK
0xa3e1664fc43903ac3010c89fa3dd00828f665968,SIGNAL,will-crude-oil-cl-hit-by-end-of-march,P90,P99,P99,[0.20 - 0.40],84160555.120290,0xf7d0b247a0e1415f18210c0114b4309e2e9b0a07,OK
0xa3e9a711841e655def080044768452b60f4263d0,EQUILIBRIUM,what-price-will-bitcoin-hit-in-march-2026,P90,P90,P90,[0.80 - 0.97],99554303.753586,0x0c8fdfa4543a1b9bcc6ab9d78dcde270c80ba5ea,OK
0xa416a5c03381c90b94e4c1881b0494281e3e025e,EQUILIBRIUM,what-price-will-bitcoin-hit-in-february-2026,P90,P90,P90,[0.60 - 0.80],121274308.347870,0x995eee437228890b257b1374ae23f2332b26df35,UNVERIFIED_NO_PROFILE
0xa42f127d7e8df9f16881ffcc9ed0bc0326875f5a,ICARUS,what-price-will-bitcoin-hit-in-february-2026,P90,BASE,P99,[0.40 - 0.60],121274308.347870,0x3fb1c07af3686bde1f0cef78bdfd38da5a1ef505,OK
0xa49b6ea0a604c581f2a9569db42c192b1c487054,ANOMALY,elon-musk-of-tweets-march-27-april-3,P90,P90,P90,[0.20 - 0.40],25093491.193389,0x953531b84178630482815ff41aa3fb3d124e7806,OK
0xa49becb692927d455924583b5e3e5788246f4c40,EQUILIBRIUM,eurovision-winner-2025,P70,P70,P90,[0.60 - 0.80],105911052.705064,0xdcdeac90cae026bb06a01d33573cb23254ee77f8,OK
0xa4b366ad22fc0d06f1e934ff468e8922431a87b8,INSIDER,elon-musk-of-tweets-february-10-february-17,P99,P99,P50,[0.00 - 0.20],23970691.191498,0xf3dc4eb27787355ad1779f7db2ba9ea2dc1dc1d4,OK
0xa4bd8f49695cf5d55924aca4cc2694952874e8a2,EQUILIBRIUM,us-next-strikes-iran-on-843,P90,P70,P90,[0.60 - 0.80],56607533.530307,0x6527fef4ba301a194c510f3df500936e76e58900,OK
0xa52b785a5510117ac3ae03d75d029f89a36c9480,SIGNAL,nba-champion-2024-2025,P99,P99,P50,[0.20 - 0.40],1712132663.961605,0x642c3dd3451bbb3768ee55729f8ae32d220e0a44,OK
0xa540e7ff75ef4bf7ebc6c793cbabe87cee970b43,GRAVITON,will-crude-oil-cl-hit-by-end-of-march,P70,BASE,P99,[0.80 - 0.97],84160555.120290,0xa1bf015caff963e6bd56af58ad451407c411a041,OK
0xa564aaad2a650e43684211153e01f3eb112daa16,OPERATOR,superbowl-champion-2025,P70,P70,BASE,[0.40 - 0.60],1152274393.340837,0x7a4be44073172848c5adc3eb72fee6d71c8bed40,OK
0xa584bd700e9a6c02b9b500ea077086d4f71028e5,EQUILIBRIUM,fed-decision-in-september,P70,P70,P90,[0.60 - 0.80],220591460.745363,0x3da515314a994be5a2d72a81ebead8e8f3b5cd78,OK
0xa58d4f278d7953cd38eeb929f7e242bfc7c0b9b8,GRAVITON,champions-league-winner-2025,P90,P50,P99,[0.20 - 0.40],1001676674.300988,0x777629be8bf9bb234adfcd028356e0a2a362f49b,OK
0xa59a71d5c2688b5b388e339ca235851621c97101,GRAVITON,presidential-election-winner-2024,BASE,P50,P99,[0.60 - 0.80],3686335059.295466,0x2b7d302b6236cabf175f60fd2965a6fd29d07c9b,OK
0xa59c570a9eca148da55f6e1f47a538c0c600bb62,EQUILIBRIUM,elon-musk-of-tweets-february-24-march-3,P70,P70,P99,[0.80 - 0.97],46476194.322481,0xbf5a0964d5ccdb5665feef63d267e24765418f0c,OK
0xa61ef8773ec2e821962306ca87d4b57e39ff0abd,EQUILIBRIUM,will-zelenskyy-wear-a-suit-before-july,P90,P70,P70,[0.60 - 0.80],242231180.272023,0x462ad1ba8b73160e410e509f21c21c70cf9dee7e,OK
0xa638749f9aa75ee30191b9296646c380f49a1d87,VECTOR,elon-musk-of-tweets-march-27-april-3,P90,P90,P90,[0.40 - 0.60],25093491.193389,0x0ab9a23ec67e079401935e127f6bad29f8eff26b,OK
0xa6a856a8c8a7f14fd9be6ae11c367c7cbb755009,EQUILIBRIUM,nfl-mvp-1,P70,P90,P99,[0.40 - 0.60],182452890.884702,0x2eef07265112701a45469ef756feec9454241113,OK
0xa6d9b55a6a3a54a9d50ca94c64f00af69c50fd2f,GRAVITON,will-the-iranian-regime-fall-by-march-31,P50,P50,P90,[0.80 - 0.97],63229537.941050,0x3e1da0eb84fbb206389ae72213d54fe1466055c4,OK
0xa6f8220dfac596335d6b6719f2a2c7b451cc316d,VECTOR,will-crude-oil-cl-hit-by-end-of-march,P90,P99,P90,[0.40 - 0.60],84160555.120290,0xc9379c26d3be9c992e543b0b862911e52bcfc678,OK
0xa7011667f22c121c6cea7aab30192307c58c47cd,EQUILIBRIUM,what-price-will-ethereum-hit-in-february-2026,P90,P90,P90,[0.80 - 0.97],35823420.667874,0xdb99e9a639bd9dda374ada53705fbe52423e19de,OK
0xa710f0eae9129df28a52e886902c443364004173,GRAVITON,presidential-election-popular-vote-winner-2024,P70,P50,P99,[0.20 - 0.40],628163458.451128,0x5801b3b48dc3a5e821deb7f49fbffae974ee7d88,OK
0xa75cb55885d667de343b241d26268ef45981895e,EQUILIBRIUM,nba-champion-2024-2025,P90,P90,P99,[0.80 - 0.97],1712132663.961605,0x4475d119290af100bf191390945d1d7179401d47,OK
0xa77105bb4d2d4d200b0133a2036222353831162d,EQUILIBRIUM,which-crypto-company-will-zachxbt-expose-for-insider-trading,P70,P70,P90,[0.20 - 0.40],39650755.318580,0x43ba152f945af5d2c9ab07822b54a012b552da6d,OK
0xa7745e05e29f0ce180a6c8d852dc32abf4b2dcaf,EQUILIBRIUM,presidential-election-winner-2024,P70,P70,P99,[0.40 - 0.60],3686335059.295466,0x26a09beb36ab2c3935408bb37bcaa0638f709ecd,OK
0xa7fa144dbc59c7171a9aced9a779e1f26cda16cb,EQUILIBRIUM,fed-decision-in-september,P70,P70,P99,[0.80 - 0.97],220591460.745363,0x4c4df664e9fe308534b6c34ca180f4cbe32d8f79,OK
0xa80e3fe5e7a445fa047fe6de1e27f9a15217b94b,VECTOR,will-crude-oil-cl-hit-by-end-of-march,P90,P90,P99,[0.40 - 0.60],84160555.120290,0xc0659a2b94863abe8288811e1b65e87db4acf1e0,OK
0xa81eefec9c08fa157d855f1ac5caf8feab1903dc,EQUILIBRIUM,will-the-iranian-regime-fall-by-march-31,P90,P90,P90,[0.60 - 0.80],63229537.941050,0x2ebc93e274d4c872e688760ce27619149aced53c,OK
0xa82b0e89cf734e2fa70cbd52ca65c77d64595220,SIGNAL,what-price-will-bitcoin-hit-in-january-2026,P90,P90,P70,[0.20 - 0.40],107746434.084592,0x0afeb8354c03a5ebee8a536a10f71dd9de9a2b28,OK
0xa8af4c7923857533b687df9bf02115156e3a325e,ANOMALY,us-x-venezuela-military-engagement-by,P90,P90,P90,[0.20 - 0.40],87408771.528641,0x5b10d107b1de4b583cd88c8f026a6ed896f76bd3,OK
0xa8b202e6e9a4c2091b6860f1f5c9e9119bbc9a39,EXTRACTOR,fed-decision-in-march-885,BASE,BASE,P99,[0.97 - 1.00],260075340.359646,0xfe681735ac7f6a171f221bfc7ca2c344a98fba73,OK
0xa8c63f775ddbbe66b56614191747def3021444e8,SIGNAL,fed-interest-rates-january-2025,P99,P99,P90,[0.00 - 0.20],190915049.199301,0xd0c75522ff91b6965a73a4ce7b197492a5361ec5,OK
0xa8e0f6cd46306617f7b9d0897fef215fb02f1dd2,SIGNAL,la-liga-winner,P99,P99,P99,[0.20 - 0.40],277840555.158109,0xcb4e2f9ef197d55797233e294b411dd34c37530c,OK
0xa9650fe4301f45e7f090ada7252f9c1268183565,EQUILIBRIUM,what-price-will-bitcoin-hit-in-february-2026,P90,P90,P99,[0.60 - 0.80],121274308.347870,0xa06eb6f1dcb73feadad4e49f55795ca4c99bd9a3,OK
0xa9878e59934ab507f9039bcb917c1bae0451141d,ANOMALY,2025-national-heads-up-poker-championship-winner-845,P99,P99,P99,[0.00 - 0.20],235976211.664435,0xf5326cee172303b69f2fcf20829a757cce8cd823,OK
0xa9b44dca52ed35e59ac2a6f49d1203b8155464ed,INSIDER,new-york-city-mayoral-election,P99,P99,P90,[0.00 - 0.20],429614415.023426,0x808639fe7bb5a9202483e597f0494b52b1d6cc1c,OK
0xaa075924e1dc7cff3b9fab67401126338c4d2125,GRAVITON,winter-games-2026-ice-hockey-gold-medal-winner,BASE,P50,P99,[0.60 - 0.80],19541942.551562,0xf3d560365cfb4c2b17b01b911bd479bbb8429084,OK
0xaa36032f65ff1507c3d45b86a22a64bd110d1289,GRAVITON,presidential-election-winner-2024,P50,P70,P99,[0.40 - 0.60],3686335059.295466,0xf04a6e38c6cfe0acfbeb472888ed990787e69072,OK
0xaa98a4d9f524d1076b071dce22a3b6c753c24a57,VECTOR,what-price-will-bitcoin-hit-in-2025,P99,P99,P90,[0.40 - 0.60],188753254.123653,0x6ca6a13bc36da3b89faf86aa383593e5ab52324e,OK
0xaab9f5e600a5dd88fe3a6f93313b180f6220a08d,EQUILIBRIUM,highest-grossing-movie-in-2024,P90,P90,P90,[0.80 - 0.97],117998294.611533,0xdb9dd8f6d9c9a1734674a42c2635f4ae2a9f08c7,OK
0xaaef789cc9037967f64f780d72f00d52277c472a,VECTOR,fed-decision-in-december,P90,P90,P99,[0.40 - 0.60],393905949.377453,0x11c487f454ec01cba8a2b80809cc67c62ba87246,OK
0xaaf4acafbb7980ce93631d238eb10a5c4ca67883,EQUILIBRIUM,electoral-college-margin-of-victory-in-the-2024-presidential-election,P70,P70,P90,[0.60 - 0.80],116208770.606470,0x86e6ed922d89b32408707e52583972e1ee4f197b,OK
0xab0a0633093efe851db532907f55e9ffdbe99c25,SUBSTRATE,fed-interest-rates-january-2025,BASE,BASE,BASE,[0.97 - 1.00],190915049.199301,0x5741cf70103c59d861e66c8985a9b4fd3f26531e,OK
0xab57cc188d8b0e3938005dcb55960e1768a2842b,EQUILIBRIUM,what-price-will-bitcoin-hit-in-2025,P70,P90,P99,[0.80 - 0.97],188753254.123653,0x0d5a9a5f184242842478ef79aa58f55da137e80d,OK
0xaba06aaf3d1fe58bb5a5e4b17856599f8e9552ca,GRAVITON,2026-ncaa-tournament-winner,P50,P50,P90,[0.80 - 0.97],27378307.673206,0x6595c160ab59c0f21d56eb92b08bbe5aa8252e09,OK
0xabdc19966ccc439ef34e48f504dc672e5f4049ff,EQUILIBRIUM,what-price-will-bitcoin-hit-in-february-2026,P90,P90,P99,[0.80 - 0.97],121274308.347870,0x7d9aeddaa4e323c906419d01caff0bec6c29daed,OK
0xac2474546159e1349c57514d879732793db3941c,SIGNAL,fed-decision-in-december,P99,P99,P99,[0.20 - 0.40],393905949.377453,0x7e6dc8cc674678291fe1c5ddf54e5cc6e82ffabc,OK
0xac4a1fabdac2438d6afa2a9e8e83845310a0bf1e,GRAVITON,iran-x-israelus-conflict-ends-by,P50,BASE,P90,[0.60 - 0.80],100611326.572539,0xf59dbfaf900afab856fe71f6ca241d5f1d03f10d,OK
0xac80edc92b47b90fef0b8283b7c1f8bc87f197b1,EQUILIBRIUM,what-price-will-bitcoin-hit-in-february-2026,P90,P90,P99,[0.80 - 0.97],121274308.347870,0xd391649a6607701f7285b0a0a635bf2f87150d47,OK
0xac92f07ce8848235f02a09f2624ed2116fab9d64,EQUILIBRIUM,fed-interest-rates-november-2024,P70,P70,P90,[0.80 - 0.97],189537155.167586,0x6968cd0784ddf0165fa161511f6f2599e4dede92,OK
0xaca23974e2b8131efbafaa1fe03ea9595ea0b9a1,VECTOR,elon-musk-of-tweets-february-3-february-10,P90,P90,P90,[0.40 - 0.60],30207146.519795,0x784b6570abb9fe2215dbfa4c18fd2cdb158c1aac,OK
0xacae3c6efeedd75f2b34564f55356855e8fd6798,ANOMALY,2026-ncaa-tournament-winner,P99,P99,P99,[0.00 - 0.20],27378307.673206,0x114ab950550f215ef3a40b838c4c9a7b428eee78,OK
0xacb206b460a17382a734de8d931cc176307eb989,GRAVITON,the-masters-winner-2026,P50,P50,P90,[0.80 - 0.97],126018047.396663,0x7e108f339c789322cf10ee5b3e39ed7d27e65400,OK
0xacc8e9dcabf9d65a5c78e3bec6941ed53a2b7d08,GRAVITON,new-york-city-mayoral-election,P50,BASE,P90,[0.80 - 0.97],429614415.023426,0x0e3aece0747692ba18dff93d4913c8e1dbf807df,OK
0xacd943c52e0ba8efcabfeaddfa3ca17c1a5a3d87,VECTOR,fed-interest-rates-january-2025,P99,P99,P99,[0.40 - 0.60],190915049.199301,0x0bb3c81c577e04f5c62493850d177c5e6d23627d,OK
0xad5353afe30c2da57709e2704ef3ccdcf67eef24,INSIDER,2026-ncaa-tournament-winner,P99,P99,BASE,[0.00 - 0.20],27378307.673206,0x2cfaa2c747a8139e83f9faec8c355d9c2dc015c9,OK
0xad89f899f1524533adfd1e6a07da692fcd92f6e1,GRAVITON,new-york-city-mayoral-election,P70,P50,P90,[0.80 - 0.97],429614415.023426,0x8d7f4a551e185cc7f8283dd78953b30f3c6a9a23,OK
0xad947fcb81100b67a4e43727449b845aa2c585b1,EQUILIBRIUM,romania-bucharest-mayoral-election,P70,P70,P90,[0.40 - 0.60],134249665.397437,0x9b93c27382b21361f16c3d356a2ce7fe867478da,OK
0xad96914d7762dac84ebbabafe366ae8ff24dd498,EQUILIBRIUM,fed-decision-in-january,P70,P70,P99,[0.80 - 0.97],659499548.531115,0xbb9069eed0849d04adab4c61521f7da9a8b25a1e,OK
0xadc2efbf97ce7b25f7a638aabdba196c657cd1c9,EXTRACTOR,khamenei-out-as-supreme-leader-of-iran-by-february-28,BASE,BASE,P99,[0.97 - 1.00],131114970.827221,0x18f120e8d3929f4ba2147ac5781cc86c2bd9ffb0,OK
0xae32cf17c67ce1ab07a622e53ea55dfb07b154ee,EQUILIBRIUM,presidential-election-winner-2024,P70,P70,P99,[0.40 - 0.60],3686335059.295466,0x73e0da82ce890dcd2c80566584b1c28d4f331bb2,OK
0xae363845352952cdea784f581e9ee99a219c8fb5,VECTOR,stanley-cup-winner,P90,P90,P99,[0.40 - 0.60],249254121.669859,0x4e907ae98752e71476d736c80ff48bd0064cc41e,OK
0xae36db2d9aa13bce2da12413a6211b375ac6dcf6,GRAVITON,presidential-election-winner-2024,P50,P50,P99,[0.40 - 0.60],3686335059.295466,0x32cd06a20b528bced096945d6d165a61e75ccd2a,OK
0xae557afb33fdc52d0a15624d3db078983b110f4b,EQUILIBRIUM,super-bowl-champion-2026-731,P70,P70,P99,[0.60 - 0.80],704096822.722044,0x598f3ab7424c61352bdaf51349b7f8610da4c4fe,OK
0xae7c98235d5dc797edfa3d3af2e0334238a4487e,ANOMALY,us-x-iran-ceasefire-extended-by,P90,P90,P90,[0.20 - 0.40],210137726.510791,0xcd5ba8edb9eed2bd2f38c40da294e3ccd53251d8,OK
0xaed14eebe40967fa7d33e034cc1d6aa3dc648f84,EQUILIBRIUM,us-x-venezuela-military-engagement-by,P70,P70,P90,[0.80 - 0.97],87408771.528641,0x0e0bf22e3595687a8756e1e9862a20944d0be57e,OK
0xaee4b5addec9eaf81485ecbebb888531a4bd6569,GRAVITON,presidential-election-winner-2024,P50,P50,P90,[0.40 - 0.60],3686335059.295466,0x2c2353475e764274cd04a890570dda8d4ad29e65,OK
0xaf3909f0123a907b22d7add2cd1a59a072013101,EQUILIBRIUM,next-president-of-south-korea,P90,P70,P99,[0.80 - 0.97],290745774.792026,0x0be0a7037ae1877f75744924c3ad6b95f9ac2e84,OK
0xaf458bee32b8f1d9ba39ee876f20c7e3ce62ec7d,EQUILIBRIUM,fed-decision-in-january,P70,P70,P99,[0.80 - 0.97],659499548.531115,0x287ad6c07d43a31d789ec81323476a0089c1d3a4,OK
0xafbacaeeda63f31202759eff7f8126e49adfe61b,EQUILIBRIUM,nba-champion-2024-2025,P90,P90,P99,[0.80 - 0.97],1712132663.961605,0x01c00ded0c42774c5f37ac410de355571b895614,OK
0xafd73e369b98c0bb6b9238e08d13abbd0af8211c,VECTOR,what-price-will-bitcoin-hit-in-february-2026,P90,P90,P99,[0.40 - 0.60],121274308.347870,0x516b454cb9a41945fd0ff75ee6dfbc0c9d8e8677,OK
0xb03b826a4fc9893b35d3ddf4f11be824525b6ca1,EQUILIBRIUM,super-bowl-champion-2026-731,P70,P70,P90,[0.60 - 0.80],704096822.722044,0xa48fda0e6e22ed65682d70fb8738d9ed84560d81,OK
0xb0a827f94a225c8a1281624eee41fbf1e1ab5ea0,EQUILIBRIUM,new-york-city-mayoral-election,P70,P70,P99,[0.80 - 0.97],429614415.023426,0xb8050290de360550f4ba1c4ab12c6c0bea101cc3,OK
0xb10047d6a254b2ebb306d7a7d13bf59171ab6461,EQUILIBRIUM,what-price-will-bitcoin-hit-in-march-2026,P90,P90,P90,[0.80 - 0.97],99554303.753586,0x3a494e875752d95568dfade014bdb61d95d67816,OK
0xb1a279adb096d316b1b168993e8ed976d3cd372a,VECTOR,next-prime-minster-of-canada,P90,P90,P70,[0.40 - 0.60],120985208.028161,0xf3dcaeb909d3d17318c0908a1ec0ca31321e1672,OK
0xb2304a93c928e05c13e3b96b07be1f2ea8374193,ANOMALY,f1-drivers-champion,P90,P90,P90,[0.20 - 0.40],159090251.150985,0xd4625bea891fca7d46bad5ba22b18b4962751efa,OK
0xb2a200a58113541288a1c9b9f0da072bd6698471,PASSENGER,what-price-will-bitcoin-hit-in-2025,BASE,P50,P70,[0.97 - 1.00],188753254.123653,0xc15d109d05f781e134aa201e0eb4a04dc4211b17,OK
0xb2caffc47672b897121b4f4a5dbe1ee75fbf0ac2,EQUILIBRIUM,what-price-will-ethereum-hit-in-february-2026,P90,P90,P90,[0.80 - 0.97],35823420.667874,0xb1796970058838f5775e81bc7ea3d8f4169dba30,OK
0xb2d62e284ac9f13f09dcdd8accab61bfdd7af3bd,EQUILIBRIUM,highest-grossing-movie-in-2024,P90,P90,P99,[0.60 - 0.80],117998294.611533,0xbe9ac513e27d882045f537fd1603f82dbc9c04ea,OK
0xb30fe15964655f469c29a0b7b7a7305ff02a9505,EQUILIBRIUM,will-the-iranian-regime-fall-by-march-31,P90,P99,P90,[0.60 - 0.80],63229537.941050,0x6e78133d36a9f19f98a0cda8da6293df1163cf04,OK
0xb33d95f62714c3522ac133de55ba941927fe0392,EQUILIBRIUM,presidential-election-winner-2024,P70,P70,P99,[0.40 - 0.60],3686335059.295466,0x4cfcc2d8a5695e84edf547a3b32be843998b3be9,OK
0xb3c18d1a6e43c2012a48060b462f74f2aac01ef7,EQUILIBRIUM,which-crypto-company-will-zachxbt-expose-for-insider-trading,P70,P70,P90,[0.20 - 0.40],39650755.318580,0xe349fd21730200b8c327ffedb5a4099b264275ce,OK
0xb401d9a2943926bc8046004d68a5ae8eef328b4b,GRAVITON,presidential-election-winner-2024,BASE,P50,P90,[0.60 - 0.80],3686335059.295466,0x5c364d5228a586ed063b27a7dbd7fbe203ede742,OK
0xb403e859f53c45b82fc657f09c28bf27c1e806f0,PASSENGER,fed-decision-in-january,P50,P50,P70,[0.97 - 1.00],659499548.531115,0x71bfc3533f46d8d9569e341c9d495b4dc7a4427f,OK
0xb40e89677d59665d5188541ad860450a6e2a7cc9,EQUILIBRIUM,us-next-strikes-iran-on-843,P90,P90,P70,[0.80 - 0.97],56607533.530307,0xc09cad5297f66eb397d2fc21f9a764c7ad0da839,OK
0xb41ac4e8907de5460e2dac0a98df8d1530d33a25,EQUILIBRIUM,what-price-will-bitcoin-hit-in-2025,P70,P70,P90,[0.80 - 0.97],188753254.123653,0x748b39461d2c9ef86ccd282bb99cd0ad2738b1c9,OK
0xb47adfafc08e77ec77b03a6d1496066675ae6d60,EQUILIBRIUM,what-price-will-bitcoin-hit-in-march-2026,P90,P90,P99,[0.80 - 0.97],99554303.753586,0x9a6984cbfb45e73d51a6f4dc2153d620dca93821,OK
0xb48b9192dc52eed724fa58c66fa8926d06a3648e,GRAVITON,fed-decision-in-september,P70,BASE,P99,[0.80 - 0.97],220591460.745363,0x08a385cc074e188ef1cc84fb22fdd36a7d5d0756,OK
0xb48ef6deecd526c0974c35e1f7b5c3bbd12fa144,EQUILIBRIUM,fed-decision-in-january,P90,P90,P99,[0.60 - 0.80],659499548.531115,0xf53a0480ca2e28afdb385d25f94c8ca3dd453033,OK
0xb4f2310271b208f35b543bde10522db44cf67851,EQUILIBRIUM,nba-champion-2024-2025,P90,P90,P99,[0.60 - 0.80],1712132663.961605,0xab786dec114de4d5d6834212db0b9f33de0cc6c7,OK
0xb4f2f0c858566fef705edf8efc1a5e9fba307862,EQUILIBRIUM,fed-decision-in-january,P99,P70,P90,[0.60 - 0.80],659499548.531115,0x0fc8ed5fbf774067e2f5cf5105c86e5586fdca7a,OK
0xb4ff33ac1c696af6395992da15d3f133d9b376dd,SUBSTRATE,fed-decision-in-september,BASE,BASE,BASE,[0.97 - 1.00],220591460.745363,0x0aaf27d074cec686e1b3c5444f28539ebf11c670,OK
0xb52ee3e874f645058d93fcf7c99dcdc96750d3c8,OPERATOR,fed-decision-in-october,P90,P90,P50,[0.80 - 0.97],252485550.016563,0x2a3f61d0ee82edbe22a48891c0dfd54a15fecac9,OK
0xb5320ec9649903bb2d15bd4bb69b776a309a7028,EQUILIBRIUM,new-york-city-mayoral-election,P70,P70,P99,[0.80 - 0.97],429614415.023426,0x08785feb1b8b0c36e0f8f62179d428ea98b64426,OK
0xb53265f82ce244d4517747500c2991c5abeb84a4,GRAVITON,presidential-election-winner-2024,P50,BASE,P99,[0.60 - 0.80],3686335059.295466,0x0e97570a3264928dbd44f7e7788c18dbbf9fcb25,OK
0xb532895e91e79422299d365c6bd0367ac35a916b,GRAVITON,presidential-election-winner-2024,BASE,BASE,P99,[0.60 - 0.80],3686335059.295466,0xc19ad18503a3a8e53a83f75fb911b8f16c5f482e,OK
0xb55216ed55337cf9443139e4e5cace56426694a8,GRAVITON,super-bowl-champion-2026-731,P70,BASE,P90,[0.60 - 0.80],704096822.722044,0xa47b17c7e9cfd135de12aa41f5b0c85039cd2c16,OK
0xb5b8eb95db0c651af2b83fb804cc0b700ce5f0cb,EQUILIBRIUM,what-price-will-bitcoin-hit-in-2025,P70,P90,P90,[0.80 - 0.97],188753254.123653,0xa12aa995ba4d47bf7a211a6da823b9f23546693b,OK
0xb5fc4d5388952dc7a798fe784fe659f9a20e5ca4,EQUILIBRIUM,what-price-will-bitcoin-hit-in-2025,P70,P90,P99,[0.60 - 0.80],188753254.123653,ERROR: no_contract_creation_tx_and_polymarket_profile_404,
0xb619ed5b378053f8309c307d2f7adf9c13665068,SIGNAL,what-price-will-bitcoin-hit-in-february-2026,P99,P99,P99,[0.20 - 0.40],121274308.347870,0xb947763b6e64b4441b02562a63fda94f6b805162,OK
0xb64f848897508c6f9b76934953758e10fa6b76d4,GRAVITON,presidential-election-winner-2024,P50,P50,P99,[0.60 - 0.80],3686335059.295466,0xee5aa685c52e71d2dafd850ccc99562f2e3e9b8b,OK
0xb6bed94e75c333dae24eb9c80b3fef47ef3cfcfe,SIGNAL,electoral-college-margin-of-victory-in-the-2024-presidential-election,P90,P90,P70,[0.00 - 0.20],116208770.606470,0x159c24248bb841c1e377ed2818721a0328905b08,OK
0xb6c83e346ab31df6e24bc53ecb6e15c03b75b9e6,EQUILIBRIUM,what-price-will-bitcoin-hit-in-february-2026,P70,P70,P99,[0.80 - 0.97],121274308.347870,0xa906e7b6c916af437fb81ca312390e9850c3e27a,OK
0xb741a5dade4a298897a3124ed798a9cca1fba996,GRAVITON,new-york-city-mayoral-election,BASE,BASE,P99,[0.80 - 0.97],429614415.023426,0x04b7dd032ceb3ab2f84445e8b82a1e6a7174cb4f,OK
0xb74711992caf6d04fa55eecc46b8efc95311b050,ANOMALY,f1-drivers-champion,P90,P90,P90,[0.20 - 0.40],159090251.150985,0x56d58d0a81782040398c9a5e1437e618c6ff0cb2,OK
0xb75cebbe80b305baeeb125e05d0ee09eb58e2159,EQUILIBRIUM,what-price-will-solana-hit-in-february-2026,P90,P90,P99,[0.80 - 0.97],14604192.801218,0x4d03d50d22497c2e1dea30a73861e8c684458837,OK
0xb7775d1337cbb9652f3e6c469473bc3b6f0e3ef1,EQUILIBRIUM,electoral-college-margin-of-victory-in-the-2024-presidential-election,P70,P70,P90,[0.40 - 0.60],116208770.606470,0x69bfa3636b6622201fbde8c519baaaf8fe6f914d,OK
0xb84304b56cb1e1d492708cd8c3c7796c08211b3f,GRAVITON,next-prime-minster-of-canada,BASE,BASE,P99,[0.80 - 0.97],120985208.028161,0x169c663dbf66db147c473a1a97b621e70d14ffe7,OK
0xb870716705e2dc6ce3aef36af6de07ac3177e5c9,SUBSTRATE,fed-decision-in-october,P50,P50,P70,[0.80 - 0.97],252485550.016563,0x71f447db407fa63ab4d7794d08ab96ac4c4bdd11,OK
0xb886580698ede4b18de3e446b2d8da8bcedd81b3,EQUILIBRIUM,will-the-iranian-regime-fall-by-march-31,P90,P90,P90,[0.60 - 0.80],63229537.941050,0xdaa5ab53e44f49466f9c5ef959b50fc29d478a16,OK
0xb89f0286ddf2c5ee853345f81fadfececc59ed90,GRAVITON,presidential-election-winner-2024,BASE,P50,P99,[0.60 - 0.80],3686335059.295466,0xe01cf44c260f87069fd3b49d6cb2ef76ac036f15,OK
0xb89f5425341719d298dc2f5b9a92374f5fde1c44,GRAVITON,portugal-presidential-election,P70,P50,P90,[0.80 - 0.97],136469386.189704,0x6c380f0aa8861988ae522a831e231e1aa5abc688,OK
0xb8a717fed80eab7258a9ff6ba9961908691d7674,EQUILIBRIUM,fed-decision-in-january,P70,P70,P99,[0.80 - 0.97],659499548.531115,0x2a3bb29484648b30d0c3db2f20d14db73c04ec35,OK
0xb8d14d0488bee8a3f1403d118ba876f2e6ee40c3,EQUILIBRIUM,will-the-iranian-regime-fall-by-march-31,P90,P90,P70,[0.80 - 0.97],63229537.941050,0x824f0ff8eb49dc0500b48d6c607877759569555f,OK
0xb8e3ab1cfe1a5610af9486d490fe987d99a15f7b,SUBSTRATE,fed-interest-rates-january-2025,P50,P50,P70,[0.97 - 1.00],190915049.199301,0x81869cf965b4012f38610678d9362b2b8ddea847,OK
0xb934a1fa59bd65326469584b8bab827c6752ab24,ANOMALY,romania-presidential-election-winner,P90,P90,P90,[0.20 - 0.40],234266874.453681,0xfbc5e7473ae9cae2d367fa41d6e87b6eabc3a5a7,OK
0xb9b609ea2838c29126ba923726ee3192ca71630c,EQUILIBRIUM,fed-decision-in-january,P90,P70,P99,[0.80 - 0.97],659499548.531115,0x3542d53c55ed3356b248cd3944469e47eda93849,OK
0xb9e54e0e20a11f8add9cca41f9784bb41e6b1809,GRAVITON,will-crude-oil-cl-hit-by-end-of-march,P50,P50,P90,[0.80 - 0.97],84160555.120290,0x6db70ceccfeed821a5ee1383f4a3656786ac9810,OK
0xb9fb0f986b660109af83a2e0e35e5eec88d58fee,EQUILIBRIUM,2026-ncaa-tournament-winner,P70,P70,P99,[0.40 - 0.60],27378307.673206,0xa0fc98e1737b95bf3236d69cb8bbd69b4045280a,OK
0xb9fc8078fd6c0275c631ec10fcf8d5cc52d6da76,EQUILIBRIUM,what-price-will-bitcoin-hit-in-january-2026,P90,P90,P90,[0.60 - 0.80],107746434.084592,0xb672d6148628a9c939fe9fbc559e8c1d0fa0328e,OK
0xba016b05c84c9f073e5c9059d247d37cea4b8535,VECTOR,what-price-will-bitcoin-hit-in-march-2026,P90,P90,P90,[0.40 - 0.60],99554303.753586,0x93ce1359ae0f1e54608fb49ff2317ead849e14b4,OK
0xba628f0616912257c2290ffe41e8f3a38f3aa624,EQUILIBRIUM,premier-league-winner-24-25,P90,P90,P70,[0.80 - 0.97],808665619.121059,0xd410e3c065e54e8efb2708ab6000534fc105b896,OK
0xba664f999a18dce0aac6af698af434924a24f59d,EQUILIBRIUM,presidential-election-winner-2024,P70,P70,P99,[0.40 - 0.60],3686335059.295466,0xbdfa4f4492dd7b7cf211209c4791af8d52bf5c50,OK
0xba7586133ec7d540651f46d9d873abd7022c5eed,OPERATOR,highest-grossing-movie-in-2025,P70,P70,P50,[0.80 - 0.97],124618231.928837,0x99e40a12377e831370b42d5d9374fd1af74d0eff,OK
0xbaa2bcb5439e985ce4ccf815b4700027d1b92c73,EQUILIBRIUM,will-the-iranian-regime-fall-by-march-31,P90,P90,P90,[0.60 - 0.80],63229537.941050,0x18639b3a9cd2feb9cff3c07df6cf83e3a77bc2a3,OK
0xbab7e5508a5022e45904c24cac9a4ac4d6febc7c,PASSENGER,fed-decision-in-july,BASE,BASE,P70,[0.97 - 1.00],136613627.403447,0xa618315490c12bfe2f588e562dfeb261800f8b78,OK
0xbacd00c9080a82ded56f504ee8810af732b0ab35,EQUILIBRIUM,next-president-of-south-korea,P90,P90,P90,[0.80 - 0.97],290745774.792026,0x47767120d0f2510fe07bb0a4a19068e51ba5927d,OK
0xbad26fe5458e6219cec3e40272760e275e835296,ANOMALY,super-bowl-champion-2026-731,P90,P90,P90,[0.20 - 0.40],704096822.722044,0xdce7b42a07e6b0bc41dfaf751e89924840b85737,OK
0xbb015bb4009b6a48bfb9363d9c9b1d54e9ab02e5,GRAVITON,us-x-venezuela-military-engagement-by,P50,BASE,P90,[0.80 - 0.97],87408771.528641,0xd0a61c5603212f1e757b6709b867fee143b53c4e,OK
0xbb39ba863319281427a482c8714ffdf69cb7ee8a,EQUILIBRIUM,which-company-has-the-best-ai-model-end-of-february,P90,P90,P90,[0.60 - 0.80],22455001.857654,0x2f1a3606b62b51b6aafbe43287bd5d69d82e8e8f,OK
0xbb903888f2d952a1845c90142267c61b4926ad7f,EQUILIBRIUM,champions-league-winner-2025,P70,P70,P90,[0.40 - 0.60],1001676674.300988,0xe29010cfed53e0ba59c0bcd0f3e47664b9a28ad2,OK
0xbb9c165825e9f233d1f611b50b193fe94513072b,GRAVITON,which-crypto-company-will-zachxbt-expose-for-insider-trading,P50,P50,P99,[0.80 - 0.97],39650755.318580,0x0f5d62410c1c0595790b24951969fd6b1811be98,OK
0xbc2472a96accbe143b6f95e31929331e86cf3502,EQUILIBRIUM,next-president-of-south-korea,P70,P70,P90,[0.80 - 0.97],290745774.792026,0x13a039974bd7f76663086fa62f2341cdc5d2892f,OK
0xbc43a2f0deb85ba4ad316300762972089c911540,GRAVITON,khamenei-out-as-supreme-leader-of-iran-by-february-28,P50,P70,P90,[0.40 - 0.60],131114970.827221,0xa95baa0f94bbeafc8aaaa80008929db8a85c281f,OK
0xbc54e69667ceb6ccec538e5a0ba1927fc1fe680f,EXTRACTOR,will-zelenskyy-wear-a-suit-before-july,P50,BASE,P70,[0.97 - 1.00],242231180.272023,0xc06370f0096eea4ea21ddd26c7f32613d8e9df23,OK
0xbca17b0d255c88c972d859a76676e43432de7181,SIGNAL,what-price-will-bitcoin-hit-in-january-2026,P99,P90,P90,[0.00 - 0.20],107746434.084592,0xe1dc5aea8325ebc1a817115bbeac7e5cac92d97f,OK
0xbcb6ebb4368dd51722d68d25c740cde2ef5fc7c9,EQUILIBRIUM,fed-decision-in-october,P90,P90,P99,[0.80 - 0.97],252485550.016563,0xacb1a67a4725c7433d238dbad292fdae839d6272,OK
0xbcd6358b674834ec8101c238ec0d52540f0c0790,EQUILIBRIUM,presidential-election-winner-2024,P70,P70,P99,[0.40 - 0.60],3686335059.295466,0x18c79e2c41edb3a38595227b2e3c0d3bb94da0b9,OK
0xbd027484ac08dd72d33de877fdb7b1d1fc59aba7,EQUILIBRIUM,what-price-will-bitcoin-hit-in-2025,P70,P70,P99,[0.80 - 0.97],188753254.123653,ERROR: no_contract_creation_tx_and_polymarket_profile_404,
0xbd2f7d4b6d9ec4188070079db70a1d8bc7088bae,EQUILIBRIUM,next-president-of-south-korea,P70,P90,P99,[0.80 - 0.97],290745774.792026,0x9dd9076d5537ff157e01e17c480efa2521a903fa,OK
0xbd5ca9c36e3c9bb3574007b46c401554ed33f5c4,SUBSTRATE,which-company-has-the-best-ai-model-end-of-february,BASE,BASE,BASE,[0.97 - 1.00],22455001.857654,0xaf31836b61a36825df2a6f79e037cca9ef6f39fd,OK
0xbd70eebd1374580d4fbbf0291f4b6fba44fdd270,SIGNAL,elon-musk-of-tweets-february-3-february-10,P90,P90,P90,[0.00 - 0.20],30207146.519795,0x7813ae604912868b404ebeb28385f21ca7216c9d,OK
0xbdb0e406400033ada6ffe03f8915b5e23873f8ba,EXTRACTOR,what-price-will-bitcoin-hit-in-february-2026,P50,P50,P99,[0.97 - 1.00],121274308.347870,0xfe32ef455d541740b96fce582b21a1965c341722,OK
0xbdd474c1268840cf2256ae8a2276c8423c59f3b6,EQUILIBRIUM,fed-decision-in-july,P70,P70,P99,[0.80 - 0.97],136613627.403447,0x7329648c9fd1a2bb86898c95c1c06c8790bd14f3,OK
0xbddf61af533ff524d27154e589d2d7a81510c684,EQUILIBRIUM,the-masters-winner-2026,P70,P90,P70,[0.40 - 0.60],126018047.396663,0xdb15373c33adb64de90f23f90c0d8b86ef65497b,OK
0xbde579ead903b9cf5c3fc4be5a0c515464769c38,SIGNAL,stanley-cup-winner,P90,P90,P90,[0.00 - 0.20],249254121.669859,0xd7bb8483e41f4f1550368bf2469167a08f9e4c7c,OK
0xbe0f9dcd2a0675cf7169e382f6da28d753be9cbb,EQUILIBRIUM,what-price-will-bitcoin-hit-in-2025,P70,P90,P99,[0.80 - 0.97],188753254.123653,0x5220f046b1c87928c60c51666789203fce7fa413,OK
0xbe195349beb0b8572991469ff9f64a3f1ef6eeb9,SUBSTRATE,2026-ncaa-tournament-winner,P50,P50,BASE,[0.80 - 0.97],27378307.673206,0x9e2d62d4fc6b2d32c1ebaec1e3baad31ea48bbb2,OK
0xbe89905ca9a689f5129621b62fcf715b5a45b88c,EQUILIBRIUM,fed-decision-in-january,P90,P90,P99,[0.80 - 0.97],659499548.531115,0xb9ede4527ca7f601edb29e03b67ba47158da9630,OK
0xbebe49168cc3fe33fd9060c6fc83355c3359a8b5,GRAVITON,romania-bucharest-mayoral-election,BASE,P50,P90,[0.80 - 0.97],134249665.397437,0x50c8c52ca63217fdbfb33d671932c8a84caeda27,OK
0xbf0c8840cc6678b7ef6f47e1cc938bcf61881146,SUBSTRATE,nba-champion-2024-2025,P70,P70,P70,[0.97 - 1.00],1712132663.961605,0x8d1a8ff55ba6bf89f7b5683eb41bc910d7c1d274,OK
0xbf2c878cd5d6043697b32067be141647deeb097c,INSIDER,la-liga-winner,P99,P99,BASE,[0.00 - 0.20],277840555.158109,0x5737e81e3ea2c2deac5f1cd7b05b1dc1b6e4b599,OK
0xbf49d1ad911a38bf8244eef9df4471c200f95608,GRAVITON,presidential-election-winner-2024,P50,P70,P99,[0.40 - 0.60],3686335059.295466,0x2cfdc367434b6f256e3ef1af24c4165150e4292a,OK
0xbf5bf2730e1d679eb9d6ee37ef48d03959e823ca,EQUILIBRIUM,next-president-of-south-korea,P90,P90,P99,[0.80 - 0.97],290745774.792026,0xedc505e8bd3496449d60974a399f440572b23e2b,OK
0xbf93328f8b69273453228a82c913207731822fd7,EQUILIBRIUM,f1-drivers-champion,P70,P70,P99,[0.60 - 0.80],159090251.150985,0xdd9a3eb0ba0e345d4c7688ccb626ad3d96f735db,OK
0xc02147dee42356b7a4edbb1c35ac4ffa95f61fa8,INSIDER,super-bowl-champion-2026-731,P99,P99,P70,[0.00 - 0.20],704096822.722044,0xd42f1bbb8e3136f3c68188261cf96ac6e63818b9,OK
0xc0292a841a0c9a7320aa39075cffcf1b8f64f705,INSIDER,khamenei-out-as-supreme-leader-of-iran-by-february-28,P99,P99,P70,[0.00 - 0.20],131114970.827221,0x0bcd501c8bff0787820f8c001fc735159d3ca829,OK
0xc0bff7089f8536447e3d963fcbaa2d07e3e12032,VECTOR,what-price-will-bitcoin-hit-in-march-2026,P90,P90,P99,[0.40 - 0.60],99554303.753586,0xd7ff2ee8af67cb7cdf1729e33b68258cfbd8bf66,OK
0xc0ff6a9ac424210cf218fda5c5753324c34a9953,GRAVITON,us-x-iran-ceasefire-extended-by,BASE,P50,P90,[0.60 - 0.80],210137726.510791,0xdabb6fb68577ecf6c9b10d42878d99de41c52eac,OK
0xc10972c04ce8ad1ac5168821463e4a80a98f1ad2,SIGNAL,popular-vote-margin-of-victory-in-presidential-election,P90,P90,P90,[0.00 - 0.20],124038744.446078,0x799b3421193f49b82dfc88cb4288f1c3c34bc5a4,OK
0xc15df433cc88a225cdda2d3f5955f3973f8e6186,PASSENGER,fed-interest-rates-january-2025,P70,P70,P70,[0.97 - 1.00],190915049.199301,0x7f974e54f7ffc8c3657aab01f658ac58a2c7f523,OK
0xc1990f52b15a905e4b900299df9072326f48c67c,ANOMALY,winter-games-2026-ice-hockey-gold-medal-winner,P90,P90,P90,[0.20 - 0.40],19541942.551562,0x197e37c41020ab4b11f8b7e0a99ab201dc33c5e9,OK
0xc1a58674dbcc1d3208f7e61a0a8b252162caf290,EQUILIBRIUM,what-price-will-bitcoin-hit-in-2025,P70,P70,P99,[0.80 - 0.97],188753254.123653,0xbe3a0ebf8601c8730d676416f1bcdcbb526eb1df,OK
0xc1b399b26020a4f689108e9640fd3dc8ffc8501c,INSIDER,winter-games-2026-most-gold-medals,P99,P99,BASE,[0.00 - 0.20],17239832.858499,0x996d45311e2d70a195f8525513259505dfd8f75a,OK
0xc1ebd32c4ab4acb271371359cd596baf5eb24062,PASSENGER,what-price-will-bitcoin-hit-in-2025,P50,P50,P70,[0.97 - 1.00],188753254.123653,0x9a7c96575e6f8538722d4b3a23020a980c4fdad8,OK
0xc200069e35b24b45ce432fd9a659675381343c75,ANOMALY,presidential-election-popular-vote-winner-2024,P90,P90,P90,[0.20 - 0.40],628163458.451128,0x33c0b106c459d86841e96d58db211ae8554132d2,OK
0xc2494b32d65dea3a3a80712589d10bc5733f8a61,PASSENGER,what-price-will-bitcoin-hit-in-march-2026,P70,P70,P90,[0.97 - 1.00],99554303.753586,0x1b0837160162b31299cf3d5fa861a9dd140e5551,OK
0xc25120b27e01031b2122f74488dcdb077a78b9c3,EXTRACTOR,what-price-will-bitcoin-hit-in-january-2026,P70,P70,P99,[0.97 - 1.00],107746434.084592,0x0e96594adf59996c050d15e670933227627495cb,OK
0xc25427ea224b8f9fa2df801233f944006ed33f73,GRAVITON,new-york-city-mayoral-election,BASE,BASE,P99,[0.80 - 0.97],429614415.023426,0xe3a70005925bf8174cf9ef8489cfce5672891213,OK
0xc29629055861879e2b94f31becfe0e23e918c666,ANOMALY,poland-presidential-election,P90,P90,P90,[0.20 - 0.40],128972884.206035,0x2b5d1ed77d287c8152032c452c641a6cc423286d,OK
0xc2a37f1eb84fcc156c8aece9105dc1a73a36c3a6,GRAVITON,new-york-city-mayoral-election,P70,BASE,P99,[0.80 - 0.97],429614415.023426,0x990ec05a73410ac817704699e0920a6f427f913f,OK
0xc2d1eac09c5a5d1c0828eccf8d6e5bac1cd320f0,GRAVITON,romania-presidential-election-winner,P50,P50,P99,[0.40 - 0.60],234266874.453681,0xf0af95fcb425667ddcc18c8bea8d0ae386e7362b,OK
0xc35049bc7b6bd28a49a40b261466ca91aad63669,EXTRACTOR,winter-games-2026-ice-hockey-gold-medal-winner,BASE,BASE,P90,[0.97 - 1.00],19541942.551562,0x45e2871b25455183bcfcabc2c2b0ef31fc81e478,OK
0xc360d21ee29dfa4635ad8af3013131adbda70c46,EQUILIBRIUM,next-president-of-south-korea,P90,P70,P90,[0.80 - 0.97],290745774.792026,0x289dd5d569c34076dea82c0df6e0b3a8c4415213,OK
0xc390fa385403669645a20d81fc672a25d1ad28bd,EQUILIBRIUM,nfl-mvp-1,P90,P70,P99,[0.40 - 0.60],182452890.884702,0xba6dae1776a9ac57846155379ce90383b4ab6556,OK
0xc3cd1d612bbf9fbf80da5a9bff0b0470cb46816c,GRAVITON,super-bowl-champion-2026-731,P70,BASE,P99,[0.80 - 0.97],704096822.722044,0x7e63f12af445628608562f49f0d83189af5a3535,OK
0xc3db6a07351313cc684759dee1722d2bb1e90f98,INSIDER,us-next-strikes-iran-on-843,P99,P99,P90,[0.00 - 0.20],56607533.530307,0x40c0a84a2e4658447ac3070b88e1f29da5a320e0,OK
0xc4086b708cd3a50880b7069add1a1a80000f4675,INSIDER,ireland-presidential-election,P99,P99,P90,[0.00 - 0.20],152026239.339043,0x2177e0ab199d92a2a4d4d835ac180dd876ba4398,OK
0xc449e7593d00104cee02845423a2c7d8e9c6f3d5,EQUILIBRIUM,fed-decision-in-october,P70,P70,P90,[0.80 - 0.97],252485550.016563,0x640fa770ea86752e5207051c34ca12b6c9d1484d,OK
0xc44d644ddc841431037a94d87b3a28760f30935c,GRAVITON,2026-ncaa-tournament-winner,P50,P50,P99,[0.80 - 0.97],27378307.673206,0x546b3caba32fbff5118dc90f871cf02a20d7a356,OK
0xc49fe658479db29e1a2fefebf0735f657dca9e05,ANOMALY,super-bowl-champion-2026-731,P90,P90,P90,[0.20 - 0.40],704096822.722044,0x24be1cd9afa5c01d65eb0e06ed6ff4b71296ddf4,OK
0xc4cf7b4ccc72c3b63736410ddc7dcde73ed8129a,GRAVITON,presidential-election-winner-2024,BASE,P50,P99,[0.60 - 0.80],3686335059.295466,0x2d7f74e8623c2fadd4c6b7ee1b64b4134092d17a,OK
0xc4d1a863e9cc45d02ba22d3a1ae9ba7822018ce8,EQUILIBRIUM,new-york-city-mayoral-election,P90,P90,P99,[0.60 - 0.80],429614415.023426,0x49c3b38e1f876d68b704603f2cd5454a80a93265,OK
0xc4d5a24a240ec9f52669e3251e0473fd0c5687cf,INSIDER,highest-grossing-movie-in-2025,P99,P99,P70,[0.00 - 0.20],124618231.928837,0xac14c114bd681fc4b8360dbd1fbe9eee415bdafb,OK
0xc5d343df2e64662ca50a4d37333c183e515ad640,EQUILIBRIUM,fed-decision-in-september,P90,P90,P90,[0.60 - 0.80],220591460.745363,0x9249399f9644b5b4954c55d86d2145b17ba95d0d,OK
0xc60956381d561c6e63d08ac8e09fdc2be0f0e74d,GRAVITON,electoral-college-margin-of-victory-in-the-2024-presidential-election,P50,P70,P90,[0.80 - 0.97],116208770.606470,0x052cb0c5f294cb9283b947da04163992979b49a4,OK
0xc6208602d8a6295983ebfe0b0aeb51ce92a82da3,GRAVITON,presidential-election-popular-vote-winner-2024,BASE,P50,P99,[0.80 - 0.97],628163458.451128,0x79c8796727364f122b6c55a06d988b0f86a6a423,OK
0xc631d9d610b9939f0b915b1916864e9b806876f6,EQUILIBRIUM,what-price-will-bitcoin-hit-in-2025,P70,P99,P90,[0.60 - 0.80],188753254.123653,0xf517ba873cf457463533e3902fddbf054e2bc447,OK
0xc65ca4755436f82d8eb461e65781584b8cadea39,GRAVITON,winter-games-2026-ice-hockey-gold-medal-winner,BASE,P50,P90,[0.40 - 0.60],19541942.551562,0x548eaa8f7c13d9a14c7c95918f8c5bdaec896924,OK
0xc684828f6b03487759ced2ebdd975f91f3532228,SIGNAL,what-price-will-bitcoin-hit-in-january-2026,P90,P90,P99,[0.20 - 0.40],107746434.084592,0x63ae98fcec9aef2571bea4fee7de0d86ff122e01,OK
0xc6a28c25a8409f2d5bea1d5041355eec097fd076,ANOMALY,romania-bucharest-mayoral-election,P90,P90,P90,[0.20 - 0.40],134249665.397437,0x339226063cde0f902bd8b08dd882afc824961f1f,OK
0xc6dd722558dbfbd8fa780efcbe819ed8c6604b9f,GRAVITON,new-york-city-mayoral-election,P70,BASE,P99,[0.80 - 0.97],429614415.023426,0x13cedf588f3c4acc373c54a9931ac5829593ae8d,OK
0xc703e8bec77521afea724001a663f6615297c3d5,PASSENGER,super-bowl-champion-2026-731,BASE,BASE,P70,[0.97 - 1.00],704096822.722044,0x44a8d1f9a16ce315f6ee224887b0ac79a60fc770,OK
0xc70d1ee2b62ad46772f78a9fcc1d834232e00880,OPERATOR,next-president-of-south-korea,P90,P90,BASE,[0.60 - 0.80],290745774.792026,0xa14a7a4a6102b48491c9366f0a751798f3536e0a,OK
0xc747b8f900a08f59974f50989e0703344ba0324b,SIGNAL,what-price-will-solana-hit-in-february-2026,P99,P99,P90,[0.00 - 0.20],14604192.801218,0x4ead91878e521757829348c5f92cb70484d9ba59,OK
0xc7a25a48673a3c65a41763bcbf31313346f2e78a,OPERATOR,eurovision-winner-2025,P70,P70,BASE,[0.80 - 0.97],105911052.705064,0x5df6b745ea2a3f5fd3c2701fa8ecd45d1ed79d90,OK
0xc84f7e76ec28ef20e7773b7b4926bfb7378be0c5,GRAVITON,khamenei-out-as-supreme-leader-of-iran-by-february-28,BASE,P50,P90,[0.80 - 0.97],131114970.827221,0x25e32be8061c3140aa8facb549d79f653b2f4729,OK
0xc851cd9bee7d262afd78674f861f9f576a12cd2a,VECTOR,fed-decision-in-september,P90,P90,P99,[0.40 - 0.60],220591460.745363,0x31e98b695ab4206d0f6389a0c2d531592073376d,OK
0xc8ab97a9089a9ff7e6ef0688e6e591a066946418,VECTOR,fed-decision-in-december,P90,P90,P99,[0.40 - 0.60],393905949.377453,0x96bde0dd1d5ba5cc8e1c74cdec14041564a1363a,OK
0xc8b438e4a1c10643ea0ea3e59bcaadc73174f05d,EQUILIBRIUM,nba-champion-2024-2025,P90,P70,P99,[0.40 - 0.60],1712132663.961605,0x5d758d38fe65a38eb8ca3ffc86251a8ce014327c,OK
0xc8b9a30184244d427169cf62485dde6041b2b836,ANOMALY,romania-bucharest-mayoral-election,P90,P90,P90,[0.20 - 0.40],134249665.397437,0xf58513d919f75bcfc4210873ea0def00b46f22d1,OK
0xc93e036884e6c130865af31c3bf12d8493b3cd26,SUBSTRATE,what-price-will-solana-hit-in-february-2026,P70,P70,P50,[0.97 - 1.00],14604192.801218,0xfdae6b743d8ec081204e57c646a16bb3c8f37dde,OK
0xc9469fbe92ab22600d6e198bb1fd25c2d87d1825,EXTRACTOR,what-price-will-bitcoin-hit-in-2025,BASE,BASE,P99,[0.97 - 1.00],188753254.123653,0xcff2f52e31ba07df5774a336bf2acf3662ddd0a8,OK
0xc96aeabae8c81faf8d803201da1d2461cefc396a,EQUILIBRIUM,what-price-will-bitcoin-hit-in-2025,P70,P90,P90,[0.60 - 0.80],188753254.123653,0xeb102297f18895764c4f5d32c3134fb29846db4c,OK
0xc96e5287ab294ac0388c2ddb00180fc464cff1f9,EXTRACTOR,iran-x-israelus-conflict-ends-by,BASE,BASE,P90,[0.97 - 1.00],100611326.572539,0x40e0d493fc9297764278df24ba31682c57b1165f,OK
0xc9b6227a295985591fe576ff2e054267a78a9b6a,SIGNAL,new-york-city-mayoral-election,P99,P99,P90,[0.20 - 0.40],429614415.023426,0x521c434f0cb24fe5582c08a356e636b48099bb85,OK
0xc9d215499f36c66f6f7d9c8e712731d9a7ebd11f,VECTOR,presidential-election-winner-2024,P90,P90,P99,[0.40 - 0.60],3686335059.295466,0x5d24bf8d95d07114345ceb2490eb6e64a11a04cb,OK
0xc9dcc3d90ad3e34fe4132eb8661ae728d6da9026,EQUILIBRIUM,what-price-will-bitcoin-hit-in-2025,P70,P90,P90,[0.60 - 0.80],188753254.123653,0x92a90af1a7a124e363ef6d223ce4896d51e67477,OK
0xc9f9a7610efa67b8614c3152f50af2bd9db6c5e8,VECTOR,lighter-market-cap-fdv-one-day-after-launch,P90,P90,P90,[0.40 - 0.60],106735062.224516,0x6cc78993fc28d60b6653a2e7e89d6a5b69975e6b,OK
0xca23f2f702140b5245c517aef5cd9888a6320e77,EQUILIBRIUM,presidential-election-winner-2024,P70,P70,P99,[0.40 - 0.60],3686335059.295466,0x7a0d3b1bdaa437851162fe732e6869f639de3594,OK
0xca334ba9a3ad086f0fce66d2b073d1f6c5c7918c,EQUILIBRIUM,fed-decision-in-december,P90,P90,P99,[0.60 - 0.80],393905949.377453,0x0d175b89987038a6b4bfef2e6841a1700e16897c,OK
0xca62d607db80661b987badf01abb499eee5afbfa,EQUILIBRIUM,will-zelenskyy-wear-a-suit-before-july,P70,P90,P90,[0.80 - 0.97],242231180.272023,0x89b09f9aef618cc154c0cad9ee349bb2ae61b73d,OK
0xca886a7ed635c3b770fccfd251c86eec34967caa,INSIDER,us-next-strikes-iran-on-843,P99,P99,BASE,[0.00 - 0.20],56607533.530307,0xba60e45df80153a453f89a9daa2ae3f1722d08d7,OK
0xcaab19659b995951a44cc992447cb2ad5be324dd,GRAVITON,germany-parliamentary-election,P50,P50,P90,[0.80 - 0.97],134617984.549357,0x36cd51fa4d7d4cfb832807d46d10ce992b22429c,OK
0xcacf2bf1906bb3c74a0e0453bfb91f1374e335ff,SUBSTRATE,champions-league-winner-2025,BASE,P50,BASE,[0.97 - 1.00],1001676674.300988,0x77eacb81856df7cb6c9018852a6ade5c9f6967cc,OK
0xcb2952fd655813ad0f9ee893122c54298e1a975e,EQUILIBRIUM,presidential-election-winner-2024,P70,P70,P99,[0.40 - 0.60],3686335059.295466,0xc9a781165bc7874c03804750829d7903d55a58bc,OK
0xcb3143ee858e14d0b3fe40ffeaea78416e646b02,INSIDER,2026-ncaa-tournament-winner,P99,P99,P70,[0.00 - 0.20],27378307.673206,0xf1eaafb656ad23501675c838039b486c603c71aa,OK
0xcb32027c1de441f2148b13657c8d2bc36c90c216,SIGNAL,fed-decision-in-september,P99,P99,P99,[0.20 - 0.40],220591460.745363,0x1639bb67dabf8d3a5d3e7f3cb6d611a3c67c1256,OK
0xcb511a62cd64f8ba9071d4b5bafa985f6729d2f5,SIGNAL,2026-ncaa-tournament-winner,P99,P99,P70,[0.00 - 0.20],27378307.673206,0x096a9f86c81b01fa4286d15443fb10f0a7b9a1b9,OK
0xcb59ea1babf3b26ea50088057e427ab0ed8f0a22,EQUILIBRIUM,new-york-city-mayoral-election,P70,P90,P90,[0.80 - 0.97],429614415.023426,0x88780b2a5e59d5f27ba9a6bbd04b22948357f69a,OK
0xcbed92a9dc14802a2957de4a7d81d3c6a038bbb9,SUBSTRATE,2026-ncaa-tournament-winner,P50,P50,P70,[0.80 - 0.97],27378307.673206,0xe7d3eed9d95ef9ef486700fe626aa2c713fca012,OK
0xcc3e87226912d35893b678eaa8a39d57b6fe37ef,EQUILIBRIUM,which-company-has-the-best-ai-model-end-of-february,P70,P70,P99,[0.60 - 0.80],22455001.857654,0x8f464170687a593da26e2576e0d7de4dcfab2aae,OK
0xcc500cbcc8b7cf5bd21975ebbea34f21b5644c82,EQUILIBRIUM,what-price-will-bitcoin-hit-in-march-2026,P90,P90,P99,[0.60 - 0.80],99554303.753586,0xf5423bf932623dd27369d0db5c13698d6e2dcbb0,OK
0xcc7b6376adee4c5720512cf1797c12d708468606,SUBSTRATE,fed-interest-rates-january-2025,P70,P70,BASE,[0.97 - 1.00],190915049.199301,0x6da690c83bfb019936fd480fcb9c477c511febf1,OK
0xcce2b7c71f21e358b8e5e797e586cbc03160d58b,GRAVITON,fed-interest-rates-november-2024,P50,P50,P90,[0.80 - 0.97],189537155.167586,0xd59d03eeb0fd5979c702ba20bcc25da2ae1d9723,OK
0xccf25be5f62cb1e2fbdc6b0392aa50584e6e41b7,VECTOR,premier-league-winner-24-25,P90,P90,P90,[0.40 - 0.60],808665619.121059,0x675f929b91b968ef1f48dd6c130aa5d582739e0a,OK
0xcd3675803ac7c8242a83fd6ecdfe3d2239ae0f01,EXTRACTOR,f1-drivers-champion,BASE,BASE,P90,[0.97 - 1.00],159090251.150985,0xc963333aafdd66220b7137792343d58b3cec9084,OK
0xcd6482d6b4fd8f314384ad19f9e85ea0ce187445,GRAVITON,2026-ncaa-tournament-winner,P50,P50,P90,[0.80 - 0.97],27378307.673206,0x19e817ea63c639fec316f30f621acb15ca24f27f,OK
0xcd6be6693e2bc11150d397caa9e6f7c6744b68f5,EQUILIBRIUM,fed-decision-in-january,P70,P70,P90,[0.80 - 0.97],659499548.531115,0xc44aff8fcfd19fea2d11f9e2b1175fcf36bef6a6,OK
0xcd71fd5370880f3d92bb941e628c05840fe0d127,EQUILIBRIUM,fed-decision-in-july,P90,P90,P99,[0.80 - 0.97],136613627.403447,0xb62351d8f55932a40759a6fd5bf3a32f708bbc5b,OK
0xcd91a549956854fdc38efad7e80ff5da8f5432b8,GRAVITON,nba-champion-2024-2025,P90,BASE,P99,[0.60 - 0.80],1712132663.961605,0xa594b1462b936abea180e85401976663f5872f97,OK
0xcdae215927f04fb24fdf679f6c5923f6fb8ab808,ICARUS,what-price-will-bitcoin-hit-in-2025,P99,BASE,P99,[0.40 - 0.60],188753254.123653,0x05b3242bfd05a0f46fa97bbf4ae135eb795b71ed,OK
0xcdb1f1ef8213c06911e4ba6a884176c5571e276c,GRAVITON,will-crude-oil-cl-hit-by-end-of-march,P50,BASE,P90,[0.80 - 0.97],84160555.120290,0x8c24bb065e01c582a241f5ca77c9e7c94cde74b2,OK
0xce0ebbbfb38babb8951c413f77a6e7d543a90d92,GRAVITON,presidential-election-winner-2024,BASE,BASE,P99,[0.60 - 0.80],3686335059.295466,0xd93a1b4d998c8286f3e42bb60585b05da751f07a,OK
0xce66940dfe6dc18bc151d66d52a66eb2121bcc64,EQUILIBRIUM,us-x-venezuela-military-engagement-by,P70,P70,P99,[0.60 - 0.80],87408771.528641,0x82289e8b9a08a47ecac8b3f0192582a70a02f9b4,OK
0xce6d28f3ddddcfcde1b90683525d5a2759d16130,GRAVITON,presidential-election-winner-2024,P50,P70,P90,[0.40 - 0.60],3686335059.295466,0x2029068d4f77943cde423ca1bc7e8b4261a799da,OK
0xce866fbe3519fc4ef61a1ea4677eba61b5c4c0ce,EQUILIBRIUM,presidential-election-winner-2024,P70,P90,P99,[0.40 - 0.60],3686335059.295466,0xbaa2ebcd3daec4d5504ba714f654c340f387bf56,OK
0xce92cb6392091c79404c884426b895eef99d6e4b,EQUILIBRIUM,poland-presidential-election,P70,P70,P90,[0.20 - 0.40],128972884.206035,0x8e6208666428028f2af876a32264427ade1d7289,OK
0xcf0d7f69cf162918b33fc1ea7449583fa537132d,EQUILIBRIUM,pennsylvania-margin-of-victory,P90,P90,P90,[0.60 - 0.80],192916820.428426,0xc093b6a967b397f3875e31b49642b32a3b4b7245,OK
0xcf6a714618a328c608a1c70cb62a31a6bef3f9d0,GRAVITON,us-x-venezuela-military-engagement-by,P70,P50,P90,[0.80 - 0.97],87408771.528641,0x1eb35cbf443cb2d99465e2d8ec16931eafd68e89,OK
0xcf6e295f9cc9767eb5579c83177fc87676d4b45b,EQUILIBRIUM,next-president-of-south-korea,P90,P90,P70,[0.60 - 0.80],290745774.792026,0xa3743ffaf2b103029751a85601feac6b391a5ee0,OK
0xcf85229910b818881b7efe01423e289862ed8941,GRAVITON,presidential-election-winner-2024,BASE,BASE,P99,[0.60 - 0.80],3686335059.295466,0xd2eb6fd47811734e06a15b062239bed75c414aa4,OK
0xcfb183622c7922092bccef457ef801307de1ff1b,GRAVITON,presidential-election-popular-vote-winner-2024,BASE,P50,P90,[0.60 - 0.80],628163458.451128,0x37e3284b21b861c3735b5db1725bb32894294427,OK
0xcfdac27a4deacf1cdd26bd425dc68874ce97bede,EQUILIBRIUM,superbowl-champion-2025,P70,P70,P99,[0.40 - 0.60],1152274393.340837,0x87c583495756ee36cacb939c98d678b29395f2d3,OK
0xd0394bd0de8d901c3fde039a86bf08e6aa4a2532,INSIDER,speaker-of-the-house-for-the-119th-congress,P99,P99,P90,[0.00 - 0.20],188408380.572023,0xc8a1b077571371918476bbf9168afea58f0e868b,OK
0xd043d8bdca05c5f9ecdf75df3c6681ac74ca7e85,GRAVITON,presidential-election-winner-2024,BASE,P50,P90,[0.60 - 0.80],3686335059.295466,0xeaa1bbc89b9576ad1330c21f4b32ab7852140206,OK
0xd046e672e26d5f928b069d56c0fdb7802d63e564,SUBSTRATE,next-president-of-south-korea,BASE,BASE,BASE,[0.97 - 1.00],290745774.792026,0x57874605b4f3a1e6ffe18a2a96f5d49a4970b40f,OK
0xd04d631183d7568356f598a3c77181ec4ab6d0e5,SIGNAL,eurovision-winner-2025,P90,P90,P70,[0.20 - 0.40],105911052.705064,0xb94adf0c63401f1ea94fee767e907c31a8647958,OK
0xd0606a9f3547bbd12fd07d20175958c3ef0d44a5,GRAVITON,presidential-election-winner-2024,P50,P50,P99,[0.40 - 0.60],3686335059.295466,0x4bc3f7542db07c00d347ed574732069652769f6a,OK
0xd06f0f7719df1b3b75b607923536b3250825d4a6,EQUILIBRIUM,fed-interest-rates-november-2024,P70,P70,P90,[0.60 - 0.80],189537155.167586,0x79eca941f959ebaeed8eabe5c801209d60909e7d,OK
0xd0c042c08f755ff940249f62745e82d356345565,EQUILIBRIUM,presidential-election-popular-vote-winner-2024,P70,P70,P99,[0.20 - 0.40],628163458.451128,0xb6d7668f3f95c17dcdcc7e208f3456e8dd8a1507,OK
0xd0f1c48f7eb486764bd48eff644f7e66a73a6712,EQUILIBRIUM,what-price-will-bitcoin-hit-in-march-2026,P90,P90,P99,[0.80 - 0.97],99554303.753586,0x0a14b31eb69ee7bdde57a94456c9321d6a496818,OK
0xd1001f4ef07ee37774934a8bc0083185ef6b853d,GRAVITON,the-masters-winner-2026,P50,P50,P90,[0.60 - 0.80],126018047.396663,0xe5d968d1c469ef74b6406cdc4dc2adb2be84d507,UNVERIFIED_NO_PROFILE
0xd122bf241e4ce0ece88d67952a2caced3e124e82,SUBSTRATE,what-price-will-bitcoin-hit-in-2025,P50,P70,P50,[0.97 - 1.00],188753254.123653,0x9a1f910063665b05edc26d5747983e2c972a0003,OK
0xd189664c5308903476f9f079820431e4fd7d06f4,INSIDER,new-york-city-mayoral-election,P99,P99,P90,[0.00 - 0.20],429614415.023426,0x397a89e36d2004295c5de5e9698d96eb477f0c6c,OK
0xd1a463f77d45ac8b8e3f8ee4eac0032638a683ce,EQUILIBRIUM,nfl-mvp-1,P70,P70,P99,[0.60 - 0.80],182452890.884702,0x9afb704fbb0e9f3142f2c262e46828def2fe0b39,OK
0xd1acd3925d895de9aec98ff95f3a30c5279d08d5,SIGNAL,nba-champion-2024-2025,P90,P90,P99,[0.20 - 0.40],1712132663.961605,0x7ca5e8e735d1714104a534c9f39e2a29ab116139,OK
0xd1c769317bd15de7768a70d0214cf0bbcc531d2b,EXTRACTOR,super-bowl-champion-2026-731,BASE,BASE,P99,[0.97 - 1.00],704096822.722044,0xf73bb87fb912c55f1e8b1f11803407d875f03b39,OK
0xd1d7ea56e398d30462316c99a6c23247362b71dc,EQUILIBRIUM,lighter-market-cap-fdv-one-day-after-launch,P70,P70,P99,[0.60 - 0.80],106735062.224516,0xbf55d2d31c193e475d9d52006359f1fe51ecb7ce,OK
0xd1ecfa3e7d221851663f739626dcd15fca565d8e,EQUILIBRIUM,super-bowl-champion-2026-731,P70,P70,P99,[0.60 - 0.80],704096822.722044,0x7d8aa70e38d7f55dc811679649d0ad499941048f,OK
0xd1ed12197b7dc22dede923727e9b714024dbd7cb,INSIDER,romania-bucharest-mayoral-election,P99,P99,P70,[0.00 - 0.20],134249665.397437,0xbc46a41bd95de02abc8a143b0dd80148cf4a1d14,OK
0xd1f6675ce1d649c8eae972695fca44e6aaad4aec,PASSENGER,what-price-will-solana-hit-in-february-2026,BASE,BASE,P90,[0.97 - 1.00],14604192.801218,0xecd981f7658959789a85ebddc317a7da9843f4d8,OK
0xd218e474776403a330142299f7796e8ba32eb5c9,SIGNAL,fed-interest-rates-november-2024,P99,P90,P90,[0.00 - 0.20],189537155.167586,0xbd3889b704c75a6ad19d3d20bbcba388c3ac0b16,OK
0xd235973291b2b75ff4070e9c0b01728c520b0f29,GRAVITON,presidential-election-winner-2024,BASE,P50,P99,[0.60 - 0.80],3686335059.295466,0x11d73bd3623fce2b5b8c4c89c2d4331c59334510,OK
0xd25c72ac0928385610611c8148803dc717334d20,EQUILIBRIUM,winter-games-2026-most-gold-medals,P90,P90,P70,[0.60 - 0.80],17239832.858499,0xf2f33380a65763e15b6f34a9bd6a488a4d755e99,OK
0xd2678dc3b152a54900f28b0e849afe2049df9dc6,GRAVITON,poland-presidential-election,P50,P50,P90,[0.40 - 0.60],128972884.206035,0x1fb29d65fdb62965f33743930f3e55d419772b99,OK
0xd28bd093c04327746fb107d64d2cdaee0a83af39,GRAVITON,next-president-of-south-korea,P70,P50,P99,[0.80 - 0.97],290745774.792026,0x5901d91665463cceaf1a9368821b9fffbfe4f92e,OK
0xd31a2ea0b5f9a10c2eb78dcc36df016497d5386e,EQUILIBRIUM,presidential-election-popular-vote-winner-2024,P70,P70,P99,[0.20 - 0.40],628163458.451128,0x71921a63f64094c30a4aa3c252fb152e845bc974,OK
0xd34bf815245d5bcea098cb0ea17df360b5c50004,VECTOR,nfl-mvp-1,P90,P90,P90,[0.40 - 0.60],182452890.884702,0xfdade43259939699ae46762c261cc6429ae21ee2,OK
0xd3989ba133ab48b5b3a81e3dba9b37b5966a46d7,SIGNAL,nba-champion-2024-2025,P99,P99,P99,[0.20 - 0.40],1712132663.961605,0xa964e78a49a9b515f2f8c81033fe819631748409,OK
0xd3a6e523c440f94f9259398fbcf7b5cc5ccffd55,SIGNAL,popular-vote-margin-of-victory-in-presidential-election,P90,P90,P90,[0.00 - 0.20],124038744.446078,0x8399f0095b4ab0e6797f9dc7c17d53f71cd1b84d,OK
0xd3bae4c0e18556f88d1f683275d59821b097e793,SUBSTRATE,fed-decision-in-december,BASE,P50,BASE,[0.80 - 0.97],393905949.377453,0xe7c9c5a68b93752c10b93f0780090a64671dc6fd,OK
0xd4140031e313f8d850740a80d2ee6653c925a4db,EXTRACTOR,iran-x-israelus-conflict-ends-by,BASE,BASE,P90,[0.97 - 1.00],100611326.572539,0xbb75c8b6016cdb269959cc0c2472b6ad653eb385,OK
0xd426adbc3c4461c86099c26221c877f20e42334a,EQUILIBRIUM,will-crude-oil-cl-hit-by-end-of-march,P70,P70,P99,[0.40 - 0.60],84160555.120290,0x66653a8ad0d12ceac58f78a3ceb96843f0ecce9f,OK
0xd42f6a1634a3707e27cbae14ca966068e5d1047d,SIGNAL,nfl-mvp-1,P99,P99,P90,[0.00 - 0.20],182452890.884702,0xa9bcb16655739e2f2c3c6fa280e0c3a47e118b78,OK
0xd44e1d167666040a39a8eb58b6676ab027463212,EQUILIBRIUM,will-the-iranian-regime-fall-by-march-31,P70,P70,P70,[0.80 - 0.97],63229537.941050,0x8bf02b8d76de0b14181b77637dd87729de59d776,OK
0xd44e974a3edb232aa4aedbdcc59792b76a5f67e2,EQUILIBRIUM,us-x-venezuela-military-engagement-by,P70,P70,P70,[0.60 - 0.80],87408771.528641,0x7026736c124baefb7c2e0620538eb3185f43448c,OK
0xd456646742a36c1d92f0bacba8a38d5e69157e8f,GRAVITON,presidential-election-winner-2024,BASE,BASE,P99,[0.60 - 0.80],3686335059.295466,0x45796c74e1a6d9d6fd81984a850c04486029b0f3,OK
0xd46be610a32e5c6ee094977e3caf9ab89c525dab,INSIDER,stanley-cup-winner,P99,P99,P90,[0.00 - 0.20],249254121.669859,0x1bc43da65839b3b507f423f524cc11004bf031b1,OK
0xd49c4579bbc25d1d1a26a1976c9576d806c98150,BURNER,what-price-will-bitcoin-hit-in-2025,P70,BASE,P99,[0.97 - 1.00],188753254.123653,ERROR: no_contract_creation_tx_and_polymarket_profile_404,
0xd4b8bb3e5e56961f21d6d021c5c6e6a5165f5e11,EQUILIBRIUM,nfl-mvp-1,P70,P90,P99,[0.40 - 0.60],182452890.884702,0x09b98b9a8f250219d5a531a23cc31f29d0f05295,OK
0xd4c38e00d99e16f4799550bdbc76faa3606e899f,GRAVITON,presidential-election-winner-2024,BASE,P50,P99,[0.60 - 0.80],3686335059.295466,0xb3abe0777aa9685941e54744e704378b4b33eeaa,OK
0xd4f904ecac0ff22ac6601de6b972d4f8b6b4f619,EQUILIBRIUM,what-price-will-bitcoin-hit-in-january-2026,P90,P90,P99,[0.60 - 0.80],107746434.084592,0x3f4deb141a59131b441cc118d4845e19dfd9d57b,OK
0xd5196bdf50199e195c58a6aff2114cc0e455932c,EQUILIBRIUM,what-price-will-bitcoin-hit-in-march-2026,P90,P90,P90,[0.60 - 0.80],99554303.753586,0x6413ae42190bd417932fd140d0583ace1f056619,OK
0xd524aafb1ed72b2d53e58abc08cccd005e498b92,GRAVITON,presidential-election-winner-2024,BASE,BASE,P99,[0.60 - 0.80],3686335059.295466,0x790faf18e2648481ff37f57fb88255614f8cf4f0,OK
0xd5b2ac010d2452c6497ae7eebacca60c7112e006,EQUILIBRIUM,fed-decision-in-july,P90,P90,P99,[0.80 - 0.97],136613627.403447,0x6d8a17e1143ef853d182e0d9d149f6c36b4cad57,OK
0xd5b97d08ec6098407bfbf66c2786ccc9967fe44e,EQUILIBRIUM,will-the-iranian-regime-fall-by-march-31,P90,P99,P70,[0.60 - 0.80],63229537.941050,0x8ac6110044ee9a2a8169d41a266fbe8b9d4e2a54,OK
0xd5ccdf772f795547e299de57f47966e24de8dea4,EXTRACTOR,presidential-election-winner-2024,BASE,BASE,P99,[0.97 - 1.00],3686335059.295466,0x41dba017977c2cda569a843a9eba6c33cb38e3a0,OK
0xd5f52231d2af24bba8021dbd102c2bddfbefea4e,EQUILIBRIUM,what-price-will-ethereum-hit-in-february-2026,P90,P90,P90,[0.80 - 0.97],35823420.667874,ERROR: no_contract_creation_tx_and_polymarket_profile_404,
0xd604ab303e351a9c829606aa7184b9bfd375cb5f,EXTRACTOR,winter-games-2026-ice-hockey-gold-medal-winner,BASE,BASE,P99,[0.97 - 1.00],19541942.551562,0x227a76a0148f61f31198e91b5f94dbf83983fb6d,OK
0xd67ba35aef659c872377a5ac2becb7ada7f85780,INSIDER,elon-musk-of-tweets-february-10-february-17,P99,P99,P50,[0.00 - 0.20],23970691.191498,0xf898932c12fda3be723f36bad52d7d25e68374e3,OK
0xd68f18b3d24c1cc7e61dc9325aa6aeba59ba0a13,GRAVITON,presidential-election-winner-2024,BASE,BASE,P99,[0.60 - 0.80],3686335059.295466,0xc5cc70d1dfcfd94a7e5c360d0af9bd6aa5ae22c9,OK
0xd69be738370bc835e854a447f2a8d96619f91ed8,EQUILIBRIUM,what-price-will-bitcoin-hit-in-2025,P70,P90,P90,[0.80 - 0.97],188753254.123653,ERROR: no_contract_creation_tx_and_polymarket_profile_404,
0xd6a39cef30c927c4d57b5cc519f3a2d0332a9738,VECTOR,nba-champion-2024-2025,P90,P90,P90,[0.40 - 0.60],1712132663.961605,0xe29678e9e5c0b95cb8d58175180a7fca1effd7e5,OK
0xd6b6f6924341b00626e603240f799644d4b6342b,EQUILIBRIUM,ireland-presidential-election,P90,P90,P90,[0.60 - 0.80],152026239.339043,0x4301a40ac21733d2041fffe6fa58554c008cac50,OK
0xd6eef76188c7068719ac881460b7431e1ae137a2,EQUILIBRIUM,what-price-will-solana-hit-in-february-2026,P90,P90,P90,[0.80 - 0.97],14604192.801218,0xfc9575ea3e6dab36b2f137ed7605ba0fa5b126a2,OK
0xd6f44883f664d7dc963d8b89c5a0689fdd330566,PASSENGER,will-zelenskyy-wear-a-suit-before-july,P50,BASE,P70,[0.97 - 1.00],242231180.272023,0xd6f44883f664d7dc963d8b89c5a0689fdd330566,SELF_EOA
0xd7375270e4769d3cc31885773070a5f12d5bbe95,SIGNAL,us-x-iran-ceasefire-extended-by,P90,P90,BASE,[0.20 - 0.40],210137726.510791,0x55fa8a2f56333f1e384b2ca040090d59d5c4d8bc,OK
0xd748c701ad93cfec32a3420e10f3b08e68612125,EQUILIBRIUM,new-york-city-mayoral-election,P70,P70,P99,[0.80 - 0.97],429614415.023426,0xce81cce772d3a114336d5899206a66f077c83dbc,OK
0xd76218b4edaf16e334d298ecadb4e1cb8318a4e1,GRAVITON,presidential-election-winner-2024,P50,P70,P99,[0.40 - 0.60],3686335059.295466,0x2f2f93d1ebdcba9b6f8ed1123312c3eafbb6316c,OK
0xd776f0a066fd3014ecfac89cfd414440982bffeb,OPERATOR,the-masters-winner-2026,P50,P70,P50,[0.60 - 0.80],126018047.396663,0xfcf813373cc0447e737f09d1c6cb8d210b13675f,OK
0xd7a58948a0aba3015f057ab4ecc5bef039e47c26,EXTRACTOR,what-price-will-bitcoin-hit-in-march-2026,BASE,BASE,P99,[0.97 - 1.00],99554303.753586,0xaad238f7aea5538bcb2e094268249cd494586762,OK
0xd7b0032c7288cc0832d278b6ec520eb00b0dbd69,GRAVITON,new-york-city-mayoral-election,P50,P70,P90,[0.80 - 0.97],429614415.023426,0x29ef5833a2110a9b5265678a4f64c0803794855d,OK
0xd7eee5e918dc59fa32386a4ad8a89655946e9597,EQUILIBRIUM,what-price-will-ethereum-hit-in-february-2026,P90,P90,P70,[0.80 - 0.97],35823420.667874,0x7fb653f2f5a3ffa425f8e9a9efdff6778217ae26,OK
0xd7f85d0eb0fe0732ca38d9107ad0d4d01b1289e4,OPERATOR,fed-decision-in-december,P70,P70,BASE,[0.80 - 0.97],393905949.377453,0x02fa3f047b0388453443059267ee12ee8f316863,OK
0xd809c54478c5e50fe2aa20acccf0857baa0a6542,SUBSTRATE,the-masters-winner-2026,P50,P50,P70,[0.60 - 0.80],126018047.396663,0x40200d3d3026c6ca801664e4670045c7b755bc98,UNVERIFIED_NO_PROFILE
0xd80d312dc232eae240af118a9df95007ab70124f,EQUILIBRIUM,presidential-election-winner-2024,P70,P70,P99,[0.40 - 0.60],3686335059.295466,0x9e8b1e51c642f4c8b87c6ba11c53d516a218afc4,OK
0xd830027529b0baca2a52fd8a4dee43d366a9a592,EQUILIBRIUM,2026-ncaa-tournament-winner,P70,P70,P90,[0.60 - 0.80],27378307.673206,0xeff77afc0bf807d52d138cd10680dea8236d9666,OK
0xd863977ebd4c83f6bc39be0c30ee4ac994f8a129,GRAVITON,presidential-election-winner-2024,P50,P70,P99,[0.40 - 0.60],3686335059.295466,0x54e69d84c28591aa42652d64c7298b67035c80a7,OK
0xd87a4012b40aad76a870fed7d1976e9224dfd3b8,VECTOR,us-next-strikes-iran-on-843,P90,P90,P90,[0.40 - 0.60],56607533.530307,0xe1e8c82b181cd255f190d7ffb1a09e993367d24a,OK
0xd8c4d45000b7976d897ab79c21780e46faaa848d,ANOMALY,elon-musk-of-tweets-march-27-april-3,P90,P90,P90,[0.20 - 0.40],25093491.193389,0xc4cb9318314febabd0daf98dcca0f0651922ac97,OK
0xd915db7b0c05cb5649dc84ec06264bc118d01d54,PASSENGER,fed-decision-in-july,BASE,BASE,P70,[0.97 - 1.00],136613627.403447,0xce441386954b3e4275c5f2d32fffa620c6b335f8,OK
0xd961dd5107dc8cfbc95d26f3c9c9bac9264235de,GRAVITON,2026-ncaa-tournament-winner,P70,P50,P99,[0.60 - 0.80],27378307.673206,0xb7330a0e112ba2360ec2dd50928e2242b67ec3b5,OK
0xd98635c6bafebb11787bdbfd80688612d1bc1320,VECTOR,eurovision-winner-2025,P90,P90,P90,[0.40 - 0.60],105911052.705064,0x9c863051f8762d3c789a118b4701750b675ceb01,OK
0xd99f3bec8e060ada0aef0c4057695dd5bc22fcdc,EXTRACTOR,iran-x-israelus-conflict-ends-by,BASE,BASE,P90,[0.97 - 1.00],100611326.572539,0x5072c8ade979dd10ef02e19a17dbc9f0e3eb78f3,OK
0xd9a0cdd2f18d42f7cf0540d38036c597925288ee,EQUILIBRIUM,nba-champion-2024-2025,P90,P90,P99,[0.60 - 0.80],1712132663.961605,0xd4178f5d3c479ae9404e57b6f57ab95654be170f,OK
0xd9be4e8f031a5beaa1f0d29ceff2826e3cc91d98,GRAVITON,presidential-election-winner-2024,P50,P50,P90,[0.60 - 0.80],3686335059.295466,0x7b2c6bd7d02af1b250703e8d8a0dbe1fa089c364,OK
0xd9e0aaca471f489be338fd0f91a26e8669a805f2,EQUILIBRIUM,nfl-mvp-1,P70,P70,P90,[0.40 - 0.60],182452890.884702,0x7b0428e6286eea563b5bc4c5a876fcc7b8b7bd29,OK
0xda0f4e3f79a50b8601b3cb9d421f48ce11bbf0e7,EQUILIBRIUM,lighter-market-cap-fdv-one-day-after-launch,P99,P70,P90,[0.20 - 0.40],106735062.224516,0xbaf6913bceb640aa425485fa591c0d8b7e545b3c,OK
0xda475f640892d0014c086b7e4f25317f5778f40a,EQUILIBRIUM,nba-champion-2024-2025,P90,P90,P99,[0.80 - 0.97],1712132663.961605,0xe82ca6026ca30dcb33f7c9c8b624707e124211bf,OK
0xdaad6f960d507dba148c1ff908db5a28743169cc,EXTRACTOR,superbowl-champion-2025,BASE,BASE,P99,[0.97 - 1.00],1152274393.340837,0x901ef11ae3a84e7388f8f40ddb1525fffdffa3e2,OK
0xdac862d4677cf9316a508978578c688a24ddeb85,GRAVITON,new-york-city-mayoral-election,P50,BASE,P99,[0.80 - 0.97],429614415.023426,0x9cb59cb03f59be2fff1ee0f0a360a2c96e21d0a5,OK
0xdaef2be2a19ad331737d06545f85615b094554e9,EQUILIBRIUM,will-the-iranian-regime-fall-by-march-31,P90,P90,P90,[0.60 - 0.80],63229537.941050,0x4cb05c3a42937b1074e607ce5ec788a85b243344,OK
0xdb27bf2ac5d428a9c63dbc914611036855a6c56e,SIGNAL,super-bowl-champion-2026-731,P90,P90,P99,[0.20 - 0.40],704096822.722044,0x82868825cf28367b415da2603e7575f331acc35c,OK
0xdb38fc28f56b059124e324a65461cd0db50ece37,GRAVITON,presidential-election-winner-2024,BASE,P50,P99,[0.60 - 0.80],3686335059.295466,0xa0e3b50f62cdb26056b53434f91a4b6299518630,OK
0xdb45465e6ffd7f6ac5e4b13bf0718c438bb3b5d6,VECTOR,what-price-will-bitcoin-hit-in-march-2026,P90,P90,P90,[0.40 - 0.60],99554303.753586,0x7a6ea2aba7286439204ec4ab1697e6e7f5e3ee9a,OK
0xdb5ad26b68d77ae966d29e7180147272ab7a3965,EQUILIBRIUM,what-price-will-bitcoin-hit-in-2025,P70,P90,P90,[0.60 - 0.80],188753254.123653,0x84823af4b9313ce08be739d370153b1ddbb9c63a,OK
0xdb8d7baf8a05fb0d36f7405a64a37255752e5a52,GRAVITON,presidential-election-winner-2024,BASE,BASE,P99,[0.60 - 0.80],3686335059.295466,0xdb8d7baf8a05fb0d36f7405a64a37255752e5a52,SELF_EOA
0xdbade4c82fb72780a0db9a38f821d8671aba9c95,EQUILIBRIUM,super-bowl-champion-2026-731,P70,P90,P99,[0.60 - 0.80],704096822.722044,0x00f0487ba7512f50511af0856d945a5858c72b97,OK
0xdbb9b3616f733e19278d1ca6f3207a8344b5ed8d,EQUILIBRIUM,nba-champion-2024-2025,P90,P90,P99,[0.60 - 0.80],1712132663.961605,0xef1ce77c598ca7c20f817d3c5f86b90d147d4afc,OK
0xdc03d611e5bcc9f1c87edb95edeb91671471804c,EQUILIBRIUM,will-the-iranian-regime-fall-by-march-31,P90,P90,P90,[0.60 - 0.80],63229537.941050,0x1614d0205df87198ba76210f48bf70ba2c95a1fc,OK
0xdc09c0fdf3e8b550faaaa96e0e7c74ef938a9024,GRAVITON,will-there-be-another-us-government-shutdown-by-january-31,BASE,BASE,P90,[0.80 - 0.97],157296576.448084,0x88ea20a57eab5d34872b18b2e0b66bc596344f22,OK
0xdc26d7776929e9c84a3d9651e13260dece6f7e7d,VECTOR,will-crude-oil-cl-hit-by-end-of-march,P90,P90,P70,[0.40 - 0.60],84160555.120290,0x275e8464a843b938809a00fbd3031d60e9c6e592,OK
0xdc6376fbd799e9f328bb1843ad55b7917fc5f8bf,PASSENGER,what-price-will-bitcoin-hit-in-january-2026,BASE,BASE,P90,[0.97 - 1.00],107746434.084592,0x3c4d058d26ac4b868e7470b106cce9ae4b638012,OK
0xdc767c90ec054dd8250cf27cb4b2f675c9807842,EQUILIBRIUM,lighter-market-cap-fdv-one-day-after-launch,P90,P70,P90,[0.40 - 0.60],106735062.224516,0xd266390cce06ef5d3e1dca95e16d677b474672db,OK
0xdc9986ee952b74bc5bd36ef03dff16b02b2dede8,PASSENGER,what-price-will-bitcoin-hit-in-2025,BASE,P50,P50,[0.97 - 1.00],188753254.123653,0xea2ce96194ed3327e49a15469c14d22a26d184bd,OK
0xdc9ca7e8803ef19fd0e4b867da14f4793b7ffb00,EQUILIBRIUM,fed-decision-in-october,P90,P99,P90,[0.60 - 0.80],252485550.016563,0x9a3b43322d131bdc9b658676516bdd720af597c1,OK
0xdcd669c506a938bae9269a84b8bd2bdb220484cd,EXTRACTOR,fed-decision-in-january,P50,P50,P99,[0.97 - 1.00],659499548.531115,0xbe492e66494f051e0d7d0db8d4a71c1f90081032,OK
0xdd225a03cd7ed89e3931906c67c75ab31cf89ef1,EQUILIBRIUM,nfl-mvp-1,P90,P70,P90,[0.40 - 0.60],182452890.884702,0xcdec3da157208dde907a0c65727c4e4e53b116a9,OK
0xdd2dcebc3a85e8e7f986143446b13f91cb8e84e6,EXTRACTOR,elon-musk-of-tweets-february-3-february-10,P50,P50,P90,[0.97 - 1.00],30207146.519795,0xe6c6edff2306c8c10440415a799546621b8bf647,OK
0xdd54538fc93ad3dbb64afc26554c20c6f6c8b245,EQUILIBRIUM,will-there-be-another-us-government-shutdown-by-january-31,P70,P90,P70,[0.40 - 0.60],157296576.448084,0x70de11a0fc48b37edeb8c9e53e5c56fa17595a33,OK
0xdd8184551f4b3fca3fc780d4d1c6342d7c2d9640,SUBSTRATE,the-masters-winner-2026,P50,P50,BASE,[0.60 - 0.80],126018047.396663,0x70534c8f71aae8ce92952101be5d696182780c6c,OK
0xdd9c961288a032098076267bd665d407dac231a0,EQUILIBRIUM,fed-decision-in-january,P90,P90,P99,[0.60 - 0.80],659499548.531115,0x089f8165683d0343b58f6cdd9ddac6b79705408b,OK
0xdde191011bf40e8609b9ccc954327d533567ea9b,EXTRACTOR,will-zelenskyy-wear-a-suit-before-july,BASE,BASE,P90,[0.97 - 1.00],242231180.272023,0xc450e2c624f0b1109abcaf6e8dc6ff9283707ccc,OK
0xddff18c9e86262e62af046d818dda0c3de6f52d6,EQUILIBRIUM,fed-decision-in-january,P70,P70,P99,[0.80 - 0.97],659499548.531115,0x7a81e82e90abb8d4e7c8f3151c8eccede8e7250b,OK
0xde0463ea7f611b065e8ab06bbfbddad75e6dfa37,EQUILIBRIUM,fed-interest-rates-january-2025,P90,P90,P99,[0.80 - 0.97],190915049.199301,0xff9190b69e20ee1c74371ed957964c31047b839d,OK
0xde17f7144fbd0eddb2679132c10ff5e74b120988,EQUILIBRIUM,what-price-will-bitcoin-hit-in-march-2026,P90,P90,P99,[0.80 - 0.97],99554303.753586,0x69d5bd331c5d666215d375778e0c0054cf452ca5,OK
0xde7be6d489bce070a959e0cb813128ae659b5f4b,VECTOR,what-price-will-bitcoin-hit-in-march-2026,P99,P90,P99,[0.40 - 0.60],99554303.753586,0x05b33f304ae623709832ee7fcc7de9dc5692e59a,OK
0xdf17f4a8dd01a4cfa6fc3da323a2baee5f8697d1,VECTOR,nba-eastern-conference-champion,P90,P90,P90,[0.40 - 0.60],287395629.769278,0x92b065ad98bedd0a99563930e6ac7541fac3bab4,OK
0xdf2e12c6a53671d0b08f29d0391728097029ddec,EQUILIBRIUM,fed-decision-in-july,P90,P90,P99,[0.80 - 0.97],136613627.403447,0xad91b3b7e5be7c97ab597f6d9f86718006df7b49,OK
0xdf6da574f8b0c0ce5e01ddb1c5a49b87993e9c5c,SIGNAL,what-price-will-bitcoin-hit-in-2025,P99,P99,P90,[0.20 - 0.40],188753254.123653,0xd5179a536b460e58eb1104b6c380b201297bbb40,OK
0xdfe3fedc5c7679be42c3d393e99d4b55247b73c4,EQUILIBRIUM,next-president-of-south-korea,P90,P90,P99,[0.80 - 0.97],290745774.792026,0xeaf1a98f70aa0f7197a09d834051e9bbc73109bd,OK
0xe013362bceda65cbc7c146aa3f7a32ad078468f8,GRAVITON,presidential-election-winner-2024,BASE,BASE,P99,[0.80 - 0.97],3686335059.295466,0x3134c7d0a8178c0f3b8d9c8f360e0177f8910229,OK
0xe02c5438dfb907d5ac4cbf3967b45d14e4ed5d08,EQUILIBRIUM,us-x-venezuela-military-engagement-by,P90,P70,P90,[0.40 - 0.60],87408771.528641,0x49b5fffed83583562537a1a77ca0419ab0e8f31e,OK
0xe0368af7f5777989b927b7ad0d420562fee8616c,GRAVITON,tiktok-banned-in-the-us-before-may-2025,BASE,P50,P90,[0.80 - 0.97],119653357.735965,0x9b369077125251344630ecfa7d15972a0d68ef2f,OK
0xe0f1e7751df4035f78a5eb2f4296c98b4d5bc4bd,SIGNAL,what-price-will-bitcoin-hit-in-january-2026,P90,P90,BASE,[0.00 - 0.20],107746434.084592,0x62e4cb6946418b83194b63b9798d20ae219e55e1,OK
0xe103707480b4f1625bce4084795f91ac503459fd,GRAVITON,fed-decision-in-september,P70,P50,P90,[0.80 - 0.97],220591460.745363,0x3e0c329f22d4ddfb3ffdc90a1a46d7aa48d19910,OK
0xe1055b4b4c1342281bf5cba7d18074f8126f9cb3,GRAVITON,next-prime-minster-of-canada,P70,BASE,P99,[0.60 - 0.80],120985208.028161,0xd8c81c37c6bc638ffeb21c87946325021d42cc3c,OK
0xe10a19c32e25fd63bb290e5204c2535eb29064cb,EQUILIBRIUM,presidential-election-winner-2024,P70,P90,P99,[0.40 - 0.60],3686335059.295466,0x6d8db35bc58c9cc930b0a65282e96c69d9715e06,OK
0xe153f01aa2cdb10b1ad775f5d3ae60f65ed6e415,GRAVITON,2026-ncaa-tournament-winner,P50,P50,P90,[0.80 - 0.97],27378307.673206,0x00b63dd2146bc9f49b2d6e08a719ff0a987b29ec,OK
0xe154165732b79548f7533fc45168b102dd7a0b7f,SIGNAL,highest-grossing-movie-in-2025,P99,P90,P90,[0.00 - 0.20],124618231.928837,0xd1640a6e1d07788383cbb0213cb21794938f6ef6,OK
0xe19125dcc086f6f0097a9516b35626b4a8abaca4,PASSENGER,fed-decision-in-january,BASE,BASE,P50,[0.97 - 1.00],659499548.531115,0x4f9a1a1ac8078588195e2ad5b8ceadced8db48fd,OK
0xe1b361d6a6f237b9ed7534d19b232df8369e1426,EQUILIBRIUM,fed-decision-in-july,P90,P90,P90,[0.80 - 0.97],136613627.403447,0x2c5e3cc2566285a006838ea850736184e76a26d2,OK
0xe1e27a12e5aa338a39fd9787adf507aec8130abe,SIGNAL,fed-interest-rates-january-2025,P99,P99,P99,[0.20 - 0.40],190915049.199301,0xea032fed3a6c81257b943170bc8ad346de2a0612,OK
0xe1e7036279433715711a65fc3254a8af558c5fb6,GRAVITON,presidential-election-winner-2024,P70,BASE,P99,[0.40 - 0.60],3686335059.295466,0xf6fb8d57ae8e56dc97e807a4aea0ccec6e36581c,OK
0xe1e75b51779e5f65ac4c5375c846e256082d12fe,ANOMALY,superbowl-champion-2025,P70,P70,P70,[0.40 - 0.60],1152274393.340837,0xbf738c6f83de726369c1596261e90c1c404eb0e3,OK
0xe20a1538293903b746ffe6c4ce2d5c3c0300e469,EQUILIBRIUM,super-bowl-champion-2026-731,P70,P70,P99,[0.60 - 0.80],704096822.722044,0x3dedd9f6d78c2f6ba07de2481e197743c0e1b475,OK
0xe24838258b572f1771dffba3bcdde57a78def293,EQUILIBRIUM,electoral-college-margin-of-victory-in-the-2024-presidential-election,P70,P70,P90,[0.80 - 0.97],116208770.606470,0x6d9ff8849e9dd14d5afc13cf3519965875d5d7b5,OK
0xe25b9180f5687aa85bd94ee309bb72a464320f1b,EQUILIBRIUM,highest-grossing-movie-in-2025,P90,P90,P99,[0.60 - 0.80],124618231.928837,0x2e83667ba31bd98cc3cb87293915f0ae324bc3bd,OK
0xe25e65e2bcdd9a64a4813397d84e464d49f00aa5,GRAVITON,presidential-election-winner-2024,BASE,BASE,P90,[0.60 - 0.80],3686335059.295466,0xd58ec19165435f7eda7b471fc842274a7626b364,OK
0xe2b1fc269d0c2e27da11fadd1d9596fe28227d2a,SIGNAL,highest-grossing-movie-in-2025,P90,P90,P99,[0.20 - 0.40],124618231.928837,0xf6bf410d1d1eb17fc4ab8e78b206892af81e1554,OK
0xe2f028d6cb7dfde9a4b5099b9b1ad392df0590fa,EQUILIBRIUM,poland-presidential-election,P70,P70,P90,[0.20 - 0.40],128972884.206035,0x7e14b56f24d8183365aa47e2fa57b42b88477561,OK
0xe3726a1b9c6ba2f06585d1c9e01d00afaedaeb38,INSIDER,nba-champion-2024-2025,P99,P99,P90,[0.00 - 0.20],1712132663.961605,0x5945c61ba66b770af2676022a883395a573e3d94,OK
0xe3ae7670827d2100beee9223a9a38dd16bfa440e,EQUILIBRIUM,portugal-presidential-election,P70,P70,P90,[0.80 - 0.97],136469386.189704,0x9b131fbb8d346a2ad85508d1fd891426000041a8,OK
0xe40172522c7c64afa2d052ddae6c92cd0f417b88,GRAVITON,the-masters-winner-2026,BASE,BASE,P99,[0.80 - 0.97],126018047.396663,0x2f068856a959490d0734faf78ed95967a254f3e8,OK
0xe40ea00e74059c76c0035c919ef6b99c3e25a94d,EQUILIBRIUM,what-price-will-solana-hit-in-february-2026,P90,P90,P99,[0.80 - 0.97],14604192.801218,0x77656bd9871e2afb077e931798256c24b99f7f13,OK
0xe425c212da67b7e65635343e29ef212565dc6155,OPERATOR,germany-parliamentary-election,P90,P90,P50,[0.80 - 0.97],134617984.549357,0xc7adb2712ed12eb12b9d9b1ac17c8c16b1d627f1,OK
0xe43c7b9adddeaf01ba16bc3c5b27f034407801ad,GRAVITON,presidential-election-popular-vote-winner-2024,P70,P50,P99,[0.20 - 0.40],628163458.451128,0x88e994b0fa902ea2030ba702f5f7bfe568e78b56,OK
0xe4cfbb89c05d3429280c69969aee2cfb7a4678c4,INSIDER,which-company-has-the-best-ai-model-end-of-february,P99,P99,P90,[0.00 - 0.20],22455001.857654,0xd36fb1ca2594ffdf4a09e64f070deee393965a71,OK
0xe4d38496a46e4bfd2036d4e9389a955595d6c2f0,GRAVITON,2026-ncaa-tournament-winner,P50,P50,P90,[0.80 - 0.97],27378307.673206,0x20a46c09f476339edeb23ed84291cbef4511b2f1,OK
0xe4f84ae8aca2b370e7eef7519a40364b9d052b68,SUBSTRATE,the-masters-winner-2026,BASE,BASE,P50,[0.80 - 0.97],126018047.396663,0xd00257e46e6f97328cfe7465c1257c4220e865e7,OK
0xe529bca3ba9ab80b3d8fb3fc1e657521f64be7b1,GRAVITON,next-president-of-south-korea,BASE,BASE,P99,[0.80 - 0.97],290745774.792026,0x7f414bdff45ff922fd5cde279ed1ba25eb7c5a2d,OK
0xe52c0a1327a12edc7bd54ea6f37ce00a4ca96924,EQUILIBRIUM,fed-decision-in-july,P90,P70,P99,[0.80 - 0.97],136613627.403447,0x1fcccf65ddbe4b791362c74e93c1155fed842e5b,OK
0xe5416e0f10088e4c59f2a8e686cdb8aba7dbd45d,INSIDER,which-crypto-company-will-zachxbt-expose-for-insider-trading,P99,P99,BASE,[0.00 - 0.20],39650755.318580,0x8d12b059170e50201c2b94d22a8d7aad411a3325,OK
0xe542afd3881c4c330ba0ebbb603bb470b2ba0a37,EQUILIBRIUM,2025-national-heads-up-poker-championship-winner-845,P90,P70,P90,[0.60 - 0.80],235976211.664435,0xd9c9875a754fe8f06c57b9da84265d07129ec24a,OK
0xe55108581aec68af7686bd4cbc4f53ef93680a67,VECTOR,lighter-market-cap-fdv-one-day-after-launch,P90,P90,P99,[0.40 - 0.60],106735062.224516,0xfc2a87acc2db072e6d376cbe6755cd8b5872264c,OK
0xe598435df0cdf5d22bdd5082d557f75f9180a0a8,GRAVITON,lighter-market-cap-fdv-one-day-after-launch,P90,BASE,P90,[0.40 - 0.60],106735062.224516,0x86cc5e1e8fb20102fa7a0fa4afeaf1cbe1be273d,OK
0xe5a565a0564dc54159e503ca74925835f00585c3,EQUILIBRIUM,presidential-election-winner-2024,P70,P70,P99,[0.40 - 0.60],3686335059.295466,0x3dc23daa3b90b6b975fdbd9ce118f2ea6e6c3316,OK
0xe5b0a2b38390fd47bb7174580e7c40c0bc81be26,GRAVITON,fed-decision-in-september,P50,P50,P99,[0.80 - 0.97],220591460.745363,0x6e4dc0e7cda8360436cb863f6b1b2e816e38c323,OK
0xe6299886c39b1c0724b797a576b6c0d8908c4b09,EQUILIBRIUM,2026-ncaa-tournament-winner,P70,P70,P90,[0.60 - 0.80],27378307.673206,0x701b40a5f20d2d89391daccbe22aae54e21a87c4,OK
0xe639e41094bbeae18f3e6d1790c17299183f082a,EQUILIBRIUM,fed-decision-in-january,P70,P70,P99,[0.80 - 0.97],659499548.531115,0xe1f4514ed0f07f2a395aec1ded286ebcb3a96f32,OK
0xe6535d86446728d567f4929557c2c4eb3cdbc4a7,EQUILIBRIUM,2026-ncaa-tournament-winner,P70,P70,P90,[0.60 - 0.80],27378307.673206,0x6c112238bc02395fea76cec47c71adac2d937eb1,OK
0xe6c9eee27de792a9fdcdd322822452625d0f975e,GRAVITON,will-crude-oil-cl-hit-by-end-of-march,P90,P50,P90,[0.20 - 0.40],84160555.120290,0xa232c853563bdd4d002d3af2cda7121303c1bb16,OK
0xe732156a2d84cdfb4de831d3f11a22899e49898f,BURNER,us-x-venezuela-military-engagement-by,P50,BASE,P90,[0.80 - 0.97],87408771.528641,0xf37e1bfb7072a119752aac06ea603c6e6a5d6f0d,OK
0xe734e7bf7cfb9e464681f71822f6c2f6be514f0c,GRAVITON,will-crude-oil-cl-hit-by-end-of-march,P70,P50,P99,[0.60 - 0.80],84160555.120290,0x3c9e02c6728dea095bf7837315995ed8ca8a8cf7,OK
0xe7387473b067235436884d16799777cf279edf65,EQUILIBRIUM,us-next-strikes-iran-on-843,P90,P90,P90,[0.80 - 0.97],56607533.530307,0x6b9439c550dbf152f18a8292ebd9ddbc41f81fed,OK
0xe74995389bfc1c24ca656e6c2502c1fca757f771,GRAVITON,presidential-election-winner-2024,BASE,BASE,P99,[0.60 - 0.80],3686335059.295466,0x99340948c8931705d6443748f092272954b9f443,OK
0xe75c5abf0647d8b2b1f5a8f64f3387d7311df6c2,GRAVITON,next-prime-minster-of-canada,P70,P50,P90,[0.60 - 0.80],120985208.028161,0x568eef6097fe9b83bc628ea2ef54d93bda9635ec,OK
0xe83cc0c82d009a1c349c1a89feaadfcee9655e8f,EQUILIBRIUM,nba-champion-2024-2025,P90,P90,P99,[0.60 - 0.80],1712132663.961605,0x6a23d6259cd93e4a0f92a0ecb057df492ad2f2ae,OK
0xe899b5ea69afb161da7a35597b6fe70398860899,GRAVITON,will-zelenskyy-wear-a-suit-before-july,P50,P70,P90,[0.80 - 0.97],242231180.272023,0x78d8e8807f652b54afe33b7645a26c5ffae5291c,OK
0xe8dd21003e7bd102a90ed6817e38afcb58a4b684,GRAVITON,presidential-election-winner-2024,BASE,P50,P99,[0.60 - 0.80],3686335059.295466,0xf116a348dee2051828b9297dadd8db44c9149b98,OK
0xe8dd7741ccb12350957ec71e9ee332e0d1e6ec86,ANOMALY,which-company-has-the-best-ai-model-end-of-february,P99,P99,P99,[0.00 - 0.20],22455001.857654,0x0001a477dfa60f2f0b5309579ea1aec04e022625,OK
0xe90bec87d9ef430f27f9dcfe72c34b76967d5da2,EQUILIBRIUM,what-price-will-bitcoin-hit-in-february-2026,P90,P70,P99,[0.80 - 0.97],121274308.347870,0x648dca4238c85245e4a3b374f331f224d97afbe6,OK
0xe9514aa0b925353ea0d5e32978d636ec25ebde18,EQUILIBRIUM,fed-decision-in-january,P90,P90,P99,[0.80 - 0.97],659499548.531115,0xf2796d61a947dc14a2f4ed748232978a769bb2d0,OK
0xe97c911cd8b43d8ba649d5b65a9261de61da2a99,SIGNAL,fed-decision-in-december,P99,P90,P90,[0.20 - 0.40],393905949.377453,0xa299a9b404a22fcdceeb48905a4574f50adff082,OK
0xea2b4224411e723499a803ce3f4758779fb31fc6,GRAVITON,winter-games-2026-ice-hockey-gold-medal-winner,P50,P50,P90,[0.40 - 0.60],19541942.551562,0x78f075bd383e81ae11a68e5a8a9ffec73cad7928,OK
0xea2f794a7f0ce05e4bbd357b3ccbb3bd2048a8ef,EQUILIBRIUM,poland-presidential-election,P90,P70,P90,[0.00 - 0.20],128972884.206035,0xf0421be5d4b692e752f67f0e697663f30a2191e5,OK
0xea40ad86cd24d518b7ffbbe6a3a01a299e5d05a7,SUBSTRATE,fed-decision-in-september,BASE,BASE,BASE,[0.97 - 1.00],220591460.745363,0x66d908e7bbfc770368c05ecd773799a28ba1b30b,OK
0xea45124c26c5fe50ab6d7786776b47f42da7284c,EQUILIBRIUM,new-york-city-mayoral-election,P70,P70,P99,[0.80 - 0.97],429614415.023426,0xae35a2544e463bffcc0629b6a81e236c099a74c8,OK
0xead152b855effa6b5b5837f53b24c0756830c76a,EQUILIBRIUM,2026-ncaa-tournament-winner,P70,P70,P99,[0.40 - 0.60],27378307.673206,0x3dd96e9c5822fa4d2faa935d13d809f2dbaab961,OK
0xeae71b3df17b5c45e67b63cd271ac077657b1884,EQUILIBRIUM,nba-champion-2024-2025,P90,P90,P99,[0.80 - 0.97],1712132663.961605,0x88b3f073839cd384afa3b01921c69329f4beb52e,OK
0xeb19c2a1b57784c90a4c1b9aa65cff5587f5534f,EXTRACTOR,fed-decision-in-december,BASE,BASE,P99,[0.97 - 1.00],393905949.377453,0x0b780e8601ea6dabf142915da6005fca238ae9a1,OK
0xeb25989daa631877d17d5555a3386e2cd73523e1,VECTOR,presidential-election-winner-2024,P90,P90,P99,[0.40 - 0.60],3686335059.295466,0x0c67f4ffc902140c972ecab356c9993e6ce8caf3,OK
0xeb4ada4cce58bf9e14c4ebd913dffb6451d94ef5,GRAVITON,fed-decision-in-september,P50,P50,P90,[0.80 - 0.97],220591460.745363,0x417ff1812d0cfe82f8e45d98de7612b57cec1e52,OK
0xeb504e30a56b99a50edfcb0e74a1f5a707b7be06,GRAVITON,presidential-election-winner-2024,P50,P70,P99,[0.40 - 0.60],3686335059.295466,0x6076908d835ddaaef6baaa7e3e0afd5ea00de09c,OK
0xeb6f0a13ea8c5a7a0514c25495adbe815c1025f0,EQUILIBRIUM,fed-decision-in-july,P90,P90,P99,[0.80 - 0.97],136613627.403447,0x646cbb2603715f55a95bc3fbefb346869257ca8c,OK
0xebc0df15e665da95bf819105b723ae90042ffa41,VECTOR,us-next-strikes-iran-on-843,P90,P90,P90,[0.40 - 0.60],56607533.530307,0x422ffd2c4f539b25fc026ea0a9554f202c10ac27,OK
0xec981ed70ae69c5cbcac08c1ba063e734f6bafcd,EQUILIBRIUM,fed-decision-in-january,P70,P70,P90,[0.80 - 0.97],659499548.531115,0x8e0220a6bd69eefc1770356dea911dc4853a28d4,OK
0xecaa8806a9a05049d7d5260a33dc924220e377a9,EQUILIBRIUM,will-the-iranian-regime-fall-by-march-31,P90,P99,P90,[0.60 - 0.80],63229537.941050,0x0f99b5289f433ebd6328579f5bfcaf63b0e44a95,OK
0xecb14ac6e9ca447ce2f2912e6217b43d7b655da3,SIGNAL,2026-ncaa-tournament-winner,P90,P90,P90,[0.00 - 0.20],27378307.673206,0xddebe6122c7e945de6f68a4a4c81db1e2ee00e00,OK
0xecdbd79566a25693b9971c48d7de84bc05f7da79,SIGNAL,fed-decision-in-january,P99,P99,P90,[0.20 - 0.40],659499548.531115,0x47e72a14b695174062396a3d7d91f109ce672e20,OK
0xed0d43dbd058832f23a867b4a99598f6c35b9716,EQUILIBRIUM,lighter-market-cap-fdv-one-day-after-launch,P70,P70,P99,[0.60 - 0.80],106735062.224516,0x7050a9abd4f06372247d19c39e5d718636f35fff,OK
0xed107a85a4585a381e48c7f7ca4144909e7dd2e5,EQUILIBRIUM,highest-grossing-movie-in-2024,P70,P70,P99,[0.80 - 0.97],117998294.611533,0x07b0e21ff4a623c20a9042ab89c9641dedfcf528,OK
0xed2239a9150c3920000d0094d28fa51c7db03dd0,EQUILIBRIUM,presidential-election-popular-vote-winner-2024,P70,P70,P99,[0.20 - 0.40],628163458.451128,0x5f9faaa506bd6037c0c32d38fadece6624238026,OK
0xed86912d93902c91269507405945e114adda7240,GRAVITON,2026-ncaa-tournament-winner,P50,P50,P90,[0.80 - 0.97],27378307.673206,0xb597aa66be6d1797d82580900a6aca81557a8858,OK
0xedc0f2cd1743914c4533368e15489c1a7a3d99f3,VECTOR,us-x-venezuela-military-engagement-by,P90,P90,P90,[0.40 - 0.60],87408771.528641,0xde31ea82c8bb9b7bdd0858db93b741528bc84618,OK
0xedc8b2023897dad9df5b2f47ce79b2cdf1b6cca9,BOT,fed-decision-in-march-885,P90,BASE,P99,[0.80 - 0.97],260075340.359646,0x463418af3a9a1bc2281dfb381662ea798ba0968c,OK
0xee00ba338c59557141789b127927a55f5cc5cea1,EQUILIBRIUM,new-york-city-mayoral-election,P90,P90,P90,[0.80 - 0.97],429614415.023426,0xd77850aae118dbc2d910687cc03a7a50bec4b496,OK
0xee035898c9ec311c6692e08b465ea388380c3eea,EQUILIBRIUM,nba-champion-2024-2025,P90,P90,P99,[0.80 - 0.97],1712132663.961605,0x5872f790bc4593d9276585de9c78948e1a9f7fec,OK
0xee50a31c3f5a7c77824b12a941a54388a2827ed6,GRAVITON,new-york-city-mayoral-election,P50,P70,P99,[0.80 - 0.97],429614415.023426,0xaf6ccd55faa9f977f13fbfab6f9ec81dc2028062,OK
0xee67f4f549180f564dd5910b1024b8c6729cef38,BURNER,new-york-city-mayoral-election,BASE,BASE,P99,[0.97 - 1.00],429614415.023426,0x704c8c855765b4c053cc2dc02b3f318caf2ab732,OK
0xee7ec0c06756a89a5f94b47c0733e00b9cf051a6,SUBSTRATE,what-price-will-bitcoin-hit-in-february-2026,BASE,BASE,BASE,[0.97 - 1.00],121274308.347870,0x4f46e582b86cfdd470b684a2529670bfaaefa90f,OK
0xeec50edede5d961efb02e20bfd3275dd1e7fb6fe,EQUILIBRIUM,fed-decision-in-july,P70,P70,P90,[0.80 - 0.97],136613627.403447,0x9ce9685bbe50a1858babf7cdb90d52544d58d5b7,OK
0xeede126b67fc64bc36ca5adea94531ebb3708a73,GRAVITON,presidential-election-winner-2024,P50,P70,P90,[0.40 - 0.60],3686335059.295466,0xc58b007becbbe6cbad7bbb88b7ac06372fae29f0,OK
0xeee92f1cc6d6e0ad0b4ffda20b01cf3678e27ecb,EQUILIBRIUM,what-price-will-bitcoin-hit-in-january-2026,P90,P70,P99,[0.60 - 0.80],107746434.084592,0xde3ef61b5c36b58d2d9d888b345f21134a43f1f4,OK
0xeeee195c07ba174097d4a42bb3b5731b83f99293,EXTRACTOR,fed-decision-in-january,P50,P50,P99,[0.97 - 1.00],659499548.531115,0xbe3c20a9763b06abe9313c2e12eb9f2f5df3836d,OK
0xefc9eee85df4347def52da9fdfbfe04b7232b337,VECTOR,super-bowl-champion-2026-731,P90,P90,P99,[0.40 - 0.60],704096822.722044,0xda45544897f6b1675300a953582df7e81353d763,OK
0xf0b0ef1d6320c6be896b4c9c54dd74407e7f8cab,GRAVITON,stanley-cup-winner,P90,BASE,P99,[0.80 - 0.97],249254121.669859,0xc699c422e14eccf55d027ed89aab311006071c44,OK
0xf0ca28d5b0141f0a8e7b251dea80fd881cb166ed,SIGNAL,la-liga-winner,P90,P90,BASE,[0.20 - 0.40],277840555.158109,0x6739da32155891f6138d114b7cb83744d29325f2,OK
0xf0d8d8c22d1e80257deebd45706c4c4ec7f168ca,GRAVITON,new-york-city-mayoral-election,P50,P50,P99,[0.80 - 0.97],429614415.023426,0x0deb65e3a7811675c7b8e130be8bd01e5b98f543,OK
0xf0ed9e68e6cd3ee712260abeaec32de56a7d47d8,VECTOR,fed-decision-in-july,P99,P99,P90,[0.40 - 0.60],136613627.403447,0x3c689b2abca1a6e7bc47553788ba7b42ce062262,OK
0xf0f6b5ac824ea202d312f46e7f701eeae354f699,SIGNAL,eurovision-winner-2025,P90,P90,P50,[0.20 - 0.40],105911052.705064,0xc84ee7d2b96e67d9c627ebb249090158fae38abf,OK
0xf1023595751254e8cb8971aa5d1cfc2aa5827ebf,SUBSTRATE,2026-ncaa-tournament-winner,P50,P50,P70,[0.80 - 0.97],27378307.673206,0x20d48fb80001d3feaa99cd401992686c4545b5c2,OK
0xf142015c4f59b68bc78d17ffb4977d670f0957e7,EXTRACTOR,fed-decision-in-september,BASE,BASE,P90,[0.97 - 1.00],220591460.745363,0x3e678765dfd02483abc1473da551ef4d92c14fca,OK
0xf1528f12e645462c344799b62b1b421a6a4c64aa,EXTRACTOR,the-masters-winner-2026,BASE,BASE,P90,[0.97 - 1.00],126018047.396663,0x2e6b2a708f49ade1318ff25cd3aaa36a14ba7e74,OK
0xf1f06f49be8ce5681752ae80e660aeaace6858df,INSIDER,us-x-venezuela-military-engagement-by,P99,P99,P50,[0.00 - 0.20],87408771.528641,0x4ce9630c7bfa7eb953afc07fcfb0109241ae87af,OK
0xf1f9a438f2697381b4ac8eb283d6f4dd772d1245,EQUILIBRIUM,what-price-will-bitcoin-hit-in-march-2026,P90,P90,P99,[0.80 - 0.97],99554303.753586,0xc1d33505b4c19f998daf20e25b7859c4c1bc2850,OK
0xf20986f7c6b8e3ea603a7bb33797d5ba982597e1,VECTOR,what-price-will-bitcoin-hit-in-february-2026,P90,P90,P90,[0.40 - 0.60],121274308.347870,0xac9669ce68199dc3ee3b1337c69b99c61ed6eefd,OK
0xf29ff5f7b92d821e631ab37ad240a2dabf945cca,EQUILIBRIUM,what-price-will-bitcoin-hit-in-february-2026,P90,P90,P99,[0.80 - 0.97],121274308.347870,0xfe5b6e4030da2c10afe0cea323b11f11f3f61f5f,OK
0xf2b97b81c03fa23ece98b47a4dba2203dc997126,SUBSTRATE,iran-x-israelus-conflict-ends-by,P50,P50,P70,[0.80 - 0.97],100611326.572539,0x58546b4e97c608179c77112c459bd3aa346034be,OK
0xf2f0262cbe40ffe5f89f3ac184654e0659d7a7b7,EQUILIBRIUM,2026-ncaa-tournament-winner,P70,P70,P90,[0.60 - 0.80],27378307.673206,0xb73a036df238997b01ca2c71b27bd7b5f2434a07,OK
0xf2f6af4f27ec2dcf4072095ab804016e14cd5817,ANOMALY,romania-bucharest-mayoral-election,P90,P90,P90,[0.20 - 0.40],134249665.397437,0xdd42ffb8aabe818f7538d93c175a9f9e2da9990d,OK
0xf38baf077eff5a8df925685eae38ecabcbb97a1a,EQUILIBRIUM,romania-presidential-election-winner,P70,P70,P90,[0.40 - 0.60],234266874.453681,0x11d0d07ab3548c579c2675cecaa0d99cf8898484,OK
0xf42f4a4211d058cd109d503cf13f7bcdfc82a6a7,EQUILIBRIUM,what-price-will-bitcoin-hit-in-march-2026,P90,P90,P99,[0.80 - 0.97],99554303.753586,0xe5ac5dad6b3191e13f9b8b15535c472a13c4bbb9,OK
0xf4baccff188321440a1ed01a5d5fd89c3e1f5933,EQUILIBRIUM,fed-decision-in-october,P70,P70,P99,[0.80 - 0.97],252485550.016563,0xc9facd2c95eefe7da407494d94c38dfcfb40d4a8,OK
0xf5198df69e13937a40d1c76d6f72d9aa067d906b,EQUILIBRIUM,eurovision-winner-2025,P70,P70,P99,[0.80 - 0.97],105911052.705064,0xb1aa34eb35684f98f2b112ef4d302bf948eb39b2,OK
0xf5201f998333d228dafba270d01d8ff82b2c0637,ICARUS,nba-champion-2024-2025,P90,BASE,P99,[0.40 - 0.60],1712132663.961605,0x772c9db94ee83694a89b31e859759d8dd20c57fa,OK
0xf54159ffa1b1c17117fa5c440f74671521eb74f7,GRAVITON,next-prime-minster-of-canada,BASE,BASE,P90,[0.80 - 0.97],120985208.028161,0x8d19b593237f7fbde4b1b73649e143c05997ed72,OK
0xf596b60b1656ee6277c5e584c7c8203fc01a8c31,GRAVITON,fed-interest-rates-november-2024,P90,BASE,P90,[0.40 - 0.60],189537155.167586,0xd37d7e8f0d8c728ca6a9ce5ec41842761bc230c6,OK
0xf59fe344fb8af90a14bd6f2fe62430e56dc03be9,EQUILIBRIUM,what-price-will-bitcoin-hit-in-2025,P70,P90,P90,[0.80 - 0.97],188753254.123653,0xfe673bbdff22743a6a769f73f697bb4ec5171f46,OK
0xf5c49ad254b1d53ea0b86fb285dd3f11dc800926,EQUILIBRIUM,fed-decision-in-january,P90,P90,P99,[0.80 - 0.97],659499548.531115,0x779b400527494c5c195680cf2d58302648481d50,OK
0xf5e15d3344c35890f1aa716dca88e13eb9065ad0,EQUILIBRIUM,what-price-will-bitcoin-hit-in-january-2026,P90,P90,P99,[0.60 - 0.80],107746434.084592,0x76b171964b7aebbe7aadc697532c764c441166db,OK
0xf5f377973ea26777a71fa13c14fbedac36928255,SIGNAL,presidential-election-winner-2024,P99,P99,P99,[0.20 - 0.40],3686335059.295466,0xc35cfdc93b009131a5face32cef85ed5a2975002,OK
0xf5fe759cece500f58a431ef8dacea321f6e3e23d,GRAVITON,f1-drivers-champion,P50,BASE,P90,[0.60 - 0.80],159090251.150985,0xfb8624fa637be210279d30b5364baf2c0e932bb5,OK
0xf6415fa0aa9cb944c1c4afb9bc53ca82dd797b6f,GRAVITON,champions-league-winner-2025,P70,P50,P90,[0.40 - 0.60],1001676674.300988,0xd77d700155010ed43d160154ba2acedbc6cdc059,OK
0xf65506e2d5f55279d77bd67d3c80af6882ad7ea4,ANOMALY,super-bowl-champion-2026-731,P90,P90,P90,[0.20 - 0.40],704096822.722044,0x05217753fa7de2391a514cf88d39d0a89aac07fc,OK
0xf6891d5f12873776e4dc7c38fe586219a09b9d83,EQUILIBRIUM,super-bowl-champion-2026-731,P70,P70,P99,[0.60 - 0.80],704096822.722044,0x26425e1ea0a56b150e8df95dc58e538fdf79e7cc,OK
0xf68a281980f8c13828e84e147e3822381d6e5b1b,ANOMALY,f1-drivers-champion,P90,P90,P90,[0.20 - 0.40],159090251.150985,0x993c85ef9d0f25db3197d6b659622acbb451fee0,OK
0xf6ea56fa38789d4552b8e8a4d11d7f464e6e3ea8,GRAVITON,presidential-election-winner-2024,P50,P70,P90,[0.40 - 0.60],3686335059.295466,0x105f5e286be8a81d5b558637ec0ccdd4a658186c,OK
0xf705fa045201391d9632b7f3cde06a5e24453ca7,EQUILIBRIUM,what-price-will-bitcoin-hit-in-january-2026,P90,P90,P99,[0.80 - 0.97],107746434.084592,ERROR: no_contract_creation_tx_and_polymarket_profile_404,
0xf743f416caa37f672e8434a9132f681a8fa0ac84,EQUILIBRIUM,fed-decision-in-september,P90,P90,P99,[0.60 - 0.80],220591460.745363,0x28172957a4641f6bca4b753af368ffa811f57171,OK
0xf7850ebb60c10d5375fff6e596d55b69fdec05ed,EXTRACTOR,superbowl-champion-2025,BASE,BASE,P99,[0.97 - 1.00],1152274393.340837,0xe33142c30b0b83cd13b0caad9014bc997f9c70cd,OK
0xf797d4d1c038d1eb0593edae0e66bf8e4b2e0bf2,SIGNAL,iran-x-israelus-conflict-ends-by,P90,P90,P70,[0.20 - 0.40],100611326.572539,0xb8ab2ed3176f77e232205fb66698a61154ac0cfe,OK
0xf7bd9f758e100426a134ebf6d7f0b2eec90f2a37,EXTRACTOR,elon-musk-of-tweets-february-10-february-17,P50,P70,P99,[0.97 - 1.00],23970691.191498,0x917bfbd942017e54704aec0764bcf06014cd1fd6,OK
0xf7f0b0b1e9c0fe02ccad926916ee31aef74b912c,EXTRACTOR,what-price-will-bitcoin-hit-in-january-2026,BASE,BASE,P99,[0.97 - 1.00],107746434.084592,0x53163729d0c2812e9ec1b52dd279d4ac8ad3caaa,OK
0xf8ccb567e89c3240359217ebd0b5b5fe7fce5a82,SIGNAL,nba-champion-2024-2025,P99,P99,P90,[0.20 - 0.40],1712132663.961605,0x092028bc65d6378ad0f74a788c3dd9d0ca9fca00,OK
0xf9151529abce6aa8357b99707ec06607cf238720,VECTOR,what-price-will-bitcoin-hit-in-february-2026,P90,P90,P99,[0.40 - 0.60],121274308.347870,0xbf3254ac2e8bf508f524dbd6a53d07c407e24ca4,OK
0xf91ad32730d2c7e95e017700eec7412782fb4267,OPERATOR,presidential-election-popular-vote-winner-2024,P50,P50,P50,[0.40 - 0.60],628163458.451128,0xe99709a873538be8558dc85a37efe5a584abd7a8,OK
0xf94fe1799944b93b3b831b6f9f4f4aee1cdd78d7,BOT,what-price-will-bitcoin-hit-in-2025,BASE,BASE,BASE,[0.97 - 1.00],188753254.123653,0xea8b46969bd4a2ad624e8fd836762738f2a7568d,OK
0xf952cdf4f5a79013c1b9538dd2e13fc449276d26,GRAVITON,presidential-election-winner-2024,BASE,P50,P99,[0.60 - 0.80],3686335059.295466,0xd940a5db535a24fc5d5089e62e93c73ef31a0cd3,OK
0xf9885da150836378ce5689395ff4d194683fd63b,ANOMALY,2026-ncaa-tournament-winner,P90,P90,P90,[0.20 - 0.40],27378307.673206,0x6e6c20f4cb1edf0be245cc0f862668ea730cfc26,OK
0xf989bd9c62b1eae2c388515fcc766527a8b147cc,SIGNAL,f1-drivers-champion,P99,P99,P90,[0.20 - 0.40],159090251.150985,0xc4ff7b16057bb5b33416ad9869e6210ac0356261,OK
0xf98b622967de1bfc84585ea7abdf1f9199a3bfc5,VECTOR,fed-decision-in-september,P90,P90,P90,[0.40 - 0.60],220591460.745363,0x7177edd4e52e01f5f78093a8834529c31424c621,OK
0xf9b6943d8cce124603a8c7ef8a02191a487761ce,EXTRACTOR,superbowl-champion-2025,BASE,BASE,P99,[0.97 - 1.00],1152274393.340837,0x4aff45db38763ec934a002618a75055165a21788,OK
0xf9b71663d723d28fa455db659098e1dacde860a4,EQUILIBRIUM,will-the-iranian-regime-fall-by-march-31,P90,P70,P90,[0.60 - 0.80],63229537.941050,0xa1fa2f4cbe7738edb1359a9cd57109571b3565f5,OK
0xf9e60f3fd62105dac25f15643979bd59eefb53ef,EQUILIBRIUM,presidential-election-winner-2024,P70,P90,P99,[0.40 - 0.60],3686335059.295466,0x0a87ff5582027988c22248583061c5513c1e1b4a,OK
0xf9f207b77137caa79c6c4516abdef3133db45cba,EQUILIBRIUM,winter-games-2026-ice-hockey-gold-medal-winner,P90,P70,P70,[0.20 - 0.40],19541942.551562,0xbaa26a47ac05ecfa084d19336899fa6a339509cf,OK
0xf9f5581d4d7a599b8e2f8d1b1b0e29ca0218227a,EQUILIBRIUM,presidential-election-winner-2024,P70,P90,P99,[0.40 - 0.60],3686335059.295466,0x05cf66fc8021ea9e26b2766163f03be8eeaf7845,OK
0xf9fe29004c5a905c7b78bbb930ac57feea67366b,EQUILIBRIUM,nba-champion-2024-2025,P90,P90,P99,[0.80 - 0.97],1712132663.961605,0x44d46cd6c6d5acc6073b8222562bcb6cc84aed60,OK
0xfa1991cd8082174eedce066381c6565d6fbd4f3c,GRAVITON,presidential-election-winner-2024,BASE,BASE,P99,[0.60 - 0.80],3686335059.295466,0xb2929cd026a23aac1b5d5699e56c9dff26b60eb3,OK
0xfa53065aeda716621f6e2939bea2a00d75cd0149,SIGNAL,nfl-mvp-1,P90,P90,P99,[0.20 - 0.40],182452890.884702,0xe596607344348723aa3e9a1a8551577dcca6c5b5,OK
0xfacd5eb6566d469f71fb42415177c74eb27d9109,VECTOR,ireland-presidential-election,P90,P90,P99,[0.40 - 0.60],152026239.339043,0xf7dea91790d7d4c23b22b46e6005582e4d0d3c89,OK
0xfb1c3c1ab4fb2d0cbcbb9538c8d4d357dd95963e,EQUILIBRIUM,what-price-will-bitcoin-hit-in-2025,P70,P70,P99,[0.80 - 0.97],188753254.123653,0xfb1c3c1ab4fb2d0cbcbb9538c8d4d357dd95963e,SELF_EOA
0xfb512d428db90455c9507d2578cc306b2701082d,GRAVITON,the-masters-winner-2026,P50,P50,P90,[0.80 - 0.97],126018047.396663,0x4d6dd1aba63ff7cc3b0fdded4ff613e366b1528a,UNVERIFIED_NO_PROFILE
0xfb681e23db8d1cca8a6b7e2a70a29e000ddfa240,ANOMALY,super-bowl-champion-2026-731,P90,P90,P90,[0.20 - 0.40],704096822.722044,0x434121181bce9e40f5b9d8413b6a4855e0dad38e,OK
0xfb79181a9d9dcaceda40803c0aeb55f6c58ec2c6,EQUILIBRIUM,champions-league-winner-2025,P70,P70,P99,[0.80 - 0.97],1001676674.300988,0x58a4a13d2b427e81c1d65393e4792ad934775f32,OK
0xfb81f27f1c8758d477332f8e751322c424da1cf3,EQUILIBRIUM,will-zelenskyy-wear-a-suit-before-july,P70,P70,P70,[0.80 - 0.97],242231180.272023,0x36fd2f13bbabc0fe588b92cad140a9eedad0177d,OK
0xfbc1a68013513ccff9a78538bcf4f5434b4845a9,EQUILIBRIUM,romania-presidential-election-winner,P70,P70,P90,[0.20 - 0.40],234266874.453681,0x6e82554d7c496baccc8d0bcb104a50b772d22a1f,OK
0xfbfd14dd4bb607373119de95f1d4b21c3b6c0029,INSIDER,which-crypto-company-will-zachxbt-expose-for-insider-trading,P99,P99,BASE,[0.00 - 0.20],39650755.318580,0xb8ec07412bd33deaf61eab5e1e7ba53661dde071,OK
0xfc25f141ed27bb1787338d2c4e7f51e3a15e1f7f,ANOMALY,fed-decision-in-october,P99,P99,P99,[0.00 - 0.20],252485550.016563,0x16e3a7afe4dd8a9948672f60b9aaf66934964ac1,OK
0xfc2f4f50ce2f6045d35558a5e2d8d4b2ac6610c7,EQUILIBRIUM,us-next-strikes-iran-on-843,P90,P90,P99,[0.80 - 0.97],56607533.530307,0x97b01a500bb8d49f6a829bfc5bfc890ace8eec0c,OK
0xfc3205a86c34ba398eafa3c39951bbfcc876996b,SIGNAL,romania-presidential-election-winner,P90,P90,P99,[0.20 - 0.40],234266874.453681,0xb2d06b4ef68b4e3a1ef4f232f411a4adee4f2896,OK
0xfcb034faade540c47ad37e582f6e0c762feac865,EQUILIBRIUM,nba-champion-2024-2025,P90,P90,P99,[0.60 - 0.80],1712132663.961605,0x88be136c40ee4151efc26d08cab7add22687af57,OK
0xfcbecc7e5186e88e03445b81f593685d62828f44,PASSENGER,what-price-will-bitcoin-hit-in-february-2026,BASE,P50,P90,[0.97 - 1.00],121274308.347870,0xfc25fef99cfe99272a9f971b3e2d68cf3ec1d623,OK
0xfcc6ba363f61dd06309cada198bd22b910c78283,GRAVITON,lighter-market-cap-fdv-one-day-after-launch,P50,BASE,P99,[0.80 - 0.97],106735062.224516,0xc86e15edf575c511a0d7af9552003edd31a03ac9,OK
0xfcf2378f20cf408d077c21e731272f21cccea469,SIGNAL,what-price-will-bitcoin-hit-in-february-2026,P99,P90,P90,[0.20 - 0.40],121274308.347870,0xebf5b538b636ee1722bb716502292cb6dbf7f88a,OK
0xfd2b117412a698f322b0cd18d6827dad262b8e50,EQUILIBRIUM,stanley-cup-winner,P90,P90,P90,[0.80 - 0.97],249254121.669859,0xa32ab8532f2160c89d4d4bbfdab557937b0859e1,OK
0xfd39b573bc2aa618c9bc226624e985133c1d109d,GRAVITON,2026-ncaa-tournament-winner,P50,BASE,P90,[0.80 - 0.97],27378307.673206,0x8f8b4759dc93ca55bd6997df719f20f581f10f5c,OK
0xfd4263b3ad08226034fe1b1ea678a46d80b58895,SIGNAL,us-next-strikes-iran-on-843,P90,P90,P70,[0.20 - 0.40],56607533.530307,0x3e903f4955982a4d54c8218b3237545d2cfc0555,OK
0xfd691577dc6a9d21e9611b93ef9177d36738a2e1,EQUILIBRIUM,2025-national-heads-up-poker-championship-winner-845,P70,P90,P99,[0.80 - 0.97],235976211.664435,0xd67b29995f4202d8537a4e58a51668c70f26e06f,OK
0xfdc07e182e6f959256295567e450a8727272fa79,EXTRACTOR,fed-decision-in-march-885,BASE,BASE,P99,[0.97 - 1.00],260075340.359646,0xb239159f41cd8f79d0e71be753d6988c6b501ee6,OK
0xfe175c90c4152392978fa402ed871657881298e9,GRAVITON,fed-decision-in-september,BASE,BASE,P90,[0.80 - 0.97],220591460.745363,0x0adde8fde1f85f56ef629e03e9fd564985dbaba6,OK
0xfea31bc088000ff909be1dfd8d0e3f2c7ef2d227,GRAVITON,the-masters-winner-2026,P50,P70,P99,[0.60 - 0.80],126018047.396663,0x343fd2d0d8e815bc45c7f6ad068fad58ec274058,OK
0xfeb581080aee6dc26c264a647b30a9cd44d5a393,VECTOR,what-price-will-bitcoin-hit-in-march-2026,P90,P90,P90,[0.40 - 0.60],99554303.753586,0xd9bb117f18c8ebd225a4edb8fe71ccf7634b89ed,OK
0xfee561fbe96d2fdc5e7b3fe4e492f091e8bba679,OPERATOR,will-crude-oil-cl-hit-by-end-of-march,P70,P70,BASE,[0.60 - 0.80],84160555.120290,0x7aa57140bec9e66a080420a9f08ebb62ee528e5c,OK
0xfefb4ab20c207f11278c222e5276546727f74b5d,SIGNAL,super-bowl-champion-2026-731,P90,P90,P99,[0.20 - 0.40],704096822.722044,0x28b68fc280a0d6709f33b6089c8bb96d39bc397a,OK
0xff165cf8eb75ee77933a7544d7cd600ccb2c7511,SIGNAL,presidential-election-popular-vote-winner-2024,P90,P90,P70,[0.20 - 0.40],628163458.451128,0x892b3a16548ded65c35859419ee7504528ae7225,OK
0xff2b870c02067bff6b4153bb7ad167680a2c527a,ANOMALY,romania-presidential-election-winner,P90,P90,P90,[0.20 - 0.40],234266874.453681,0x88e8176f46d52854183874e479d0c3cdaad9454e,OK
0xff30ac5b2cb4822a1b15604ac90659ef71314a37,SIGNAL,fed-decision-in-december,P99,P90,P90,[0.20 - 0.40],393905949.377453,0x17cb4294ab0e6d81dd9a7d37a331d6c4f50ece04,OK
0xff34c2cc46e7624310f3549ea355540d57a4694b,EQUILIBRIUM,nba-eastern-conference-champion,P70,P70,P90,[0.40 - 0.60],287395629.769278,0xff34c2cc46e7624310f3549ea355540d57a4694b,SELF_EOA
0xff48ad1a65008847c2b6fc41fab404ffba74b0ec,GRAVITON,presidential-election-winner-2024,P50,P70,P99,[0.40 - 0.60],3686335059.295466,0xf75a0bf2cb8c87ce64c4d379e4c9e55e7dec87be,OK
0xff91aff2e663ef5753063241755ae6de10a8a1ed,INSIDER,us-next-strikes-iran-on-843,P90,P99,P90,[0.00 - 0.20],56607533.530307,0xf786bab21134ecf9723ff782fb10c19c4e50af5c,OK
0xffb0b9b292e406fd250854a35a0c9bd5612afa37,GRAVITON,iran-x-israelus-conflict-ends-by,P50,P70,P90,[0.60 - 0.80],100611326.572539,0x7781b328225a6fdc629fba05840b11b2c303f715,OK
0xffee68014e1789aee7e2f7e1545d7dc5c3395d13,GRAVITON,next-president-of-south-korea,BASE,BASE,P99,[0.80 - 0.97],290745774.792026,0xc7b335bdcac25b9f45bba055fa4ffb370abf867c,OK
0xfffadf38a520cd5a0035ff52d7fceb436a08864b,EQUILIBRIUM,fed-interest-rates-january-2025,P90,P90,P99,[0.80 - 0.97],190915049.199301,0x84003925fb27be5f45e53baa3f8ebfe16485d887,OK
